timestamp,meter_id,usage_liters,location,building,occupancy,latitude,longitude,meter_capacity,activity_type,ground_truth_anomaly,anomaly_type_label
2026-09-03 20:00:00,MTR-SCI-01,464.4,North Campus,Science Complex,450,37.774649,-122.418499,5000.0,Academic Lab,False,Normal
2026-09-03 21:00:00,MTR-SCI-01,409.92,North Campus,Science Complex,450,37.774649,-122.418499,5000.0,Academic Lab,False,Normal
2026-09-03 22:00:00,MTR-SCI-01,217.61,North Campus,Science Complex,450,37.774649,-122.418499,5000.0,Academic Lab,False,Normal
2026-09-03 23:00:00,MTR-SCI-01,69.77,North Campus,Science Complex,450,37.774649,-122.418499,5000.0,Academic Lab,False,Normal
2026-09-04 00:00:00,MTR-SCI-01,79.13,North Campus,Science Complex,450,37.774649,-122.418499,5000.0,Academic Lab,False,Normal
2026-09-04 01:00:00,MTR-SCI-01,5.0,North Campus,Science Complex,450,37.774649,-122.418499,5000.0,Academic Lab,False,Normal
2026-09-04 02:00:00,MTR-SCI-01,5.0,North Campus,Science Complex,450,37.774649,-122.418499,5000.0,Academic Lab,False,Normal
2026-09-04 03:00:00,MTR-SCI-01,56.04,North Campus,Science Complex,450,37.774649,-122.418499,5000.0,Academic Lab,False,Normal
2026-09-04 04:00:00,MTR-SCI-01,36.64,North Campus,Science Complex,450,37.774649,-122.418499,5000.0,Academic Lab,False,Normal
2026-09-04 05:00:00,MTR-SCI-01,115.42,North Campus,Science Complex,450,37.774649,-122.418499,5000.0,Academic Lab,False,Normal
2026-09-04 06:00:00,MTR-SCI-01,279.51,North Campus,Science Complex,450,37.774649,-122.418499,5000.0,Academic Lab,False,Normal
2026-09-04 07:00:00,MTR-SCI-01,644.34,North Campus,Science Complex,450,37.774649,-122.418499,5000.0,Academic Lab,False,Normal
2026-09-04 08:00:00,MTR-SCI-01,797.32,North Campus,Science Complex,450,37.774649,-122.418499,5000.0,Academic Lab,False,Normal
2026-09-04 09:00:00,MTR-SCI-01,586.77,North Campus,Science Complex,450,37.774649,-122.418499,5000.0,Academic Lab,False,Normal
2026-09-04 10:00:00,MTR-SCI-01,531.48,North Campus,Science Complex,450,37.774649,-122.418499,5000.0,Academic Lab,False,Normal
2026-09-04 11:00:00,MTR-SCI-01,669.99,North Campus,Science Complex,450,37.774649,-122.418499,5000.0,Academic Lab,False,Normal
2026-09-04 12:00:00,MTR-SCI-01,768.43,North Campus,Science Complex,450,37.774649,-122.418499,5000.0,Academic Lab,False,Normal
2026-09-04 13:00:00,MTR-SCI-01,618.03,North Campus,Science Complex,450,37.774649,-122.418499,5000.0,Academic Lab,False,Normal
2026-09-04 14:00:00,MTR-SCI-01,555.42,North Campus,Science Complex,450,37.774649,-122.418499,5000.0,Academic Lab,False,Normal
2026-09-04 15:00:00,MTR-SCI-01,522.4,North Campus,Science Complex,450,37.774649,-122.418499,5000.0,Academic Lab,False,Normal
2026-09-04 16:00:00,MTR-SCI-01,566.82,North Campus,Science Complex,450,37.774649,-122.418499,5000.0,Academic Lab,False,Normal
2026-09-04 17:00:00,MTR-SCI-01,730.49,North Campus,Science Complex,450,37.774649,-122.418499,5000.0,Academic Lab,False,Normal
2026-09-04 18:00:00,MTR-SCI-01,726.09,North Campus,Science Complex,450,37.774649,-122.418499,5000.0,Academic Lab,False,Normal
2026-09-04 19:00:00,MTR-SCI-01,620.82,North Campus,Science Complex,450,37.774649,-122.418499,5000.0,Academic Lab,False,Normal
2026-09-04 20:00:00,MTR-SCI-01,507.09,North Campus,Science Complex,450,37.774649,-122.418499,5000.0,Academic Lab,True,Normal
2026-09-04 21:00:00,MTR-SCI-01,457.74,North Campus,Science Complex,450,37.774649,-122.418499,5000.0,Academic Lab,False,Normal
2026-09-04 22:00:00,MTR-SCI-01,292.51,North Campus,Science Complex,450,37.774649,-122.418499,5000.0,Academic Lab,False,Normal
2026-09-04 23:00:00,MTR-SCI-01,154.91,North Campus,Science Complex,450,37.774649,-122.418499,5000.0,Academic Lab,False,Normal
2026-09-05 00:00:00,MTR-SCI-01,53.71,North Campus,Science Complex,450,37.774649,-122.418499,5000.0,Academic Lab,False,Normal
2026-09-05 01:00:00,MTR-SCI-01,27.64,North Campus,Science Complex,450,37.774649,-122.418499,5000.0,Academic Lab,False,Normal
2026-09-05 02:00:00,MTR-SCI-01,5.0,North Campus,Science Complex,450,37.774649,-122.418499,5000.0,Academic Lab,False,Normal
2026-09-05 03:00:00,MTR-SCI-01,5.0,North Campus,Science Complex,450,37.774649,-122.418499,5000.0,Academic Lab,False,Normal
2026-09-05 04:00:00,MTR-SCI-01,5.0,North Campus,Science Complex,450,37.774649,-122.418499,5000.0,Academic Lab,False,Normal
2026-09-05 05:00:00,MTR-SCI-01,70.54,North Campus,Science Complex,450,37.774649,-122.418499,5000.0,Academic Lab,False,Normal
2026-09-05 06:00:00,MTR-SCI-01,59.98,North Campus,Science Complex,450,37.774649,-122.418499,5000.0,Academic Lab,False,Normal
2026-09-05 07:00:00,MTR-SCI-01,272.55,North Campus,Science Complex,450,37.774649,-122.418499,5000.0,Academic Lab,False,Normal
2026-09-05 08:00:00,MTR-SCI-01,242.29,North Campus,Science Complex,450,37.774649,-122.418499,5000.0,Academic Lab,False,Normal
2026-09-05 09:00:00,MTR-SCI-01,236.34,North Campus,Science Complex,450,37.774649,-122.418499,5000.0,Academic Lab,False,Normal
2026-09-05 10:00:00,MTR-SCI-01,202.52,North Campus,Science Complex,450,37.774649,-122.418499,5000.0,Academic Lab,False,Normal
2026-09-05 11:00:00,MTR-SCI-01,270.84,North Campus,Science Complex,450,37.774649,-122.418499,5000.0,Academic Lab,False,Normal
2026-09-05 12:00:00,MTR-SCI-01,270.55,North Campus,Science Complex,450,37.774649,-122.418499,5000.0,Academic Lab,False,Normal
2026-09-05 13:00:00,MTR-SCI-01,171.98,North Campus,Science Complex,450,37.774649,-122.418499,5000.0,Academic Lab,False,Normal
2026-09-05 14:00:00,MTR-SCI-01,201.57,North Campus,Science Complex,450,37.774649,-122.418499,5000.0,Academic Lab,False,Normal
2026-09-05 15:00:00,MTR-SCI-01,211.9,North Campus,Science Complex,450,37.774649,-122.418499,5000.0,Academic Lab,False,Normal
2026-09-05 16:00:00,MTR-SCI-01,145.2,North Campus,Science Complex,450,37.774649,-122.418499,5000.0,Academic Lab,False,Normal
2026-09-05 17:00:00,MTR-SCI-01,276.96,North Campus,Science Complex,450,37.774649,-122.418499,5000.0,Academic Lab,False,Normal
2026-09-05 18:00:00,MTR-SCI-01,232.61,North Campus,Science Complex,450,37.774649,-122.418499,5000.0,Academic Lab,False,Normal
2026-09-05 19:00:00,MTR-SCI-01,165.8,North Campus,Science Complex,450,37.774649,-122.418499,5000.0,Academic Lab,False,Normal
2026-09-05 20:00:00,MTR-SCI-01,173.79,North Campus,Science Complex,450,37.774649,-122.418499,5000.0,Academic Lab,False,Normal
2026-09-05 21:00:00,MTR-SCI-01,116.39,North Campus,Science Complex,450,37.774649,-122.418499,5000.0,Academic Lab,False,Normal
2026-09-05 22:00:00,MTR-SCI-01,34.14,North Campus,Science Complex,450,37.774649,-122.418499,5000.0,Academic Lab,False,Normal
2026-09-05 23:00:00,MTR-SCI-01,5.0,North Campus,Science Complex,450,37.774649,-122.418499,5000.0,Academic Lab,False,Normal
2026-09-06 00:00:00,MTR-SCI-01,105.97,North Campus,Science Complex,450,37.774649,-122.418499,5000.0,Academic Lab,False,Normal
2026-09-06 01:00:00,MTR-SCI-01,11.58,North Campus,Science Complex,450,37.774649,-122.418499,5000.0,Academic Lab,False,Normal
2026-09-06 02:00:00,MTR-SCI-01,5.0,North Campus,Science Complex,450,37.774649,-122.418499,5000.0,Academic Lab,False,Normal
2026-09-06 03:00:00,MTR-SCI-01,5.0,North Campus,Science Complex,450,37.774649,-122.418499,5000.0,Academic Lab,False,Normal
2026-09-06 04:00:00,MTR-SCI-01,20.76,North Campus,Science Complex,450,37.774649,-122.418499,5000.0,Academic Lab,False,Normal
2026-09-06 05:00:00,MTR-SCI-01,43.44,North Campus,Science Complex,450,37.774649,-122.418499,5000.0,Academic Lab,False,Normal
2026-09-06 06:00:00,MTR-SCI-01,67.13,North Campus,Science Complex,450,37.774649,-122.418499,5000.0,Academic Lab,False,Normal
2026-09-06 07:00:00,MTR-SCI-01,259.23,North Campus,Science Complex,450,37.774649,-122.418499,5000.0,Academic Lab,False,Normal
2026-09-06 08:00:00,MTR-SCI-01,264.71,North Campus,Science Complex,450,37.774649,-122.418499,5000.0,Academic Lab,False,Normal
2026-09-06 09:00:00,MTR-SCI-01,236.83,North Campus,Science Complex,450,37.774649,-122.418499,5000.0,Academic Lab,False,Normal
2026-09-06 10:00:00,MTR-SCI-01,263.35,North Campus,Science Complex,450,37.774649,-122.418499,5000.0,Academic Lab,False,Normal
2026-09-06 11:00:00,MTR-SCI-01,275.11,North Campus,Science Complex,450,37.774649,-122.418499,5000.0,Academic Lab,False,Normal
2026-09-06 12:00:00,MTR-SCI-01,346.36,North Campus,Science Complex,450,37.774649,-122.418499,5000.0,Academic Lab,False,Normal
2026-09-06 13:00:00,MTR-SCI-01,264.04,North Campus,Science Complex,450,37.774649,-122.418499,5000.0,Academic Lab,False,Normal
2026-09-06 14:00:00,MTR-SCI-01,225.69,North Campus,Science Complex,450,37.774649,-122.418499,5000.0,Academic Lab,False,Normal
2026-09-06 15:00:00,MTR-SCI-01,161.91,North Campus,Science Complex,450,37.774649,-122.418499,5000.0,Academic Lab,False,Normal
2026-09-06 16:00:00,MTR-SCI-01,254.57,North Campus,Science Complex,450,37.774649,-122.418499,5000.0,Academic Lab,False,Normal
2026-09-06 17:00:00,MTR-SCI-01,224.73,North Campus,Science Complex,450,37.774649,-122.418499,5000.0,Academic Lab,False,Normal
2026-09-06 18:00:00,MTR-SCI-01,328.29,North Campus,Science Complex,450,37.774649,-122.418499,5000.0,Academic Lab,False,Normal
2026-09-06 19:00:00,MTR-SCI-01,226.08,North Campus,Science Complex,450,37.774649,-122.418499,5000.0,Academic Lab,False,Normal
2026-09-06 20:00:00,MTR-SCI-01,216.39,North Campus,Science Complex,450,37.774649,-122.418499,5000.0,Academic Lab,False,Normal
2026-09-06 21:00:00,MTR-SCI-01,112.73,North Campus,Science Complex,450,37.774649,-122.418499,5000.0,Academic Lab,False,Normal
2026-09-06 22:00:00,MTR-SCI-01,106.55,North Campus,Science Complex,450,37.774649,-122.418499,5000.0,Academic Lab,False,Normal
2026-09-06 23:00:00,MTR-SCI-01,5.0,North Campus,Science Complex,450,37.774649,-122.418499,5000.0,Academic Lab,False,Normal
2026-09-07 00:00:00,MTR-SCI-01,42.26,North Campus,Science Complex,450,37.774649,-122.418499,5000.0,Academic Lab,False,Normal
2026-09-07 01:00:00,MTR-SCI-01,78.51,North Campus,Science Complex,450,37.774649,-122.418499,5000.0,Academic Lab,False,Normal
2026-09-07 02:00:00,MTR-SCI-01,15.25,North Campus,Science Complex,450,37.774649,-122.418499,5000.0,Academic Lab,False,Normal
2026-09-07 03:00:00,MTR-SCI-01,19.45,North Campus,Science Complex,450,37.774649,-122.418499,5000.0,Academic Lab,False,Normal
2026-09-07 04:00:00,MTR-SCI-01,63.66,North Campus,Science Complex,450,37.774649,-122.418499,5000.0,Academic Lab,False,Normal
2026-09-07 05:00:00,MTR-SCI-01,147.73,North Campus,Science Complex,450,37.774649,-122.418499,5000.0,Academic Lab,False,Normal
2026-09-07 06:00:00,MTR-SCI-01,319.37,North Campus,Science Complex,450,37.774649,-122.418499,5000.0,Academic Lab,False,Normal
2026-09-07 07:00:00,MTR-SCI-01,644.05,North Campus,Science Complex,450,37.774649,-122.418499,5000.0,Academic Lab,False,Normal
2026-09-07 08:00:00,MTR-SCI-01,801.31,North Campus,Science Complex,450,37.774649,-122.418499,5000.0,Academic Lab,False,Normal
2026-09-07 09:00:00,MTR-SCI-01,627.27,North Campus,Science Complex,450,37.774649,-122.418499,5000.0,Academic Lab,False,Normal
2026-09-07 10:00:00,MTR-SCI-01,612.19,North Campus,Science Complex,450,37.774649,-122.418499,5000.0,Academic Lab,False,Normal
2026-09-07 11:00:00,MTR-SCI-01,706.89,North Campus,Science Complex,450,37.774649,-122.418499,5000.0,Academic Lab,False,Normal
2026-09-07 12:00:00,MTR-SCI-01,698.21,North Campus,Science Complex,450,37.774649,-122.418499,5000.0,Academic Lab,False,Normal
2026-09-07 13:00:00,MTR-SCI-01,566.48,North Campus,Science Complex,450,37.774649,-122.418499,5000.0,Academic Lab,False,Normal
2026-09-07 14:00:00,MTR-SCI-01,559.93,North Campus,Science Complex,450,37.774649,-122.418499,5000.0,Academic Lab,False,Normal
2026-09-07 15:00:00,MTR-SCI-01,519.05,North Campus,Science Complex,450,37.774649,-122.418499,5000.0,Academic Lab,False,Normal
2026-09-07 16:00:00,MTR-SCI-01,620.92,North Campus,Science Complex,450,37.774649,-122.418499,5000.0,Academic Lab,False,Normal
2026-09-07 17:00:00,MTR-SCI-01,726.47,North Campus,Science Complex,450,37.774649,-122.418499,5000.0,Academic Lab,False,Normal
2026-09-07 18:00:00,MTR-SCI-01,805.5,North Campus,Science Complex,450,37.774649,-122.418499,5000.0,Academic Lab,False,Normal
2026-09-07 19:00:00,MTR-SCI-01,642.5,North Campus,Science Complex,450,37.774649,-122.418499,5000.0,Academic Lab,False,Normal
2026-09-07 20:00:00,MTR-SCI-01,534.2,North Campus,Science Complex,450,37.774649,-122.418499,5000.0,Academic Lab,False,Normal
2026-09-07 21:00:00,MTR-SCI-01,449.66,North Campus,Science Complex,450,37.774649,-122.418499,5000.0,Academic Lab,False,Normal
2026-09-07 22:00:00,MTR-SCI-01,307.57,North Campus,Science Complex,450,37.774649,-122.418499,5000.0,Academic Lab,False,Normal
2026-09-07 23:00:00,MTR-SCI-01,72.57,North Campus,Science Complex,450,37.774649,-122.418499,5000.0,Academic Lab,False,Normal
2026-09-08 00:00:00,MTR-SCI-01,76.19,North Campus,Science Complex,450,37.774649,-122.418499,5000.0,Academic Lab,False,Normal
2026-09-08 01:00:00,MTR-SCI-01,5.0,North Campus,Science Complex,450,37.774649,-122.418499,5000.0,Academic Lab,False,Normal
2026-09-08 02:00:00,MTR-SCI-01,5.0,North Campus,Science Complex,450,37.774649,-122.418499,5000.0,Academic Lab,False,Normal
2026-09-08 03:00:00,MTR-SCI-01,30.83,North Campus,Science Complex,450,37.774649,-122.418499,5000.0,Academic Lab,False,Normal
2026-09-08 04:00:00,MTR-SCI-01,55.91,North Campus,Science Complex,450,37.774649,-122.418499,5000.0,Academic Lab,False,Normal
2026-09-08 05:00:00,MTR-SCI-01,141.22,North Campus,Science Complex,450,37.774649,-122.418499,5000.0,Academic Lab,False,Normal
2026-09-08 06:00:00,MTR-SCI-01,241.38,North Campus,Science Complex,450,37.774649,-122.418499,5000.0,Academic Lab,False,Normal
2026-09-08 07:00:00,MTR-SCI-01,663.11,North Campus,Science Complex,450,37.774649,-122.418499,5000.0,Academic Lab,False,Normal
2026-09-08 08:00:00,MTR-SCI-01,709.17,North Campus,Science Complex,450,37.774649,-122.418499,5000.0,Academic Lab,False,Normal
2026-09-08 09:00:00,MTR-SCI-01,570.45,North Campus,Science Complex,450,37.774649,-122.418499,5000.0,Academic Lab,False,Normal
2026-09-08 10:00:00,MTR-SCI-01,538.83,North Campus,Science Complex,450,37.774649,-122.418499,5000.0,Academic Lab,False,Normal
2026-09-08 11:00:00,MTR-SCI-01,718.58,North Campus,Science Complex,450,37.774649,-122.418499,5000.0,Academic Lab,False,Normal
2026-09-08 12:00:00,MTR-SCI-01,774.31,North Campus,Science Complex,450,37.774649,-122.418499,5000.0,Academic Lab,False,Normal
2026-09-08 13:00:00,MTR-SCI-01,592.74,North Campus,Science Complex,450,37.774649,-122.418499,5000.0,Academic Lab,False,Normal
2026-09-08 14:00:00,MTR-SCI-01,486.72,North Campus,Science Complex,450,37.774649,-122.418499,5000.0,Academic Lab,False,Normal
2026-09-08 15:00:00,MTR-SCI-01,553.72,North Campus,Science Complex,450,37.774649,-122.418499,5000.0,Academic Lab,False,Normal
2026-09-08 16:00:00,MTR-SCI-01,27.79,North Campus,Science Complex,450,37.774649,-122.418499,5000.0,Academic Lab,True,Sudden Drop
2026-09-08 17:00:00,MTR-SCI-01,695.39,North Campus,Science Complex,450,37.774649,-122.418499,5000.0,Academic Lab,False,Normal
2026-09-08 18:00:00,MTR-SCI-01,767.1,North Campus,Science Complex,450,37.774649,-122.418499,5000.0,Academic Lab,False,Normal
2026-09-08 19:00:00,MTR-SCI-01,676.76,North Campus,Science Complex,450,37.774649,-122.418499,5000.0,Academic Lab,False,Normal
2026-09-08 20:00:00,MTR-SCI-01,487.72,North Campus,Science Complex,450,37.774649,-122.418499,5000.0,Academic Lab,False,Normal
2026-09-08 21:00:00,MTR-SCI-01,371.69,North Campus,Science Complex,450,37.774649,-122.418499,5000.0,Academic Lab,False,Normal
2026-09-08 22:00:00,MTR-SCI-01,252.99,North Campus,Science Complex,450,37.774649,-122.418499,5000.0,Academic Lab,False,Normal
2026-09-08 23:00:00,MTR-SCI-01,105.52,North Campus,Science Complex,450,37.774649,-122.418499,5000.0,Academic Lab,False,Normal
2026-09-09 00:00:00,MTR-SCI-01,59.49,North Campus,Science Complex,450,37.774649,-122.418499,5000.0,Academic Lab,False,Normal
2026-09-09 01:00:00,MTR-SCI-01,54.19,North Campus,Science Complex,450,37.774649,-122.418499,5000.0,Academic Lab,False,Normal
2026-09-09 02:00:00,MTR-SCI-01,5.0,North Campus,Science Complex,450,37.774649,-122.418499,5000.0,Academic Lab,False,Normal
2026-09-09 03:00:00,MTR-SCI-01,27.1,North Campus,Science Complex,450,37.774649,-122.418499,5000.0,Academic Lab,False,Normal
2026-09-09 04:00:00,MTR-SCI-01,83.49,North Campus,Science Complex,450,37.774649,-122.418499,5000.0,Academic Lab,False,Normal
2026-09-09 05:00:00,MTR-SCI-01,75.53,North Campus,Science Complex,450,37.774649,-122.418499,5000.0,Academic Lab,False,Normal
2026-09-09 06:00:00,MTR-SCI-01,377.38,North Campus,Science Complex,450,37.774649,-122.418499,5000.0,Academic Lab,False,Normal
2026-09-09 07:00:00,MTR-SCI-01,762.52,North Campus,Science Complex,450,37.774649,-122.418499,5000.0,Academic Lab,False,Normal
2026-09-09 08:00:00,MTR-SCI-01,764.43,North Campus,Science Complex,450,37.774649,-122.418499,5000.0,Academic Lab,False,Normal
2026-09-09 09:00:00,MTR-SCI-01,654.52,North Campus,Science Complex,450,37.774649,-122.418499,5000.0,Academic Lab,False,Normal
2026-09-09 10:00:00,MTR-SCI-01,567.48,North Campus,Science Complex,450,37.774649,-122.418499,5000.0,Academic Lab,False,Normal
2026-09-09 11:00:00,MTR-SCI-01,924.21,North Campus,Science Complex,450,37.774649,-122.418499,5000.0,Academic Lab,True,Gradual Increase
2026-09-09 12:00:00,MTR-SCI-01,810.91,North Campus,Science Complex,450,37.774649,-122.418499,5000.0,Academic Lab,False,Normal
2026-09-09 13:00:00,MTR-SCI-01,583.45,North Campus,Science Complex,450,37.774649,-122.418499,5000.0,Academic Lab,False,Normal
2026-09-09 14:00:00,MTR-SCI-01,497.03,North Campus,Science Complex,450,37.774649,-122.418499,5000.0,Academic Lab,False,Normal
2026-09-09 15:00:00,MTR-SCI-01,520.69,North Campus,Science Complex,450,37.774649,-122.418499,5000.0,Academic Lab,False,Normal
2026-09-09 16:00:00,MTR-SCI-01,593.08,North Campus,Science Complex,450,37.774649,-122.418499,5000.0,Academic Lab,False,Normal
2026-09-09 17:00:00,MTR-SCI-01,710.97,North Campus,Science Complex,450,37.774649,-122.418499,5000.0,Academic Lab,False,Normal
2026-09-09 18:00:00,MTR-SCI-01,780.33,North Campus,Science Complex,450,37.774649,-122.418499,5000.0,Academic Lab,False,Normal
2026-09-09 19:00:00,MTR-SCI-01,617.65,North Campus,Science Complex,450,37.774649,-122.418499,5000.0,Academic Lab,False,Normal
2026-09-09 20:00:00,MTR-SCI-01,506.97,North Campus,Science Complex,450,37.774649,-122.418499,5000.0,Academic Lab,False,Normal
2026-09-09 21:00:00,MTR-SCI-01,422.1,North Campus,Science Complex,450,37.774649,-122.418499,5000.0,Academic Lab,False,Normal
2026-09-09 22:00:00,MTR-SCI-01,232.23,North Campus,Science Complex,450,37.774649,-122.418499,5000.0,Academic Lab,False,Normal
2026-09-09 23:00:00,MTR-SCI-01,171.98,North Campus,Science Complex,450,37.774649,-122.418499,5000.0,Academic Lab,False,Normal
2026-09-10 00:00:00,MTR-SCI-01,1160.04,North Campus,Science Complex,450,37.774649,-122.418499,5000.0,Academic Lab,True,Night-time Usage
2026-09-10 01:00:00,MTR-SCI-01,72.29,North Campus,Science Complex,450,37.774649,-122.418499,5000.0,Academic Lab,False,Normal
2026-09-10 02:00:00,MTR-SCI-01,5.0,North Campus,Science Complex,450,37.774649,-122.418499,5000.0,Academic Lab,False,Normal
2026-09-10 03:00:00,MTR-SCI-01,59.56,North Campus,Science Complex,450,37.774649,-122.418499,5000.0,Academic Lab,False,Normal
2026-09-10 04:00:00,MTR-SCI-01,63.95,North Campus,Science Complex,450,37.774649,-122.418499,5000.0,Academic Lab,False,Normal
2026-09-10 05:00:00,MTR-SCI-01,111.61,North Campus,Science Complex,450,37.774649,-122.418499,5000.0,Academic Lab,False,Normal
2026-09-10 06:00:00,MTR-SCI-01,344.67,North Campus,Science Complex,450,37.774649,-122.418499,5000.0,Academic Lab,False,Normal
2026-09-10 07:00:00,MTR-SCI-01,637.0,North Campus,Science Complex,450,37.774649,-122.418499,5000.0,Academic Lab,False,Normal
2026-09-10 08:00:00,MTR-SCI-01,757.63,North Campus,Science Complex,450,37.774649,-122.418499,5000.0,Academic Lab,False,Normal
2026-09-10 09:00:00,MTR-SCI-01,660.47,North Campus,Science Complex,450,37.774649,-122.418499,5000.0,Academic Lab,False,Normal
2026-09-10 10:00:00,MTR-SCI-01,597.03,North Campus,Science Complex,450,37.774649,-122.418499,5000.0,Academic Lab,False,Normal
2026-09-10 11:00:00,MTR-SCI-01,636.6,North Campus,Science Complex,450,37.774649,-122.418499,5000.0,Academic Lab,False,Normal
2026-09-10 12:00:00,MTR-SCI-01,714.34,North Campus,Science Complex,450,37.774649,-122.418499,5000.0,Academic Lab,False,Normal
2026-09-10 13:00:00,MTR-SCI-01,645.66,North Campus,Science Complex,450,37.774649,-122.418499,5000.0,Academic Lab,False,Normal
2026-09-10 14:00:00,MTR-SCI-01,596.77,North Campus,Science Complex,450,37.774649,-122.418499,5000.0,Academic Lab,False,Normal
2026-09-10 15:00:00,MTR-SCI-01,547.18,North Campus,Science Complex,450,37.774649,-122.418499,5000.0,Academic Lab,False,Normal
2026-09-10 16:00:00,MTR-SCI-01,551.82,North Campus,Science Complex,450,37.774649,-122.418499,5000.0,Academic Lab,False,Normal
2026-09-10 17:00:00,MTR-SCI-01,664.61,North Campus,Science Complex,450,37.774649,-122.418499,5000.0,Academic Lab,False,Normal
2026-09-10 18:00:00,MTR-SCI-01,712.04,North Campus,Science Complex,450,37.774649,-122.418499,5000.0,Academic Lab,False,Normal
2026-09-10 19:00:00,MTR-SCI-01,641.29,North Campus,Science Complex,450,37.774649,-122.418499,5000.0,Academic Lab,False,Normal
2026-09-10 20:00:00,MTR-SCI-01,556.95,North Campus,Science Complex,450,37.774649,-122.418499,5000.0,Academic Lab,False,Normal
2026-09-10 21:00:00,MTR-SCI-01,424.59,North Campus,Science Complex,450,37.774649,-122.418499,5000.0,Academic Lab,False,Normal
2026-09-10 22:00:00,MTR-SCI-01,288.23,North Campus,Science Complex,450,37.774649,-122.418499,5000.0,Academic Lab,False,Normal
2026-09-10 23:00:00,MTR-SCI-01,160.44,North Campus,Science Complex,450,37.774649,-122.418499,5000.0,Academic Lab,False,Normal
2026-09-11 00:00:00,MTR-SCI-01,129.56,North Campus,Science Complex,450,37.774649,-122.418499,5000.0,Academic Lab,False,Normal
2026-09-11 01:00:00,MTR-SCI-01,51.78,North Campus,Science Complex,450,37.774649,-122.418499,5000.0,Academic Lab,False,Normal
2026-09-11 02:00:00,MTR-SCI-01,53.94,North Campus,Science Complex,450,37.774649,-122.418499,5000.0,Academic Lab,False,Normal
2026-09-11 03:00:00,MTR-SCI-01,35.43,North Campus,Science Complex,450,37.774649,-122.418499,5000.0,Academic Lab,False,Normal
2026-09-11 04:00:00,MTR-SCI-01,27.77,North Campus,Science Complex,450,37.774649,-122.418499,5000.0,Academic Lab,False,Normal
2026-09-11 05:00:00,MTR-SCI-01,212.54,North Campus,Science Complex,450,37.774649,-122.418499,5000.0,Academic Lab,False,Normal
2026-09-11 06:00:00,MTR-SCI-01,327.24,North Campus,Science Complex,450,37.774649,-122.418499,5000.0,Academic Lab,False,Normal
2026-09-11 07:00:00,MTR-SCI-01,719.68,North Campus,Science Complex,450,37.774649,-122.418499,5000.0,Academic Lab,False,Normal
2026-09-11 08:00:00,MTR-SCI-01,763.31,North Campus,Science Complex,450,37.774649,-122.418499,5000.0,Academic Lab,False,Normal
2026-09-11 09:00:00,MTR-SCI-01,599.96,North Campus,Science Complex,450,37.774649,-122.418499,5000.0,Academic Lab,False,Normal
2026-09-11 10:00:00,MTR-SCI-01,625.31,North Campus,Science Complex,450,37.774649,-122.418499,5000.0,Academic Lab,False,Normal
2026-09-11 11:00:00,MTR-SCI-01,655.98,North Campus,Science Complex,450,37.774649,-122.418499,5000.0,Academic Lab,False,Normal
2026-09-11 12:00:00,MTR-SCI-01,755.17,North Campus,Science Complex,450,37.774649,-122.418499,5000.0,Academic Lab,False,Normal
2026-09-11 13:00:00,MTR-SCI-01,588.08,North Campus,Science Complex,450,37.774649,-122.418499,5000.0,Academic Lab,False,Normal
2026-09-11 14:00:00,MTR-SCI-01,570.11,North Campus,Science Complex,450,37.774649,-122.418499,5000.0,Academic Lab,False,Normal
2026-09-11 15:00:00,MTR-SCI-01,514.02,North Campus,Science Complex,450,37.774649,-122.418499,5000.0,Academic Lab,False,Normal
2026-09-11 16:00:00,MTR-SCI-01,566.4,North Campus,Science Complex,450,37.774649,-122.418499,5000.0,Academic Lab,False,Normal
2026-09-11 17:00:00,MTR-SCI-01,696.88,North Campus,Science Complex,450,37.774649,-122.418499,5000.0,Academic Lab,False,Normal
2026-09-11 18:00:00,MTR-SCI-01,653.9,North Campus,Science Complex,450,37.774649,-122.418499,5000.0,Academic Lab,False,Normal
2026-09-11 19:00:00,MTR-SCI-01,579.17,North Campus,Science Complex,450,37.774649,-122.418499,5000.0,Academic Lab,False,Normal
2026-09-11 20:00:00,MTR-SCI-01,505.4,North Campus,Science Complex,450,37.774649,-122.418499,5000.0,Academic Lab,False,Normal
2026-09-11 21:00:00,MTR-SCI-01,424.13,North Campus,Science Complex,450,37.774649,-122.418499,5000.0,Academic Lab,False,Normal
2026-09-11 22:00:00,MTR-SCI-01,289.54,North Campus,Science Complex,450,37.774649,-122.418499,5000.0,Academic Lab,False,Normal
2026-09-11 23:00:00,MTR-SCI-01,120.79,North Campus,Science Complex,450,37.774649,-122.418499,5000.0,Academic Lab,False,Normal
2026-09-12 00:00:00,MTR-SCI-01,25.98,North Campus,Science Complex,450,37.774649,-122.418499,5000.0,Academic Lab,False,Normal
2026-09-12 01:00:00,MTR-SCI-01,6.06,North Campus,Science Complex,450,37.774649,-122.418499,5000.0,Academic Lab,False,Normal
2026-09-12 02:00:00,MTR-SCI-01,27.4,North Campus,Science Complex,450,37.774649,-122.418499,5000.0,Academic Lab,False,Normal
2026-09-12 03:00:00,MTR-SCI-01,5.0,North Campus,Science Complex,450,37.774649,-122.418499,5000.0,Academic Lab,False,Normal
2026-09-12 04:00:00,MTR-SCI-01,16.96,North Campus,Science Complex,450,37.774649,-122.418499,5000.0,Academic Lab,False,Normal
2026-09-12 05:00:00,MTR-SCI-01,60.92,North Campus,Science Complex,450,37.774649,-122.418499,5000.0,Academic Lab,False,Normal
2026-09-12 06:00:00,MTR-SCI-01,107.15,North Campus,Science Complex,450,37.774649,-122.418499,5000.0,Academic Lab,False,Normal
2026-09-12 07:00:00,MTR-SCI-01,241.11,North Campus,Science Complex,450,37.774649,-122.418499,5000.0,Academic Lab,False,Normal
2026-09-12 08:00:00,MTR-SCI-01,268.33,North Campus,Science Complex,450,37.774649,-122.418499,5000.0,Academic Lab,False,Normal
2026-09-12 09:00:00,MTR-SCI-01,243.06,North Campus,Science Complex,450,37.774649,-122.418499,5000.0,Academic Lab,False,Normal
2026-09-12 10:00:00,MTR-SCI-01,292.67,North Campus,Science Complex,450,37.774649,-122.418499,5000.0,Academic Lab,False,Normal
2026-09-12 11:00:00,MTR-SCI-01,200.43,North Campus,Science Complex,450,37.774649,-122.418499,5000.0,Academic Lab,False,Normal
2026-09-12 12:00:00,MTR-SCI-01,347.63,North Campus,Science Complex,450,37.774649,-122.418499,5000.0,Academic Lab,False,Normal
2026-09-12 13:00:00,MTR-SCI-01,180.94,North Campus,Science Complex,450,37.774649,-122.418499,5000.0,Academic Lab,False,Normal
2026-09-12 14:00:00,MTR-SCI-01,109.52,North Campus,Science Complex,450,37.774649,-122.418499,5000.0,Academic Lab,False,Normal
2026-09-12 15:00:00,MTR-SCI-01,165.72,North Campus,Science Complex,450,37.774649,-122.418499,5000.0,Academic Lab,False,Normal
2026-09-12 16:00:00,MTR-SCI-01,218.88,North Campus,Science Complex,450,37.774649,-122.418499,5000.0,Academic Lab,False,Normal
2026-09-12 17:00:00,MTR-SCI-01,317.03,North Campus,Science Complex,450,37.774649,-122.418499,5000.0,Academic Lab,False,Normal
2026-09-12 18:00:00,MTR-SCI-01,212.91,North Campus,Science Complex,450,37.774649,-122.418499,5000.0,Academic Lab,False,Normal
2026-09-12 19:00:00,MTR-SCI-01,242.82,North Campus,Science Complex,450,37.774649,-122.418499,5000.0,Academic Lab,False,Normal
2026-09-12 20:00:00,MTR-SCI-01,133.35,North Campus,Science Complex,450,37.774649,-122.418499,5000.0,Academic Lab,False,Normal
2026-09-12 21:00:00,MTR-SCI-01,226.1,North Campus,Science Complex,450,37.774649,-122.418499,5000.0,Academic Lab,False,Normal
2026-09-12 22:00:00,MTR-SCI-01,137.16,North Campus,Science Complex,450,37.774649,-122.418499,5000.0,Academic Lab,False,Normal
2026-09-12 23:00:00,MTR-SCI-01,25.44,North Campus,Science Complex,450,37.774649,-122.418499,5000.0,Academic Lab,False,Normal
2026-09-13 00:00:00,MTR-SCI-01,5.0,North Campus,Science Complex,450,37.774649,-122.418499,5000.0,Academic Lab,False,Normal
2026-09-13 01:00:00,MTR-SCI-01,72.97,North Campus,Science Complex,450,37.774649,-122.418499,5000.0,Academic Lab,False,Normal
2026-09-13 02:00:00,MTR-SCI-01,9.59,North Campus,Science Complex,450,37.774649,-122.418499,5000.0,Academic Lab,False,Normal
2026-09-13 03:00:00,MTR-SCI-01,64.68,North Campus,Science Complex,450,37.774649,-122.418499,5000.0,Academic Lab,False,Normal
2026-09-13 04:00:00,MTR-SCI-01,21.6,North Campus,Science Complex,450,37.774649,-122.418499,5000.0,Academic Lab,False,Normal
2026-09-13 05:00:00,MTR-SCI-01,46.47,North Campus,Science Complex,450,37.774649,-122.418499,5000.0,Academic Lab,False,Normal
2026-09-13 06:00:00,MTR-SCI-01,79.69,North Campus,Science Complex,450,37.774649,-122.418499,5000.0,Academic Lab,False,Normal
2026-09-13 07:00:00,MTR-SCI-01,265.97,North Campus,Science Complex,450,37.774649,-122.418499,5000.0,Academic Lab,False,Normal
2026-09-13 08:00:00,MTR-SCI-01,272.23,North Campus,Science Complex,450,37.774649,-122.418499,5000.0,Academic Lab,False,Normal
2026-09-13 09:00:00,MTR-SCI-01,243.73,North Campus,Science Complex,450,37.774649,-122.418499,5000.0,Academic Lab,False,Normal
2026-09-13 10:00:00,MTR-SCI-01,142.46,North Campus,Science Complex,450,37.774649,-122.418499,5000.0,Academic Lab,False,Normal
2026-09-13 11:00:00,MTR-SCI-01,283.74,North Campus,Science Complex,450,37.774649,-122.418499,5000.0,Academic Lab,False,Normal
2026-09-13 12:00:00,MTR-SCI-01,321.61,North Campus,Science Complex,450,37.774649,-122.418499,5000.0,Academic Lab,False,Normal
2026-09-13 13:00:00,MTR-SCI-01,218.58,North Campus,Science Complex,450,37.774649,-122.418499,5000.0,Academic Lab,False,Normal
2026-09-13 14:00:00,MTR-SCI-01,279.99,North Campus,Science Complex,450,37.774649,-122.418499,5000.0,Academic Lab,False,Normal
2026-09-13 15:00:00,MTR-SCI-01,258.64,North Campus,Science Complex,450,37.774649,-122.418499,5000.0,Academic Lab,False,Normal
2026-09-13 16:00:00,MTR-SCI-01,231.25,North Campus,Science Complex,450,37.774649,-122.418499,5000.0,Academic Lab,False,Normal
2026-09-13 17:00:00,MTR-SCI-01,296.35,North Campus,Science Complex,450,37.774649,-122.418499,5000.0,Academic Lab,False,Normal
2026-09-13 18:00:00,MTR-SCI-01,292.63,North Campus,Science Complex,450,37.774649,-122.418499,5000.0,Academic Lab,False,Normal
2026-09-13 19:00:00,MTR-SCI-01,151.13,North Campus,Science Complex,450,37.774649,-122.418499,5000.0,Academic Lab,False,Normal
2026-09-13 20:00:00,MTR-SCI-01,176.16,North Campus,Science Complex,450,37.774649,-122.418499,5000.0,Academic Lab,False,Normal
2026-09-13 21:00:00,MTR-SCI-01,180.72,North Campus,Science Complex,450,37.774649,-122.418499,5000.0,Academic Lab,False,Normal
2026-09-13 22:00:00,MTR-SCI-01,155.46,North Campus,Science Complex,450,37.774649,-122.418499,5000.0,Academic Lab,False,Normal
2026-09-13 23:00:00,MTR-SCI-01,5.0,North Campus,Science Complex,450,37.774649,-122.418499,5000.0,Academic Lab,False,Normal
2026-09-14 00:00:00,MTR-SCI-01,6.99,North Campus,Science Complex,450,37.774649,-122.418499,5000.0,Academic Lab,False,Normal
2026-09-14 01:00:00,MTR-SCI-01,48.66,North Campus,Science Complex,450,37.774649,-122.418499,5000.0,Academic Lab,False,Normal
2026-09-14 02:00:00,MTR-SCI-01,5.0,North Campus,Science Complex,450,37.774649,-122.418499,5000.0,Academic Lab,False,Normal
2026-09-14 03:00:00,MTR-SCI-01,37.11,North Campus,Science Complex,450,37.774649,-122.418499,5000.0,Academic Lab,False,Normal
2026-09-14 04:00:00,MTR-SCI-01,76.04,North Campus,Science Complex,450,37.774649,-122.418499,5000.0,Academic Lab,False,Normal
2026-09-14 05:00:00,MTR-SCI-01,89.01,North Campus,Science Complex,450,37.774649,-122.418499,5000.0,Academic Lab,False,Normal
2026-09-14 06:00:00,MTR-SCI-01,277.51,North Campus,Science Complex,450,37.774649,-122.418499,5000.0,Academic Lab,False,Normal
2026-09-14 07:00:00,MTR-SCI-01,726.34,North Campus,Science Complex,450,37.774649,-122.418499,5000.0,Academic Lab,False,Normal
2026-09-14 08:00:00,MTR-SCI-01,742.21,North Campus,Science Complex,450,37.774649,-122.418499,5000.0,Academic Lab,False,Normal
2026-09-14 09:00:00,MTR-SCI-01,604.21,North Campus,Science Complex,450,37.774649,-122.418499,5000.0,Academic Lab,False,Normal
2026-09-14 10:00:00,MTR-SCI-01,581.23,North Campus,Science Complex,450,37.774649,-122.418499,5000.0,Academic Lab,False,Normal
2026-09-14 11:00:00,MTR-SCI-01,619.8,North Campus,Science Complex,450,37.774649,-122.418499,5000.0,Academic Lab,False,Normal
2026-09-14 12:00:00,MTR-SCI-01,818.39,North Campus,Science Complex,450,37.774649,-122.418499,5000.0,Academic Lab,False,Normal
2026-09-14 13:00:00,MTR-SCI-01,612.48,North Campus,Science Complex,450,37.774649,-122.418499,5000.0,Academic Lab,False,Normal
2026-09-14 14:00:00,MTR-SCI-01,531.62,North Campus,Science Complex,450,37.774649,-122.418499,5000.0,Academic Lab,False,Normal
2026-09-14 15:00:00,MTR-SCI-01,543.38,North Campus,Science Complex,450,37.774649,-122.418499,5000.0,Academic Lab,False,Normal
2026-09-14 16:00:00,MTR-SCI-01,581.01,North Campus,Science Complex,450,37.774649,-122.418499,5000.0,Academic Lab,False,Normal
2026-09-14 17:00:00,MTR-SCI-01,678.43,North Campus,Science Complex,450,37.774649,-122.418499,5000.0,Academic Lab,False,Normal
2026-09-14 18:00:00,MTR-SCI-01,691.28,North Campus,Science Complex,450,37.774649,-122.418499,5000.0,Academic Lab,False,Normal
2026-09-14 19:00:00,MTR-SCI-01,613.05,North Campus,Science Complex,450,37.774649,-122.418499,5000.0,Academic Lab,False,Normal
2026-09-14 20:00:00,MTR-SCI-01,472.94,North Campus,Science Complex,450,37.774649,-122.418499,5000.0,Academic Lab,False,Normal
2026-09-14 21:00:00,MTR-SCI-01,488.51,North Campus,Science Complex,450,37.774649,-122.418499,5000.0,Academic Lab,False,Normal
2026-09-14 22:00:00,MTR-SCI-01,278.09,North Campus,Science Complex,450,37.774649,-122.418499,5000.0,Academic Lab,False,Normal
2026-09-14 23:00:00,MTR-SCI-01,139.98,North Campus,Science Complex,450,37.774649,-122.418499,5000.0,Academic Lab,False,Normal
2026-09-15 00:00:00,MTR-SCI-01,71.17,North Campus,Science Complex,450,37.774649,-122.418499,5000.0,Academic Lab,False,Normal
2026-09-15 01:00:00,MTR-SCI-01,12.0,North Campus,Science Complex,450,37.774649,-122.418499,5000.0,Academic Lab,False,Normal
2026-09-15 02:00:00,MTR-SCI-01,2010.7,North Campus,Science Complex,450,37.774649,-122.418499,5000.0,Academic Lab,True,Sudden Spike
2026-09-15 03:00:00,MTR-SCI-01,5.0,North Campus,Science Complex,450,37.774649,-122.418499,5000.0,Academic Lab,False,Normal
2026-09-15 04:00:00,MTR-SCI-01,5.0,North Campus,Science Complex,450,37.774649,-122.418499,5000.0,Academic Lab,False,Normal
2026-09-15 05:00:00,MTR-SCI-01,135.72,North Campus,Science Complex,450,37.774649,-122.418499,5000.0,Academic Lab,False,Normal
2026-09-15 06:00:00,MTR-SCI-01,334.78,North Campus,Science Complex,450,37.774649,-122.418499,5000.0,Academic Lab,False,Normal
2026-09-15 07:00:00,MTR-SCI-01,634.16,North Campus,Science Complex,450,37.774649,-122.418499,5000.0,Academic Lab,False,Normal
2026-09-15 08:00:00,MTR-SCI-01,780.17,North Campus,Science Complex,450,37.774649,-122.418499,5000.0,Academic Lab,False,Normal
2026-09-15 09:00:00,MTR-SCI-01,703.6,North Campus,Science Complex,450,37.774649,-122.418499,5000.0,Academic Lab,False,Normal
2026-09-15 10:00:00,MTR-SCI-01,523.54,North Campus,Science Complex,450,37.774649,-122.418499,5000.0,Academic Lab,False,Normal
2026-09-15 11:00:00,MTR-SCI-01,615.7,North Campus,Science Complex,450,37.774649,-122.418499,5000.0,Academic Lab,False,Normal
2026-09-15 12:00:00,MTR-SCI-01,737.89,North Campus,Science Complex,450,37.774649,-122.418499,5000.0,Academic Lab,False,Normal
2026-09-15 13:00:00,MTR-SCI-01,544.32,North Campus,Science Complex,450,37.774649,-122.418499,5000.0,Academic Lab,False,Normal
2026-09-15 14:00:00,MTR-SCI-01,551.73,North Campus,Science Complex,450,37.774649,-122.418499,5000.0,Academic Lab,False,Normal
2026-09-15 15:00:00,MTR-SCI-01,441.87,North Campus,Science Complex,450,37.774649,-122.418499,5000.0,Academic Lab,False,Normal
2026-09-15 16:00:00,MTR-SCI-01,2315.91,North Campus,Science Complex,450,37.774649,-122.418499,5000.0,Academic Lab,True,Sudden Spike
2026-09-15 17:00:00,MTR-SCI-01,693.34,North Campus,Science Complex,450,37.774649,-122.418499,5000.0,Academic Lab,False,Normal
2026-09-15 18:00:00,MTR-SCI-01,735.96,North Campus,Science Complex,450,37.774649,-122.418499,5000.0,Academic Lab,False,Normal
2026-09-15 19:00:00,MTR-SCI-01,670.39,North Campus,Science Complex,450,37.774649,-122.418499,5000.0,Academic Lab,False,Normal
2026-09-15 20:00:00,MTR-SCI-01,517.12,North Campus,Science Complex,450,37.774649,-122.418499,5000.0,Academic Lab,False,Normal
2026-09-15 21:00:00,MTR-SCI-01,452.97,North Campus,Science Complex,450,37.774649,-122.418499,5000.0,Academic Lab,False,Normal
2026-09-15 22:00:00,MTR-SCI-01,280.7,North Campus,Science Complex,450,37.774649,-122.418499,5000.0,Academic Lab,False,Normal
2026-09-15 23:00:00,MTR-SCI-01,94.11,North Campus,Science Complex,450,37.774649,-122.418499,5000.0,Academic Lab,False,Normal
2026-09-16 00:00:00,MTR-SCI-01,67.68,North Campus,Science Complex,450,37.774649,-122.418499,5000.0,Academic Lab,False,Normal
2026-09-16 01:00:00,MTR-SCI-01,56.56,North Campus,Science Complex,450,37.774649,-122.418499,5000.0,Academic Lab,False,Normal
2026-09-16 02:00:00,MTR-SCI-01,76.66,North Campus,Science Complex,450,37.774649,-122.418499,5000.0,Academic Lab,False,Normal
2026-09-16 03:00:00,MTR-SCI-01,5.0,North Campus,Science Complex,450,37.774649,-122.418499,5000.0,Academic Lab,False,Normal
2026-09-16 04:00:00,MTR-SCI-01,142.46,North Campus,Science Complex,450,37.774649,-122.418499,5000.0,Academic Lab,False,Normal
2026-09-16 05:00:00,MTR-SCI-01,208.12,North Campus,Science Complex,450,37.774649,-122.418499,5000.0,Academic Lab,False,Normal
2026-09-16 06:00:00,MTR-SCI-01,377.42,North Campus,Science Complex,450,37.774649,-122.418499,5000.0,Academic Lab,False,Normal
2026-09-16 07:00:00,MTR-SCI-01,662.81,North Campus,Science Complex,450,37.774649,-122.418499,5000.0,Academic Lab,False,Normal
2026-09-16 08:00:00,MTR-SCI-01,782.2,North Campus,Science Complex,450,37.774649,-122.418499,5000.0,Academic Lab,False,Normal
2026-09-16 09:00:00,MTR-SCI-01,662.73,North Campus,Science Complex,450,37.774649,-122.418499,5000.0,Academic Lab,False,Normal
2026-09-16 10:00:00,MTR-SCI-01,612.8,North Campus,Science Complex,450,37.774649,-122.418499,5000.0,Academic Lab,False,Normal
2026-09-16 11:00:00,MTR-SCI-01,654.26,North Campus,Science Complex,450,37.774649,-122.418499,5000.0,Academic Lab,False,Normal
2026-09-16 12:00:00,MTR-SCI-01,761.95,North Campus,Science Complex,450,37.774649,-122.418499,5000.0,Academic Lab,False,Normal
2026-09-16 13:00:00,MTR-SCI-01,631.31,North Campus,Science Complex,450,37.774649,-122.418499,5000.0,Academic Lab,False,Normal
2026-09-16 14:00:00,MTR-SCI-01,542.1,North Campus,Science Complex,450,37.774649,-122.418499,5000.0,Academic Lab,False,Normal
2026-09-16 15:00:00,MTR-SCI-01,553.35,North Campus,Science Complex,450,37.774649,-122.418499,5000.0,Academic Lab,False,Normal
2026-09-16 16:00:00,MTR-SCI-01,574.42,North Campus,Science Complex,450,37.774649,-122.418499,5000.0,Academic Lab,False,Normal
2026-09-16 17:00:00,MTR-SCI-01,712.2,North Campus,Science Complex,450,37.774649,-122.418499,5000.0,Academic Lab,False,Normal
2026-09-16 18:00:00,MTR-SCI-01,785.09,North Campus,Science Complex,450,37.774649,-122.418499,5000.0,Academic Lab,False,Normal
2026-09-16 19:00:00,MTR-SCI-01,620.28,North Campus,Science Complex,450,37.774649,-122.418499,5000.0,Academic Lab,False,Normal
2026-09-16 20:00:00,MTR-SCI-01,439.9,North Campus,Science Complex,450,37.774649,-122.418499,5000.0,Academic Lab,False,Normal
2026-09-16 21:00:00,MTR-SCI-01,494.37,North Campus,Science Complex,450,37.774649,-122.418499,5000.0,Academic Lab,False,Normal
2026-09-16 22:00:00,MTR-SCI-01,282.58,North Campus,Science Complex,450,37.774649,-122.418499,5000.0,Academic Lab,False,Normal
2026-09-16 23:00:00,MTR-SCI-01,31.99,North Campus,Science Complex,450,37.774649,-122.418499,5000.0,Academic Lab,False,Normal
2026-09-17 00:00:00,MTR-SCI-01,5.0,North Campus,Science Complex,450,37.774649,-122.418499,5000.0,Academic Lab,False,Normal
2026-09-17 01:00:00,MTR-SCI-01,109.27,North Campus,Science Complex,450,37.774649,-122.418499,5000.0,Academic Lab,False,Normal
2026-09-17 02:00:00,MTR-SCI-01,5.0,North Campus,Science Complex,450,37.774649,-122.418499,5000.0,Academic Lab,False,Normal
2026-09-17 03:00:00,MTR-SCI-01,61.62,North Campus,Science Complex,450,37.774649,-122.418499,5000.0,Academic Lab,False,Normal
2026-09-17 04:00:00,MTR-SCI-01,80.64,North Campus,Science Complex,450,37.774649,-122.418499,5000.0,Academic Lab,False,Normal
2026-09-17 05:00:00,MTR-SCI-01,191.79,North Campus,Science Complex,450,37.774649,-122.418499,5000.0,Academic Lab,False,Normal
2026-09-17 06:00:00,MTR-SCI-01,319.58,North Campus,Science Complex,450,37.774649,-122.418499,5000.0,Academic Lab,False,Normal
2026-09-17 07:00:00,MTR-SCI-01,716.79,North Campus,Science Complex,450,37.774649,-122.418499,5000.0,Academic Lab,False,Normal
2026-09-17 08:00:00,MTR-SCI-01,761.7,North Campus,Science Complex,450,37.774649,-122.418499,5000.0,Academic Lab,False,Normal
2026-09-17 09:00:00,MTR-SCI-01,711.5,North Campus,Science Complex,450,37.774649,-122.418499,5000.0,Academic Lab,False,Normal
2026-09-17 10:00:00,MTR-SCI-01,494.14,North Campus,Science Complex,450,37.774649,-122.418499,5000.0,Academic Lab,False,Normal
2026-09-17 11:00:00,MTR-SCI-01,689.5,North Campus,Science Complex,450,37.774649,-122.418499,5000.0,Academic Lab,False,Normal
2026-09-17 12:00:00,MTR-SCI-01,867.66,North Campus,Science Complex,450,37.774649,-122.418499,5000.0,Academic Lab,False,Normal
2026-09-17 13:00:00,MTR-SCI-01,618.47,North Campus,Science Complex,450,37.774649,-122.418499,5000.0,Academic Lab,False,Normal
2026-09-17 14:00:00,MTR-SCI-01,614.32,North Campus,Science Complex,450,37.774649,-122.418499,5000.0,Academic Lab,False,Normal
2026-09-17 15:00:00,MTR-SCI-01,616.11,North Campus,Science Complex,450,37.774649,-122.418499,5000.0,Academic Lab,False,Normal
2026-09-17 16:00:00,MTR-SCI-01,537.61,North Campus,Science Complex,450,37.774649,-122.418499,5000.0,Academic Lab,False,Normal
2026-09-17 17:00:00,MTR-SCI-01,659.72,North Campus,Science Complex,450,37.774649,-122.418499,5000.0,Academic Lab,False,Normal
2026-09-17 18:00:00,MTR-SCI-01,743.93,North Campus,Science Complex,450,37.774649,-122.418499,5000.0,Academic Lab,False,Normal
2026-09-17 19:00:00,MTR-SCI-01,645.17,North Campus,Science Complex,450,37.774649,-122.418499,5000.0,Academic Lab,False,Normal
2026-09-17 20:00:00,MTR-SCI-01,570.02,North Campus,Science Complex,450,37.774649,-122.418499,5000.0,Academic Lab,False,Normal
2026-09-17 21:00:00,MTR-SCI-01,394.67,North Campus,Science Complex,450,37.774649,-122.418499,5000.0,Academic Lab,False,Normal
2026-09-17 22:00:00,MTR-SCI-01,230.05,North Campus,Science Complex,450,37.774649,-122.418499,5000.0,Academic Lab,False,Normal
2026-09-17 23:00:00,MTR-SCI-01,180.33,North Campus,Science Complex,450,37.774649,-122.418499,5000.0,Academic Lab,False,Normal
2026-09-18 00:00:00,MTR-SCI-01,50.82,North Campus,Science Complex,450,37.774649,-122.418499,5000.0,Academic Lab,False,Normal
2026-09-18 01:00:00,MTR-SCI-01,30.74,North Campus,Science Complex,450,37.774649,-122.418499,5000.0,Academic Lab,False,Normal
2026-09-18 02:00:00,MTR-SCI-01,5.0,North Campus,Science Complex,450,37.774649,-122.418499,5000.0,Academic Lab,False,Normal
2026-09-18 03:00:00,MTR-SCI-01,5.0,North Campus,Science Complex,450,37.774649,-122.418499,5000.0,Academic Lab,False,Normal
2026-09-18 04:00:00,MTR-SCI-01,118.02,North Campus,Science Complex,450,37.774649,-122.418499,5000.0,Academic Lab,False,Normal
2026-09-18 05:00:00,MTR-SCI-01,99.18,North Campus,Science Complex,450,37.774649,-122.418499,5000.0,Academic Lab,False,Normal
2026-09-18 06:00:00,MTR-SCI-01,242.78,North Campus,Science Complex,450,37.774649,-122.418499,5000.0,Academic Lab,False,Normal
2026-09-18 07:00:00,MTR-SCI-01,697.45,North Campus,Science Complex,450,37.774649,-122.418499,5000.0,Academic Lab,False,Normal
2026-09-18 08:00:00,MTR-SCI-01,761.14,North Campus,Science Complex,450,37.774649,-122.418499,5000.0,Academic Lab,False,Normal
2026-09-18 09:00:00,MTR-SCI-01,669.4,North Campus,Science Complex,450,37.774649,-122.418499,5000.0,Academic Lab,False,Normal
2026-09-18 10:00:00,MTR-SCI-01,567.52,North Campus,Science Complex,450,37.774649,-122.418499,5000.0,Academic Lab,False,Normal
2026-09-18 11:00:00,MTR-SCI-01,665.34,North Campus,Science Complex,450,37.774649,-122.418499,5000.0,Academic Lab,False,Normal
2026-09-18 12:00:00,MTR-SCI-01,689.7,North Campus,Science Complex,450,37.774649,-122.418499,5000.0,Academic Lab,False,Normal
2026-09-18 13:00:00,MTR-SCI-01,622.34,North Campus,Science Complex,450,37.774649,-122.418499,5000.0,Academic Lab,False,Normal
2026-09-18 14:00:00,MTR-SCI-01,530.87,North Campus,Science Complex,450,37.774649,-122.418499,5000.0,Academic Lab,False,Normal
2026-09-18 15:00:00,MTR-SCI-01,571.57,North Campus,Science Complex,450,37.774649,-122.418499,5000.0,Academic Lab,False,Normal
2026-09-18 16:00:00,MTR-SCI-01,603.73,North Campus,Science Complex,450,37.774649,-122.418499,5000.0,Academic Lab,False,Normal
2026-09-18 17:00:00,MTR-SCI-01,688.01,North Campus,Science Complex,450,37.774649,-122.418499,5000.0,Academic Lab,False,Normal
2026-09-18 18:00:00,MTR-SCI-01,717.36,North Campus,Science Complex,450,37.774649,-122.418499,5000.0,Academic Lab,False,Normal
2026-09-18 19:00:00,MTR-SCI-01,682.53,North Campus,Science Complex,450,37.774649,-122.418499,5000.0,Academic Lab,False,Normal
2026-09-18 20:00:00,MTR-SCI-01,499.19,North Campus,Science Complex,450,37.774649,-122.418499,5000.0,Academic Lab,False,Normal
2026-09-18 21:00:00,MTR-SCI-01,367.16,North Campus,Science Complex,450,37.774649,-122.418499,5000.0,Academic Lab,False,Normal
2026-09-18 22:00:00,MTR-SCI-01,236.35,North Campus,Science Complex,450,37.774649,-122.418499,5000.0,Academic Lab,False,Normal
2026-09-18 23:00:00,MTR-SCI-01,40.77,North Campus,Science Complex,450,37.774649,-122.418499,5000.0,Academic Lab,False,Normal
2026-09-19 00:00:00,MTR-SCI-01,39.08,North Campus,Science Complex,450,37.774649,-122.418499,5000.0,Academic Lab,False,Normal
2026-09-19 01:00:00,MTR-SCI-01,65.34,North Campus,Science Complex,450,37.774649,-122.418499,5000.0,Academic Lab,False,Normal
2026-09-19 02:00:00,MTR-SCI-01,113.24,North Campus,Science Complex,450,37.774649,-122.418499,5000.0,Academic Lab,False,Normal
2026-09-19 03:00:00,MTR-SCI-01,93.68,North Campus,Science Complex,450,37.774649,-122.418499,5000.0,Academic Lab,False,Normal
2026-09-19 04:00:00,MTR-SCI-01,6.86,North Campus,Science Complex,450,37.774649,-122.418499,5000.0,Academic Lab,False,Normal
2026-09-19 05:00:00,MTR-SCI-01,54.26,North Campus,Science Complex,450,37.774649,-122.418499,5000.0,Academic Lab,False,Normal
2026-09-19 06:00:00,MTR-SCI-01,64.27,North Campus,Science Complex,450,37.774649,-122.418499,5000.0,Academic Lab,False,Normal
2026-09-19 07:00:00,MTR-SCI-01,278.14,North Campus,Science Complex,450,37.774649,-122.418499,5000.0,Academic Lab,False,Normal
2026-09-19 08:00:00,MTR-SCI-01,317.12,North Campus,Science Complex,450,37.774649,-122.418499,5000.0,Academic Lab,False,Normal
2026-09-19 09:00:00,MTR-SCI-01,134.2,North Campus,Science Complex,450,37.774649,-122.418499,5000.0,Academic Lab,False,Normal
2026-09-19 10:00:00,MTR-SCI-01,309.7,North Campus,Science Complex,450,37.774649,-122.418499,5000.0,Academic Lab,False,Normal
2026-09-19 11:00:00,MTR-SCI-01,237.76,North Campus,Science Complex,450,37.774649,-122.418499,5000.0,Academic Lab,False,Normal
2026-09-19 12:00:00,MTR-SCI-01,264.26,North Campus,Science Complex,450,37.774649,-122.418499,5000.0,Academic Lab,False,Normal
2026-09-19 13:00:00,MTR-SCI-01,253.72,North Campus,Science Complex,450,37.774649,-122.418499,5000.0,Academic Lab,False,Normal
2026-09-19 14:00:00,MTR-SCI-01,196.57,North Campus,Science Complex,450,37.774649,-122.418499,5000.0,Academic Lab,False,Normal
2026-09-19 15:00:00,MTR-SCI-01,189.64,North Campus,Science Complex,450,37.774649,-122.418499,5000.0,Academic Lab,False,Normal
2026-09-19 16:00:00,MTR-SCI-01,135.98,North Campus,Science Complex,450,37.774649,-122.418499,5000.0,Academic Lab,False,Normal
2026-09-19 17:00:00,MTR-SCI-01,203.92,North Campus,Science Complex,450,37.774649,-122.418499,5000.0,Academic Lab,False,Normal
2026-09-19 18:00:00,MTR-SCI-01,277.57,North Campus,Science Complex,450,37.774649,-122.418499,5000.0,Academic Lab,False,Normal
2026-09-19 19:00:00,MTR-SCI-01,241.79,North Campus,Science Complex,450,37.774649,-122.418499,5000.0,Academic Lab,False,Normal
2026-09-19 20:00:00,MTR-SCI-01,242.84,North Campus,Science Complex,450,37.774649,-122.418499,5000.0,Academic Lab,False,Normal
2026-09-19 21:00:00,MTR-SCI-01,190.52,North Campus,Science Complex,450,37.774649,-122.418499,5000.0,Academic Lab,False,Normal
2026-09-19 22:00:00,MTR-SCI-01,130.06,North Campus,Science Complex,450,37.774649,-122.418499,5000.0,Academic Lab,False,Normal
2026-09-19 23:00:00,MTR-SCI-01,23.88,North Campus,Science Complex,450,37.774649,-122.418499,5000.0,Academic Lab,False,Normal
2026-09-20 00:00:00,MTR-SCI-01,7.36,North Campus,Science Complex,450,37.774649,-122.418499,5000.0,Academic Lab,False,Normal
2026-09-20 01:00:00,MTR-SCI-01,59.2,North Campus,Science Complex,450,37.774649,-122.418499,5000.0,Academic Lab,False,Normal
2026-09-20 02:00:00,MTR-SCI-01,5.0,North Campus,Science Complex,450,37.774649,-122.418499,5000.0,Academic Lab,False,Normal
2026-09-20 03:00:00,MTR-SCI-01,33.5,North Campus,Science Complex,450,37.774649,-122.418499,5000.0,Academic Lab,False,Normal
2026-09-20 04:00:00,MTR-SCI-01,28.17,North Campus,Science Complex,450,37.774649,-122.418499,5000.0,Academic Lab,False,Normal
2026-09-20 05:00:00,MTR-SCI-01,5.0,North Campus,Science Complex,450,37.774649,-122.418499,5000.0,Academic Lab,False,Normal
2026-09-20 06:00:00,MTR-SCI-01,95.4,North Campus,Science Complex,450,37.774649,-122.418499,5000.0,Academic Lab,False,Normal
2026-09-20 07:00:00,MTR-SCI-01,185.9,North Campus,Science Complex,450,37.774649,-122.418499,5000.0,Academic Lab,False,Normal
2026-09-20 08:00:00,MTR-SCI-01,234.98,North Campus,Science Complex,450,37.774649,-122.418499,5000.0,Academic Lab,False,Normal
2026-09-20 09:00:00,MTR-SCI-01,288.8,North Campus,Science Complex,450,37.774649,-122.418499,5000.0,Academic Lab,False,Normal
2026-09-20 10:00:00,MTR-SCI-01,162.41,North Campus,Science Complex,450,37.774649,-122.418499,5000.0,Academic Lab,False,Normal
2026-09-20 11:00:00,MTR-SCI-01,222.63,North Campus,Science Complex,450,37.774649,-122.418499,5000.0,Academic Lab,False,Normal
2026-09-20 12:00:00,MTR-SCI-01,297.13,North Campus,Science Complex,450,37.774649,-122.418499,5000.0,Academic Lab,False,Normal
2026-09-20 13:00:00,MTR-SCI-01,235.85,North Campus,Science Complex,450,37.774649,-122.418499,5000.0,Academic Lab,False,Normal
2026-09-20 14:00:00,MTR-SCI-01,165.1,North Campus,Science Complex,450,37.774649,-122.418499,5000.0,Academic Lab,False,Normal
2026-09-20 15:00:00,MTR-SCI-01,187.0,North Campus,Science Complex,450,37.774649,-122.418499,5000.0,Academic Lab,False,Normal
2026-09-20 16:00:00,MTR-SCI-01,182.09,North Campus,Science Complex,450,37.774649,-122.418499,5000.0,Academic Lab,False,Normal
2026-09-20 17:00:00,MTR-SCI-01,253.4,North Campus,Science Complex,450,37.774649,-122.418499,5000.0,Academic Lab,False,Normal
2026-09-20 18:00:00,MTR-SCI-01,286.64,North Campus,Science Complex,450,37.774649,-122.418499,5000.0,Academic Lab,False,Normal
2026-09-20 19:00:00,MTR-SCI-01,185.44,North Campus,Science Complex,450,37.774649,-122.418499,5000.0,Academic Lab,False,Normal
2026-09-20 20:00:00,MTR-SCI-01,299.6,North Campus,Science Complex,450,37.774649,-122.418499,5000.0,Academic Lab,False,Normal
2026-09-20 21:00:00,MTR-SCI-01,142.7,North Campus,Science Complex,450,37.774649,-122.418499,5000.0,Academic Lab,False,Normal
2026-09-20 22:00:00,MTR-SCI-01,72.05,North Campus,Science Complex,450,37.774649,-122.418499,5000.0,Academic Lab,False,Normal
2026-09-20 23:00:00,MTR-SCI-01,103.82,North Campus,Science Complex,450,37.774649,-122.418499,5000.0,Academic Lab,False,Normal
2026-09-21 00:00:00,MTR-SCI-01,67.21,North Campus,Science Complex,450,37.774649,-122.418499,5000.0,Academic Lab,False,Normal
2026-09-21 01:00:00,MTR-SCI-01,100.11,North Campus,Science Complex,450,37.774649,-122.418499,5000.0,Academic Lab,False,Normal
2026-09-21 02:00:00,MTR-SCI-01,62.78,North Campus,Science Complex,450,37.774649,-122.418499,5000.0,Academic Lab,False,Normal
2026-09-21 03:00:00,MTR-SCI-01,46.15,North Campus,Science Complex,450,37.774649,-122.418499,5000.0,Academic Lab,False,Normal
2026-09-21 04:00:00,MTR-SCI-01,59.08,North Campus,Science Complex,450,37.774649,-122.418499,5000.0,Academic Lab,False,Normal
2026-09-21 05:00:00,MTR-SCI-01,81.71,North Campus,Science Complex,450,37.774649,-122.418499,5000.0,Academic Lab,False,Normal
2026-09-21 06:00:00,MTR-SCI-01,291.61,North Campus,Science Complex,450,37.774649,-122.418499,5000.0,Academic Lab,False,Normal
2026-09-21 07:00:00,MTR-SCI-01,676.0,North Campus,Science Complex,450,37.774649,-122.418499,5000.0,Academic Lab,False,Normal
2026-09-21 08:00:00,MTR-SCI-01,779.07,North Campus,Science Complex,450,37.774649,-122.418499,5000.0,Academic Lab,False,Normal
2026-09-21 09:00:00,MTR-SCI-01,593.78,North Campus,Science Complex,450,37.774649,-122.418499,5000.0,Academic Lab,False,Normal
2026-09-21 10:00:00,MTR-SCI-01,542.98,North Campus,Science Complex,450,37.774649,-122.418499,5000.0,Academic Lab,False,Normal
2026-09-21 11:00:00,MTR-SCI-01,589.43,North Campus,Science Complex,450,37.774649,-122.418499,5000.0,Academic Lab,False,Normal
2026-09-21 12:00:00,MTR-SCI-01,705.88,North Campus,Science Complex,450,37.774649,-122.418499,5000.0,Academic Lab,False,Normal
2026-09-21 13:00:00,MTR-SCI-01,607.96,North Campus,Science Complex,450,37.774649,-122.418499,5000.0,Academic Lab,True,Normal
2026-09-21 14:00:00,MTR-SCI-01,585.46,North Campus,Science Complex,450,37.774649,-122.418499,5000.0,Academic Lab,False,Normal
2026-09-21 15:00:00,MTR-SCI-01,470.7,North Campus,Science Complex,450,37.774649,-122.418499,5000.0,Academic Lab,False,Normal
2026-09-21 16:00:00,MTR-SCI-01,582.55,North Campus,Science Complex,450,37.774649,-122.418499,5000.0,Academic Lab,False,Normal
2026-09-21 17:00:00,MTR-SCI-01,712.71,North Campus,Science Complex,450,37.774649,-122.418499,5000.0,Academic Lab,False,Normal
2026-09-21 18:00:00,MTR-SCI-01,728.38,North Campus,Science Complex,450,37.774649,-122.418499,5000.0,Academic Lab,False,Normal
2026-09-21 19:00:00,MTR-SCI-01,661.38,North Campus,Science Complex,450,37.774649,-122.418499,5000.0,Academic Lab,False,Normal
2026-09-21 20:00:00,MTR-SCI-01,568.64,North Campus,Science Complex,450,37.774649,-122.418499,5000.0,Academic Lab,False,Normal
2026-09-21 21:00:00,MTR-SCI-01,451.53,North Campus,Science Complex,450,37.774649,-122.418499,5000.0,Academic Lab,False,Normal
2026-09-21 22:00:00,MTR-SCI-01,272.1,North Campus,Science Complex,450,37.774649,-122.418499,5000.0,Academic Lab,False,Normal
2026-09-21 23:00:00,MTR-SCI-01,135.76,North Campus,Science Complex,450,37.774649,-122.418499,5000.0,Academic Lab,False,Normal
2026-09-22 00:00:00,MTR-SCI-01,32.34,North Campus,Science Complex,450,37.774649,-122.418499,5000.0,Academic Lab,False,Normal
2026-09-22 01:00:00,MTR-SCI-01,93.82,North Campus,Science Complex,450,37.774649,-122.418499,5000.0,Academic Lab,False,Normal
2026-09-22 02:00:00,MTR-SCI-01,39.13,North Campus,Science Complex,450,37.774649,-122.418499,5000.0,Academic Lab,False,Normal
2026-09-22 03:00:00,MTR-SCI-01,68.5,North Campus,Science Complex,450,37.774649,-122.418499,5000.0,Academic Lab,False,Normal
2026-09-22 04:00:00,MTR-SCI-01,99.33,North Campus,Science Complex,450,37.774649,-122.418499,5000.0,Academic Lab,False,Normal
2026-09-22 05:00:00,MTR-SCI-01,106.28,North Campus,Science Complex,450,37.774649,-122.418499,5000.0,Academic Lab,False,Normal
2026-09-22 06:00:00,MTR-SCI-01,262.36,North Campus,Science Complex,450,37.774649,-122.418499,5000.0,Academic Lab,False,Normal
2026-09-22 07:00:00,MTR-SCI-01,674.83,North Campus,Science Complex,450,37.774649,-122.418499,5000.0,Academic Lab,False,Normal
2026-09-22 08:00:00,MTR-SCI-01,814.96,North Campus,Science Complex,450,37.774649,-122.418499,5000.0,Academic Lab,False,Normal
2026-09-22 09:00:00,MTR-SCI-01,600.06,North Campus,Science Complex,450,37.774649,-122.418499,5000.0,Academic Lab,False,Normal
2026-09-22 10:00:00,MTR-SCI-01,644.53,North Campus,Science Complex,450,37.774649,-122.418499,5000.0,Academic Lab,False,Normal
2026-09-22 11:00:00,MTR-SCI-01,669.98,North Campus,Science Complex,450,37.774649,-122.418499,5000.0,Academic Lab,False,Normal
2026-09-22 12:00:00,MTR-SCI-01,749.23,North Campus,Science Complex,450,37.774649,-122.418499,5000.0,Academic Lab,False,Normal
2026-09-22 13:00:00,MTR-SCI-01,1563.86,North Campus,Science Complex,450,37.774649,-122.418499,5000.0,Academic Lab,True,Persistent High Usage
2026-09-22 14:00:00,MTR-SCI-01,1505.76,North Campus,Science Complex,450,37.774649,-122.418499,5000.0,Academic Lab,True,Persistent High Usage
2026-09-22 15:00:00,MTR-SCI-01,1453.15,North Campus,Science Complex,450,37.774649,-122.418499,5000.0,Academic Lab,True,Persistent High Usage
2026-09-22 16:00:00,MTR-SCI-01,1551.99,North Campus,Science Complex,450,37.774649,-122.418499,5000.0,Academic Lab,True,Persistent High Usage
2026-09-22 17:00:00,MTR-SCI-01,1576.16,North Campus,Science Complex,450,37.774649,-122.418499,5000.0,Academic Lab,True,Persistent High Usage
2026-09-22 18:00:00,MTR-SCI-01,1608.69,North Campus,Science Complex,450,37.774649,-122.418499,5000.0,Academic Lab,True,Persistent High Usage
2026-09-22 19:00:00,MTR-SCI-01,535.29,North Campus,Science Complex,450,37.774649,-122.418499,5000.0,Academic Lab,False,Normal
2026-09-22 20:00:00,MTR-SCI-01,516.52,North Campus,Science Complex,450,37.774649,-122.418499,5000.0,Academic Lab,False,Normal
2026-09-22 21:00:00,MTR-SCI-01,492.03,North Campus,Science Complex,450,37.774649,-122.418499,5000.0,Academic Lab,False,Normal
2026-09-22 22:00:00,MTR-SCI-01,237.49,North Campus,Science Complex,450,37.774649,-122.418499,5000.0,Academic Lab,False,Normal
2026-09-22 23:00:00,MTR-SCI-01,115.82,North Campus,Science Complex,450,37.774649,-122.418499,5000.0,Academic Lab,False,Normal
2026-09-23 00:00:00,MTR-SCI-01,35.48,North Campus,Science Complex,450,37.774649,-122.418499,5000.0,Academic Lab,False,Normal
2026-09-23 01:00:00,MTR-SCI-01,1387.42,North Campus,Science Complex,450,37.774649,-122.418499,5000.0,Academic Lab,True,Sudden Spike
2026-09-23 02:00:00,MTR-SCI-01,5.0,North Campus,Science Complex,450,37.774649,-122.418499,5000.0,Academic Lab,False,Normal
2026-09-23 03:00:00,MTR-SCI-01,29.53,North Campus,Science Complex,450,37.774649,-122.418499,5000.0,Academic Lab,False,Normal
2026-09-23 04:00:00,MTR-SCI-01,84.04,North Campus,Science Complex,450,37.774649,-122.418499,5000.0,Academic Lab,False,Normal
2026-09-23 05:00:00,MTR-SCI-01,64.87,North Campus,Science Complex,450,37.774649,-122.418499,5000.0,Academic Lab,False,Normal
2026-09-23 06:00:00,MTR-SCI-01,313.94,North Campus,Science Complex,450,37.774649,-122.418499,5000.0,Academic Lab,False,Normal
2026-09-23 07:00:00,MTR-SCI-01,695.89,North Campus,Science Complex,450,37.774649,-122.418499,5000.0,Academic Lab,False,Normal
2026-09-23 08:00:00,MTR-SCI-01,757.73,North Campus,Science Complex,450,37.774649,-122.418499,5000.0,Academic Lab,False,Normal
2026-09-23 09:00:00,MTR-SCI-01,609.65,North Campus,Science Complex,450,37.774649,-122.418499,5000.0,Academic Lab,False,Normal
2026-09-23 10:00:00,MTR-SCI-01,580.36,North Campus,Science Complex,450,37.774649,-122.418499,5000.0,Academic Lab,False,Normal
2026-09-23 11:00:00,MTR-SCI-01,641.55,North Campus,Science Complex,450,37.774649,-122.418499,5000.0,Academic Lab,False,Normal
2026-09-23 12:00:00,MTR-SCI-01,757.44,North Campus,Science Complex,450,37.774649,-122.418499,5000.0,Academic Lab,False,Normal
2026-09-23 13:00:00,MTR-SCI-01,631.75,North Campus,Science Complex,450,37.774649,-122.418499,5000.0,Academic Lab,False,Normal
2026-09-23 14:00:00,MTR-SCI-01,662.04,North Campus,Science Complex,450,37.774649,-122.418499,5000.0,Academic Lab,False,Normal
2026-09-23 15:00:00,MTR-SCI-01,553.8,North Campus,Science Complex,450,37.774649,-122.418499,5000.0,Academic Lab,False,Normal
2026-09-23 16:00:00,MTR-SCI-01,511.01,North Campus,Science Complex,450,37.774649,-122.418499,5000.0,Academic Lab,False,Normal
2026-09-23 17:00:00,MTR-SCI-01,816.46,North Campus,Science Complex,450,37.774649,-122.418499,5000.0,Academic Lab,False,Normal
2026-09-23 18:00:00,MTR-SCI-01,803.96,North Campus,Science Complex,450,37.774649,-122.418499,5000.0,Academic Lab,False,Normal
2026-09-23 19:00:00,MTR-SCI-01,609.38,North Campus,Science Complex,450,37.774649,-122.418499,5000.0,Academic Lab,False,Normal
2026-09-23 20:00:00,MTR-SCI-01,443.19,North Campus,Science Complex,450,37.774649,-122.418499,5000.0,Academic Lab,False,Normal
2026-09-23 21:00:00,MTR-SCI-01,397.04,North Campus,Science Complex,450,37.774649,-122.418499,5000.0,Academic Lab,False,Normal
2026-09-23 22:00:00,MTR-SCI-01,251.79,North Campus,Science Complex,450,37.774649,-122.418499,5000.0,Academic Lab,False,Normal
2026-09-23 23:00:00,MTR-SCI-01,119.66,North Campus,Science Complex,450,37.774649,-122.418499,5000.0,Academic Lab,False,Normal
2026-09-24 00:00:00,MTR-SCI-01,1279.74,North Campus,Science Complex,450,37.774649,-122.418499,5000.0,Academic Lab,True,Night-time Usage
2026-09-24 01:00:00,MTR-SCI-01,16.16,North Campus,Science Complex,450,37.774649,-122.418499,5000.0,Academic Lab,False,Normal
2026-09-24 02:00:00,MTR-SCI-01,19.65,North Campus,Science Complex,450,37.774649,-122.418499,5000.0,Academic Lab,False,Normal
2026-09-24 03:00:00,MTR-SCI-01,49.85,North Campus,Science Complex,450,37.774649,-122.418499,5000.0,Academic Lab,False,Normal
2026-09-24 04:00:00,MTR-SCI-01,164.04,North Campus,Science Complex,450,37.774649,-122.418499,5000.0,Academic Lab,False,Normal
2026-09-24 05:00:00,MTR-SCI-01,105.68,North Campus,Science Complex,450,37.774649,-122.418499,5000.0,Academic Lab,False,Normal
2026-09-24 06:00:00,MTR-SCI-01,307.84,North Campus,Science Complex,450,37.774649,-122.418499,5000.0,Academic Lab,False,Normal
2026-09-24 07:00:00,MTR-SCI-01,762.66,North Campus,Science Complex,450,37.774649,-122.418499,5000.0,Academic Lab,False,Normal
2026-09-24 08:00:00,MTR-SCI-01,787.87,North Campus,Science Complex,450,37.774649,-122.418499,5000.0,Academic Lab,False,Normal
2026-09-24 09:00:00,MTR-SCI-01,681.67,North Campus,Science Complex,450,37.774649,-122.418499,5000.0,Academic Lab,False,Normal
2026-09-24 10:00:00,MTR-SCI-01,619.01,North Campus,Science Complex,450,37.774649,-122.418499,5000.0,Academic Lab,False,Normal
2026-09-24 11:00:00,MTR-SCI-01,682.63,North Campus,Science Complex,450,37.774649,-122.418499,5000.0,Academic Lab,False,Normal
2026-09-24 12:00:00,MTR-SCI-01,794.65,North Campus,Science Complex,450,37.774649,-122.418499,5000.0,Academic Lab,False,Normal
2026-09-24 13:00:00,MTR-SCI-01,637.47,North Campus,Science Complex,450,37.774649,-122.418499,5000.0,Academic Lab,False,Normal
2026-09-24 14:00:00,MTR-SCI-01,553.32,North Campus,Science Complex,450,37.774649,-122.418499,5000.0,Academic Lab,False,Normal
2026-09-24 15:00:00,MTR-SCI-01,540.64,North Campus,Science Complex,450,37.774649,-122.418499,5000.0,Academic Lab,False,Normal
2026-09-24 16:00:00,MTR-SCI-01,600.61,North Campus,Science Complex,450,37.774649,-122.418499,5000.0,Academic Lab,False,Normal
2026-09-24 17:00:00,MTR-SCI-01,671.41,North Campus,Science Complex,450,37.774649,-122.418499,5000.0,Academic Lab,False,Normal
2026-09-24 18:00:00,MTR-SCI-01,720.67,North Campus,Science Complex,450,37.774649,-122.418499,5000.0,Academic Lab,False,Normal
2026-09-24 19:00:00,MTR-SCI-01,638.4,North Campus,Science Complex,450,37.774649,-122.418499,5000.0,Academic Lab,False,Normal
2026-09-03 20:00:00,MTR-ENG-02,374.41,North Campus,Engineering Tower,520,37.776547,-122.418988,6000.0,Research Facility,False,Normal
2026-09-03 21:00:00,MTR-ENG-02,347.7,North Campus,Engineering Tower,520,37.776547,-122.418988,6000.0,Research Facility,False,Normal
2026-09-03 22:00:00,MTR-ENG-02,176.71,North Campus,Engineering Tower,520,37.776547,-122.418988,6000.0,Research Facility,False,Normal
2026-09-03 23:00:00,MTR-ENG-02,127.85,North Campus,Engineering Tower,520,37.776547,-122.418988,6000.0,Research Facility,False,Normal
2026-09-04 00:00:00,MTR-ENG-02,67.51,North Campus,Engineering Tower,520,37.776547,-122.418988,6000.0,Research Facility,False,Normal
2026-09-04 01:00:00,MTR-ENG-02,39.06,North Campus,Engineering Tower,520,37.776547,-122.418988,6000.0,Research Facility,False,Normal
2026-09-04 02:00:00,MTR-ENG-02,15.05,North Campus,Engineering Tower,520,37.776547,-122.418988,6000.0,Research Facility,False,Normal
2026-09-04 03:00:00,MTR-ENG-02,32.47,North Campus,Engineering Tower,520,37.776547,-122.418988,6000.0,Research Facility,False,Normal
2026-09-04 04:00:00,MTR-ENG-02,44.4,North Campus,Engineering Tower,520,37.776547,-122.418988,6000.0,Research Facility,False,Normal
2026-09-04 05:00:00,MTR-ENG-02,65.93,North Campus,Engineering Tower,520,37.776547,-122.418988,6000.0,Research Facility,False,Normal
2026-09-04 06:00:00,MTR-ENG-02,171.73,North Campus,Engineering Tower,520,37.776547,-122.418988,6000.0,Research Facility,False,Normal
2026-09-04 07:00:00,MTR-ENG-02,469.07,North Campus,Engineering Tower,520,37.776547,-122.418988,6000.0,Research Facility,True,Normal
2026-09-04 08:00:00,MTR-ENG-02,497.58,North Campus,Engineering Tower,520,37.776547,-122.418988,6000.0,Research Facility,False,Normal
2026-09-04 09:00:00,MTR-ENG-02,455.46,North Campus,Engineering Tower,520,37.776547,-122.418988,6000.0,Research Facility,False,Normal
2026-09-04 10:00:00,MTR-ENG-02,409.28,North Campus,Engineering Tower,520,37.776547,-122.418988,6000.0,Research Facility,False,Normal
2026-09-04 11:00:00,MTR-ENG-02,440.52,North Campus,Engineering Tower,520,37.776547,-122.418988,6000.0,Research Facility,False,Normal
2026-09-04 12:00:00,MTR-ENG-02,528.11,North Campus,Engineering Tower,520,37.776547,-122.418988,6000.0,Research Facility,False,Normal
2026-09-04 13:00:00,MTR-ENG-02,410.76,North Campus,Engineering Tower,520,37.776547,-122.418988,6000.0,Research Facility,False,Normal
2026-09-04 14:00:00,MTR-ENG-02,354.18,North Campus,Engineering Tower,520,37.776547,-122.418988,6000.0,Research Facility,False,Normal
2026-09-04 15:00:00,MTR-ENG-02,376.73,North Campus,Engineering Tower,520,37.776547,-122.418988,6000.0,Research Facility,False,Normal
2026-09-04 16:00:00,MTR-ENG-02,402.56,North Campus,Engineering Tower,520,37.776547,-122.418988,6000.0,Research Facility,False,Normal
2026-09-04 17:00:00,MTR-ENG-02,465.43,North Campus,Engineering Tower,520,37.776547,-122.418988,6000.0,Research Facility,False,Normal
2026-09-04 18:00:00,MTR-ENG-02,466.46,North Campus,Engineering Tower,520,37.776547,-122.418988,6000.0,Research Facility,False,Normal
2026-09-04 19:00:00,MTR-ENG-02,466.95,North Campus,Engineering Tower,520,37.776547,-122.418988,6000.0,Research Facility,False,Normal
2026-09-04 20:00:00,MTR-ENG-02,382.47,North Campus,Engineering Tower,520,37.776547,-122.418988,6000.0,Research Facility,False,Normal
2026-09-04 21:00:00,MTR-ENG-02,312.27,North Campus,Engineering Tower,520,37.776547,-122.418988,6000.0,Research Facility,False,Normal
2026-09-04 22:00:00,MTR-ENG-02,183.59,North Campus,Engineering Tower,520,37.776547,-122.418988,6000.0,Research Facility,False,Normal
2026-09-04 23:00:00,MTR-ENG-02,131.75,North Campus,Engineering Tower,520,37.776547,-122.418988,6000.0,Research Facility,False,Normal
2026-09-05 00:00:00,MTR-ENG-02,6.45,North Campus,Engineering Tower,520,37.776547,-122.418988,6000.0,Research Facility,False,Normal
2026-09-05 01:00:00,MTR-ENG-02,5.0,North Campus,Engineering Tower,520,37.776547,-122.418988,6000.0,Research Facility,False,Normal
2026-09-05 02:00:00,MTR-ENG-02,284.42,North Campus,Engineering Tower,520,37.776547,-122.418988,6000.0,Research Facility,True,Gradual Increase
2026-09-05 03:00:00,MTR-ENG-02,5.0,North Campus,Engineering Tower,520,37.776547,-122.418988,6000.0,Research Facility,False,Normal
2026-09-05 04:00:00,MTR-ENG-02,19.62,North Campus,Engineering Tower,520,37.776547,-122.418988,6000.0,Research Facility,False,Normal
2026-09-05 05:00:00,MTR-ENG-02,49.02,North Campus,Engineering Tower,520,37.776547,-122.418988,6000.0,Research Facility,False,Normal
2026-09-05 06:00:00,MTR-ENG-02,47.03,North Campus,Engineering Tower,520,37.776547,-122.418988,6000.0,Research Facility,False,Normal
2026-09-05 07:00:00,MTR-ENG-02,209.55,North Campus,Engineering Tower,520,37.776547,-122.418988,6000.0,Research Facility,False,Normal
2026-09-05 08:00:00,MTR-ENG-02,181.91,North Campus,Engineering Tower,520,37.776547,-122.418988,6000.0,Research Facility,False,Normal
2026-09-05 09:00:00,MTR-ENG-02,130.17,North Campus,Engineering Tower,520,37.776547,-122.418988,6000.0,Research Facility,False,Normal
2026-09-05 10:00:00,MTR-ENG-02,736.42,North Campus,Engineering Tower,520,37.776547,-122.418988,6000.0,Research Facility,True,Persistent High Usage
2026-09-05 11:00:00,MTR-ENG-02,715.01,North Campus,Engineering Tower,520,37.776547,-122.418988,6000.0,Research Facility,True,Persistent High Usage
2026-09-05 12:00:00,MTR-ENG-02,851.45,North Campus,Engineering Tower,520,37.776547,-122.418988,6000.0,Research Facility,True,Persistent High Usage
2026-09-05 13:00:00,MTR-ENG-02,741.01,North Campus,Engineering Tower,520,37.776547,-122.418988,6000.0,Research Facility,True,Persistent High Usage
2026-09-05 14:00:00,MTR-ENG-02,770.43,North Campus,Engineering Tower,520,37.776547,-122.418988,6000.0,Research Facility,True,Persistent High Usage
2026-09-05 15:00:00,MTR-ENG-02,706.92,North Campus,Engineering Tower,520,37.776547,-122.418988,6000.0,Research Facility,True,Persistent High Usage
2026-09-05 16:00:00,MTR-ENG-02,146.91,North Campus,Engineering Tower,520,37.776547,-122.418988,6000.0,Research Facility,False,Normal
2026-09-05 17:00:00,MTR-ENG-02,173.61,North Campus,Engineering Tower,520,37.776547,-122.418988,6000.0,Research Facility,False,Normal
2026-09-05 18:00:00,MTR-ENG-02,159.37,North Campus,Engineering Tower,520,37.776547,-122.418988,6000.0,Research Facility,False,Normal
2026-09-05 19:00:00,MTR-ENG-02,137.72,North Campus,Engineering Tower,520,37.776547,-122.418988,6000.0,Research Facility,False,Normal
2026-09-05 20:00:00,MTR-ENG-02,190.21,North Campus,Engineering Tower,520,37.776547,-122.418988,6000.0,Research Facility,False,Normal
2026-09-05 21:00:00,MTR-ENG-02,100.49,North Campus,Engineering Tower,520,37.776547,-122.418988,6000.0,Research Facility,False,Normal
2026-09-05 22:00:00,MTR-ENG-02,35.65,North Campus,Engineering Tower,520,37.776547,-122.418988,6000.0,Research Facility,False,Normal
2026-09-05 23:00:00,MTR-ENG-02,30.76,North Campus,Engineering Tower,520,37.776547,-122.418988,6000.0,Research Facility,False,Normal
2026-09-06 00:00:00,MTR-ENG-02,12.98,North Campus,Engineering Tower,520,37.776547,-122.418988,6000.0,Research Facility,False,Normal
2026-09-06 01:00:00,MTR-ENG-02,5.0,North Campus,Engineering Tower,520,37.776547,-122.418988,6000.0,Research Facility,False,Normal
2026-09-06 02:00:00,MTR-ENG-02,36.4,North Campus,Engineering Tower,520,37.776547,-122.418988,6000.0,Research Facility,False,Normal
2026-09-06 03:00:00,MTR-ENG-02,26.46,North Campus,Engineering Tower,520,37.776547,-122.418988,6000.0,Research Facility,False,Normal
2026-09-06 04:00:00,MTR-ENG-02,21.77,North Campus,Engineering Tower,520,37.776547,-122.418988,6000.0,Research Facility,False,Normal
2026-09-06 05:00:00,MTR-ENG-02,8.03,North Campus,Engineering Tower,520,37.776547,-122.418988,6000.0,Research Facility,False,Normal
2026-09-06 06:00:00,MTR-ENG-02,114.69,North Campus,Engineering Tower,520,37.776547,-122.418988,6000.0,Research Facility,False,Normal
2026-09-06 07:00:00,MTR-ENG-02,170.32,North Campus,Engineering Tower,520,37.776547,-122.418988,6000.0,Research Facility,False,Normal
2026-09-06 08:00:00,MTR-ENG-02,162.67,North Campus,Engineering Tower,520,37.776547,-122.418988,6000.0,Research Facility,False,Normal
2026-09-06 09:00:00,MTR-ENG-02,178.3,North Campus,Engineering Tower,520,37.776547,-122.418988,6000.0,Research Facility,False,Normal
2026-09-06 10:00:00,MTR-ENG-02,139.91,North Campus,Engineering Tower,520,37.776547,-122.418988,6000.0,Research Facility,False,Normal
2026-09-06 11:00:00,MTR-ENG-02,180.47,North Campus,Engineering Tower,520,37.776547,-122.418988,6000.0,Research Facility,False,Normal
2026-09-06 12:00:00,MTR-ENG-02,183.39,North Campus,Engineering Tower,520,37.776547,-122.418988,6000.0,Research Facility,False,Normal
2026-09-06 13:00:00,MTR-ENG-02,202.08,North Campus,Engineering Tower,520,37.776547,-122.418988,6000.0,Research Facility,False,Normal
2026-09-06 14:00:00,MTR-ENG-02,102.8,North Campus,Engineering Tower,520,37.776547,-122.418988,6000.0,Research Facility,False,Normal
2026-09-06 15:00:00,MTR-ENG-02,110.51,North Campus,Engineering Tower,520,37.776547,-122.418988,6000.0,Research Facility,False,Normal
2026-09-06 16:00:00,MTR-ENG-02,217.41,North Campus,Engineering Tower,520,37.776547,-122.418988,6000.0,Research Facility,False,Normal
2026-09-06 17:00:00,MTR-ENG-02,157.96,North Campus,Engineering Tower,520,37.776547,-122.418988,6000.0,Research Facility,False,Normal
2026-09-06 18:00:00,MTR-ENG-02,135.87,North Campus,Engineering Tower,520,37.776547,-122.418988,6000.0,Research Facility,False,Normal
2026-09-06 19:00:00,MTR-ENG-02,164.03,North Campus,Engineering Tower,520,37.776547,-122.418988,6000.0,Research Facility,False,Normal
2026-09-06 20:00:00,MTR-ENG-02,154.56,North Campus,Engineering Tower,520,37.776547,-122.418988,6000.0,Research Facility,False,Normal
2026-09-06 21:00:00,MTR-ENG-02,98.1,North Campus,Engineering Tower,520,37.776547,-122.418988,6000.0,Research Facility,False,Normal
2026-09-06 22:00:00,MTR-ENG-02,8.79,North Campus,Engineering Tower,520,37.776547,-122.418988,6000.0,Research Facility,False,Normal
2026-09-06 23:00:00,MTR-ENG-02,5.22,North Campus,Engineering Tower,520,37.776547,-122.418988,6000.0,Research Facility,False,Normal
2026-09-07 00:00:00,MTR-ENG-02,8.52,North Campus,Engineering Tower,520,37.776547,-122.418988,6000.0,Research Facility,False,Normal
2026-09-07 01:00:00,MTR-ENG-02,88.41,North Campus,Engineering Tower,520,37.776547,-122.418988,6000.0,Research Facility,False,Normal
2026-09-07 02:00:00,MTR-ENG-02,5.0,North Campus,Engineering Tower,520,37.776547,-122.418988,6000.0,Research Facility,False,Normal
2026-09-07 03:00:00,MTR-ENG-02,11.62,North Campus,Engineering Tower,520,37.776547,-122.418988,6000.0,Research Facility,False,Normal
2026-09-07 04:00:00,MTR-ENG-02,55.27,North Campus,Engineering Tower,520,37.776547,-122.418988,6000.0,Research Facility,False,Normal
2026-09-07 05:00:00,MTR-ENG-02,50.88,North Campus,Engineering Tower,520,37.776547,-122.418988,6000.0,Research Facility,False,Normal
2026-09-07 06:00:00,MTR-ENG-02,197.84,North Campus,Engineering Tower,520,37.776547,-122.418988,6000.0,Research Facility,False,Normal
2026-09-07 07:00:00,MTR-ENG-02,440.17,North Campus,Engineering Tower,520,37.776547,-122.418988,6000.0,Research Facility,False,Normal
2026-09-07 08:00:00,MTR-ENG-02,518.6,North Campus,Engineering Tower,520,37.776547,-122.418988,6000.0,Research Facility,False,Normal
2026-09-07 09:00:00,MTR-ENG-02,416.9,North Campus,Engineering Tower,520,37.776547,-122.418988,6000.0,Research Facility,False,Normal
2026-09-07 10:00:00,MTR-ENG-02,386.58,North Campus,Engineering Tower,520,37.776547,-122.418988,6000.0,Research Facility,False,Normal
2026-09-07 11:00:00,MTR-ENG-02,470.71,North Campus,Engineering Tower,520,37.776547,-122.418988,6000.0,Research Facility,False,Normal
2026-09-07 12:00:00,MTR-ENG-02,461.38,North Campus,Engineering Tower,520,37.776547,-122.418988,6000.0,Research Facility,False,Normal
2026-09-07 13:00:00,MTR-ENG-02,416.51,North Campus,Engineering Tower,520,37.776547,-122.418988,6000.0,Research Facility,False,Normal
2026-09-07 14:00:00,MTR-ENG-02,395.8,North Campus,Engineering Tower,520,37.776547,-122.418988,6000.0,Research Facility,False,Normal
2026-09-07 15:00:00,MTR-ENG-02,322.98,North Campus,Engineering Tower,520,37.776547,-122.418988,6000.0,Research Facility,False,Normal
2026-09-07 16:00:00,MTR-ENG-02,348.54,North Campus,Engineering Tower,520,37.776547,-122.418988,6000.0,Research Facility,False,Normal
2026-09-07 17:00:00,MTR-ENG-02,451.41,North Campus,Engineering Tower,520,37.776547,-122.418988,6000.0,Research Facility,False,Normal
2026-09-07 18:00:00,MTR-ENG-02,418.84,North Campus,Engineering Tower,520,37.776547,-122.418988,6000.0,Research Facility,False,Normal
2026-09-07 19:00:00,MTR-ENG-02,431.74,North Campus,Engineering Tower,520,37.776547,-122.418988,6000.0,Research Facility,False,Normal
2026-09-07 20:00:00,MTR-ENG-02,374.5,North Campus,Engineering Tower,520,37.776547,-122.418988,6000.0,Research Facility,False,Normal
2026-09-07 21:00:00,MTR-ENG-02,251.04,North Campus,Engineering Tower,520,37.776547,-122.418988,6000.0,Research Facility,False,Normal
2026-09-07 22:00:00,MTR-ENG-02,192.96,North Campus,Engineering Tower,520,37.776547,-122.418988,6000.0,Research Facility,False,Normal
2026-09-07 23:00:00,MTR-ENG-02,118.2,North Campus,Engineering Tower,520,37.776547,-122.418988,6000.0,Research Facility,False,Normal
2026-09-08 00:00:00,MTR-ENG-02,60.84,North Campus,Engineering Tower,520,37.776547,-122.418988,6000.0,Research Facility,False,Normal
2026-09-08 01:00:00,MTR-ENG-02,69.3,North Campus,Engineering Tower,520,37.776547,-122.418988,6000.0,Research Facility,False,Normal
2026-09-08 02:00:00,MTR-ENG-02,18.3,North Campus,Engineering Tower,520,37.776547,-122.418988,6000.0,Research Facility,False,Normal
2026-09-08 03:00:00,MTR-ENG-02,12.21,North Campus,Engineering Tower,520,37.776547,-122.418988,6000.0,Research Facility,False,Normal
2026-09-08 04:00:00,MTR-ENG-02,37.22,North Campus,Engineering Tower,520,37.776547,-122.418988,6000.0,Research Facility,False,Normal
2026-09-08 05:00:00,MTR-ENG-02,56.83,North Campus,Engineering Tower,520,37.776547,-122.418988,6000.0,Research Facility,False,Normal
2026-09-08 06:00:00,MTR-ENG-02,170.92,North Campus,Engineering Tower,520,37.776547,-122.418988,6000.0,Research Facility,False,Normal
2026-09-08 07:00:00,MTR-ENG-02,459.07,North Campus,Engineering Tower,520,37.776547,-122.418988,6000.0,Research Facility,False,Normal
2026-09-08 08:00:00,MTR-ENG-02,513.58,North Campus,Engineering Tower,520,37.776547,-122.418988,6000.0,Research Facility,False,Normal
2026-09-08 09:00:00,MTR-ENG-02,437.13,North Campus,Engineering Tower,520,37.776547,-122.418988,6000.0,Research Facility,False,Normal
2026-09-08 10:00:00,MTR-ENG-02,333.72,North Campus,Engineering Tower,520,37.776547,-122.418988,6000.0,Research Facility,False,Normal
2026-09-08 11:00:00,MTR-ENG-02,521.7,North Campus,Engineering Tower,520,37.776547,-122.418988,6000.0,Research Facility,False,Normal
2026-09-08 12:00:00,MTR-ENG-02,467.28,North Campus,Engineering Tower,520,37.776547,-122.418988,6000.0,Research Facility,False,Normal
2026-09-08 13:00:00,MTR-ENG-02,425.35,North Campus,Engineering Tower,520,37.776547,-122.418988,6000.0,Research Facility,False,Normal
2026-09-08 14:00:00,MTR-ENG-02,381.37,North Campus,Engineering Tower,520,37.776547,-122.418988,6000.0,Research Facility,False,Normal
2026-09-08 15:00:00,MTR-ENG-02,339.16,North Campus,Engineering Tower,520,37.776547,-122.418988,6000.0,Research Facility,False,Normal
2026-09-08 16:00:00,MTR-ENG-02,405.72,North Campus,Engineering Tower,520,37.776547,-122.418988,6000.0,Research Facility,False,Normal
2026-09-08 17:00:00,MTR-ENG-02,433.88,North Campus,Engineering Tower,520,37.776547,-122.418988,6000.0,Research Facility,False,Normal
2026-09-08 18:00:00,MTR-ENG-02,474.97,North Campus,Engineering Tower,520,37.776547,-122.418988,6000.0,Research Facility,False,Normal
2026-09-08 19:00:00,MTR-ENG-02,479.3,North Campus,Engineering Tower,520,37.776547,-122.418988,6000.0,Research Facility,False,Normal
2026-09-08 20:00:00,MTR-ENG-02,344.65,North Campus,Engineering Tower,520,37.776547,-122.418988,6000.0,Research Facility,False,Normal
2026-09-08 21:00:00,MTR-ENG-02,290.72,North Campus,Engineering Tower,520,37.776547,-122.418988,6000.0,Research Facility,False,Normal
2026-09-08 22:00:00,MTR-ENG-02,140.66,North Campus,Engineering Tower,520,37.776547,-122.418988,6000.0,Research Facility,False,Normal
2026-09-08 23:00:00,MTR-ENG-02,103.14,North Campus,Engineering Tower,520,37.776547,-122.418988,6000.0,Research Facility,False,Normal
2026-09-09 00:00:00,MTR-ENG-02,30.0,North Campus,Engineering Tower,520,37.776547,-122.418988,6000.0,Research Facility,False,Normal
2026-09-09 01:00:00,MTR-ENG-02,42.05,North Campus,Engineering Tower,520,37.776547,-122.418988,6000.0,Research Facility,False,Normal
2026-09-09 02:00:00,MTR-ENG-02,54.52,North Campus,Engineering Tower,520,37.776547,-122.418988,6000.0,Research Facility,False,Normal
2026-09-09 03:00:00,MTR-ENG-02,20.33,North Campus,Engineering Tower,520,37.776547,-122.418988,6000.0,Research Facility,False,Normal
2026-09-09 04:00:00,MTR-ENG-02,56.13,North Campus,Engineering Tower,520,37.776547,-122.418988,6000.0,Research Facility,False,Normal
2026-09-09 05:00:00,MTR-ENG-02,94.63,North Campus,Engineering Tower,520,37.776547,-122.418988,6000.0,Research Facility,False,Normal
2026-09-09 06:00:00,MTR-ENG-02,215.39,North Campus,Engineering Tower,520,37.776547,-122.418988,6000.0,Research Facility,False,Normal
2026-09-09 07:00:00,MTR-ENG-02,474.31,North Campus,Engineering Tower,520,37.776547,-122.418988,6000.0,Research Facility,False,Normal
2026-09-09 08:00:00,MTR-ENG-02,544.86,North Campus,Engineering Tower,520,37.776547,-122.418988,6000.0,Research Facility,False,Normal
2026-09-09 09:00:00,MTR-ENG-02,417.72,North Campus,Engineering Tower,520,37.776547,-122.418988,6000.0,Research Facility,False,Normal
2026-09-09 10:00:00,MTR-ENG-02,356.09,North Campus,Engineering Tower,520,37.776547,-122.418988,6000.0,Research Facility,False,Normal
2026-09-09 11:00:00,MTR-ENG-02,397.13,North Campus,Engineering Tower,520,37.776547,-122.418988,6000.0,Research Facility,False,Normal
2026-09-09 12:00:00,MTR-ENG-02,450.58,North Campus,Engineering Tower,520,37.776547,-122.418988,6000.0,Research Facility,False,Normal
2026-09-09 13:00:00,MTR-ENG-02,399.58,North Campus,Engineering Tower,520,37.776547,-122.418988,6000.0,Research Facility,False,Normal
2026-09-09 14:00:00,MTR-ENG-02,378.46,North Campus,Engineering Tower,520,37.776547,-122.418988,6000.0,Research Facility,False,Normal
2026-09-09 15:00:00,MTR-ENG-02,337.82,North Campus,Engineering Tower,520,37.776547,-122.418988,6000.0,Research Facility,False,Normal
2026-09-09 16:00:00,MTR-ENG-02,329.69,North Campus,Engineering Tower,520,37.776547,-122.418988,6000.0,Research Facility,False,Normal
2026-09-09 17:00:00,MTR-ENG-02,440.24,North Campus,Engineering Tower,520,37.776547,-122.418988,6000.0,Research Facility,False,Normal
2026-09-09 18:00:00,MTR-ENG-02,463.46,North Campus,Engineering Tower,520,37.776547,-122.418988,6000.0,Research Facility,False,Normal
2026-09-09 19:00:00,MTR-ENG-02,424.29,North Campus,Engineering Tower,520,37.776547,-122.418988,6000.0,Research Facility,False,Normal
2026-09-09 20:00:00,MTR-ENG-02,396.15,North Campus,Engineering Tower,520,37.776547,-122.418988,6000.0,Research Facility,False,Normal
2026-09-09 21:00:00,MTR-ENG-02,239.29,North Campus,Engineering Tower,520,37.776547,-122.418988,6000.0,Research Facility,False,Normal
2026-09-09 22:00:00,MTR-ENG-02,188.42,North Campus,Engineering Tower,520,37.776547,-122.418988,6000.0,Research Facility,False,Normal
2026-09-09 23:00:00,MTR-ENG-02,100.61,North Campus,Engineering Tower,520,37.776547,-122.418988,6000.0,Research Facility,False,Normal
2026-09-10 00:00:00,MTR-ENG-02,44.11,North Campus,Engineering Tower,520,37.776547,-122.418988,6000.0,Research Facility,False,Normal
2026-09-10 01:00:00,MTR-ENG-02,44.65,North Campus,Engineering Tower,520,37.776547,-122.418988,6000.0,Research Facility,False,Normal
2026-09-10 02:00:00,MTR-ENG-02,22.05,North Campus,Engineering Tower,520,37.776547,-122.418988,6000.0,Research Facility,False,Normal
2026-09-10 03:00:00,MTR-ENG-02,42.23,North Campus,Engineering Tower,520,37.776547,-122.418988,6000.0,Research Facility,False,Normal
2026-09-10 04:00:00,MTR-ENG-02,17.11,North Campus,Engineering Tower,520,37.776547,-122.418988,6000.0,Research Facility,False,Normal
2026-09-10 05:00:00,MTR-ENG-02,58.2,North Campus,Engineering Tower,520,37.776547,-122.418988,6000.0,Research Facility,False,Normal
2026-09-10 06:00:00,MTR-ENG-02,134.94,North Campus,Engineering Tower,520,37.776547,-122.418988,6000.0,Research Facility,False,Normal
2026-09-10 07:00:00,MTR-ENG-02,469.6,North Campus,Engineering Tower,520,37.776547,-122.418988,6000.0,Research Facility,False,Normal
2026-09-10 08:00:00,MTR-ENG-02,493.39,North Campus,Engineering Tower,520,37.776547,-122.418988,6000.0,Research Facility,False,Normal
2026-09-10 09:00:00,MTR-ENG-02,381.68,North Campus,Engineering Tower,520,37.776547,-122.418988,6000.0,Research Facility,False,Normal
2026-09-10 10:00:00,MTR-ENG-02,364.49,North Campus,Engineering Tower,520,37.776547,-122.418988,6000.0,Research Facility,False,Normal
2026-09-10 11:00:00,MTR-ENG-02,456.8,North Campus,Engineering Tower,520,37.776547,-122.418988,6000.0,Research Facility,False,Normal
2026-09-10 12:00:00,MTR-ENG-02,497.16,North Campus,Engineering Tower,520,37.776547,-122.418988,6000.0,Research Facility,False,Normal
2026-09-10 13:00:00,MTR-ENG-02,382.35,North Campus,Engineering Tower,520,37.776547,-122.418988,6000.0,Research Facility,False,Normal
2026-09-10 14:00:00,MTR-ENG-02,411.84,North Campus,Engineering Tower,520,37.776547,-122.418988,6000.0,Research Facility,False,Normal
2026-09-10 15:00:00,MTR-ENG-02,354.81,North Campus,Engineering Tower,520,37.776547,-122.418988,6000.0,Research Facility,False,Normal
2026-09-10 16:00:00,MTR-ENG-02,403.67,North Campus,Engineering Tower,520,37.776547,-122.418988,6000.0,Research Facility,False,Normal
2026-09-10 17:00:00,MTR-ENG-02,462.6,North Campus,Engineering Tower,520,37.776547,-122.418988,6000.0,Research Facility,False,Normal
2026-09-10 18:00:00,MTR-ENG-02,468.09,North Campus,Engineering Tower,520,37.776547,-122.418988,6000.0,Research Facility,False,Normal
2026-09-10 19:00:00,MTR-ENG-02,435.74,North Campus,Engineering Tower,520,37.776547,-122.418988,6000.0,Research Facility,False,Normal
2026-09-10 20:00:00,MTR-ENG-02,388.11,North Campus,Engineering Tower,520,37.776547,-122.418988,6000.0,Research Facility,False,Normal
2026-09-10 21:00:00,MTR-ENG-02,280.7,North Campus,Engineering Tower,520,37.776547,-122.418988,6000.0,Research Facility,False,Normal
2026-09-10 22:00:00,MTR-ENG-02,190.25,North Campus,Engineering Tower,520,37.776547,-122.418988,6000.0,Research Facility,False,Normal
2026-09-10 23:00:00,MTR-ENG-02,65.91,North Campus,Engineering Tower,520,37.776547,-122.418988,6000.0,Research Facility,False,Normal
2026-09-11 00:00:00,MTR-ENG-02,100.45,North Campus,Engineering Tower,520,37.776547,-122.418988,6000.0,Research Facility,False,Normal
2026-09-11 01:00:00,MTR-ENG-02,11.47,North Campus,Engineering Tower,520,37.776547,-122.418988,6000.0,Research Facility,False,Normal
2026-09-11 02:00:00,MTR-ENG-02,87.62,North Campus,Engineering Tower,520,37.776547,-122.418988,6000.0,Research Facility,False,Normal
2026-09-11 03:00:00,MTR-ENG-02,5.0,North Campus,Engineering Tower,520,37.776547,-122.418988,6000.0,Research Facility,False,Normal
2026-09-11 04:00:00,MTR-ENG-02,31.16,North Campus,Engineering Tower,520,37.776547,-122.418988,6000.0,Research Facility,False,Normal
2026-09-11 05:00:00,MTR-ENG-02,875.32,North Campus,Engineering Tower,520,37.776547,-122.418988,6000.0,Research Facility,True,Night-time Usage
2026-09-11 06:00:00,MTR-ENG-02,145.14,North Campus,Engineering Tower,520,37.776547,-122.418988,6000.0,Research Facility,False,Normal
2026-09-11 07:00:00,MTR-ENG-02,466.09,North Campus,Engineering Tower,520,37.776547,-122.418988,6000.0,Research Facility,False,Normal
2026-09-11 08:00:00,MTR-ENG-02,518.34,North Campus,Engineering Tower,520,37.776547,-122.418988,6000.0,Research Facility,False,Normal
2026-09-11 09:00:00,MTR-ENG-02,424.77,North Campus,Engineering Tower,520,37.776547,-122.418988,6000.0,Research Facility,False,Normal
2026-09-11 10:00:00,MTR-ENG-02,351.81,North Campus,Engineering Tower,520,37.776547,-122.418988,6000.0,Research Facility,False,Normal
2026-09-11 11:00:00,MTR-ENG-02,389.81,North Campus,Engineering Tower,520,37.776547,-122.418988,6000.0,Research Facility,False,Normal
2026-09-11 12:00:00,MTR-ENG-02,501.03,North Campus,Engineering Tower,520,37.776547,-122.418988,6000.0,Research Facility,False,Normal
2026-09-11 13:00:00,MTR-ENG-02,393.31,North Campus,Engineering Tower,520,37.776547,-122.418988,6000.0,Research Facility,False,Normal
2026-09-11 14:00:00,MTR-ENG-02,343.92,North Campus,Engineering Tower,520,37.776547,-122.418988,6000.0,Research Facility,False,Normal
2026-09-11 15:00:00,MTR-ENG-02,337.52,North Campus,Engineering Tower,520,37.776547,-122.418988,6000.0,Research Facility,False,Normal
2026-09-11 16:00:00,MTR-ENG-02,370.2,North Campus,Engineering Tower,520,37.776547,-122.418988,6000.0,Research Facility,False,Normal
2026-09-11 17:00:00,MTR-ENG-02,459.72,North Campus,Engineering Tower,520,37.776547,-122.418988,6000.0,Research Facility,False,Normal
2026-09-11 18:00:00,MTR-ENG-02,503.84,North Campus,Engineering Tower,520,37.776547,-122.418988,6000.0,Research Facility,False,Normal
2026-09-11 19:00:00,MTR-ENG-02,427.78,North Campus,Engineering Tower,520,37.776547,-122.418988,6000.0,Research Facility,False,Normal
2026-09-11 20:00:00,MTR-ENG-02,324.97,North Campus,Engineering Tower,520,37.776547,-122.418988,6000.0,Research Facility,False,Normal
2026-09-11 21:00:00,MTR-ENG-02,255.35,North Campus,Engineering Tower,520,37.776547,-122.418988,6000.0,Research Facility,False,Normal
2026-09-11 22:00:00,MTR-ENG-02,188.83,North Campus,Engineering Tower,520,37.776547,-122.418988,6000.0,Research Facility,False,Normal
2026-09-11 23:00:00,MTR-ENG-02,137.89,North Campus,Engineering Tower,520,37.776547,-122.418988,6000.0,Research Facility,False,Normal
2026-09-12 00:00:00,MTR-ENG-02,20.46,North Campus,Engineering Tower,520,37.776547,-122.418988,6000.0,Research Facility,False,Normal
2026-09-12 01:00:00,MTR-ENG-02,5.0,North Campus,Engineering Tower,520,37.776547,-122.418988,6000.0,Research Facility,False,Normal
2026-09-12 02:00:00,MTR-ENG-02,5.0,North Campus,Engineering Tower,520,37.776547,-122.418988,6000.0,Research Facility,False,Normal
2026-09-12 03:00:00,MTR-ENG-02,26.63,North Campus,Engineering Tower,520,37.776547,-122.418988,6000.0,Research Facility,False,Normal
2026-09-12 04:00:00,MTR-ENG-02,57.33,North Campus,Engineering Tower,520,37.776547,-122.418988,6000.0,Research Facility,False,Normal
2026-09-12 05:00:00,MTR-ENG-02,21.4,North Campus,Engineering Tower,520,37.776547,-122.418988,6000.0,Research Facility,False,Normal
2026-09-12 06:00:00,MTR-ENG-02,50.91,North Campus,Engineering Tower,520,37.776547,-122.418988,6000.0,Research Facility,False,Normal
2026-09-12 07:00:00,MTR-ENG-02,122.33,North Campus,Engineering Tower,520,37.776547,-122.418988,6000.0,Research Facility,False,Normal
2026-09-12 08:00:00,MTR-ENG-02,180.41,North Campus,Engineering Tower,520,37.776547,-122.418988,6000.0,Research Facility,False,Normal
2026-09-12 09:00:00,MTR-ENG-02,169.9,North Campus,Engineering Tower,520,37.776547,-122.418988,6000.0,Research Facility,False,Normal
2026-09-12 10:00:00,MTR-ENG-02,116.43,North Campus,Engineering Tower,520,37.776547,-122.418988,6000.0,Research Facility,False,Normal
2026-09-12 11:00:00,MTR-ENG-02,160.76,North Campus,Engineering Tower,520,37.776547,-122.418988,6000.0,Research Facility,False,Normal
2026-09-12 12:00:00,MTR-ENG-02,186.18,North Campus,Engineering Tower,520,37.776547,-122.418988,6000.0,Research Facility,False,Normal
2026-09-12 13:00:00,MTR-ENG-02,158.58,North Campus,Engineering Tower,520,37.776547,-122.418988,6000.0,Research Facility,False,Normal
2026-09-12 14:00:00,MTR-ENG-02,101.74,North Campus,Engineering Tower,520,37.776547,-122.418988,6000.0,Research Facility,False,Normal
2026-09-12 15:00:00,MTR-ENG-02,100.71,North Campus,Engineering Tower,520,37.776547,-122.418988,6000.0,Research Facility,False,Normal
2026-09-12 16:00:00,MTR-ENG-02,139.17,North Campus,Engineering Tower,520,37.776547,-122.418988,6000.0,Research Facility,False,Normal
2026-09-12 17:00:00,MTR-ENG-02,179.84,North Campus,Engineering Tower,520,37.776547,-122.418988,6000.0,Research Facility,False,Normal
2026-09-12 18:00:00,MTR-ENG-02,225.15,North Campus,Engineering Tower,520,37.776547,-122.418988,6000.0,Research Facility,False,Normal
2026-09-12 19:00:00,MTR-ENG-02,117.93,North Campus,Engineering Tower,520,37.776547,-122.418988,6000.0,Research Facility,False,Normal
2026-09-12 20:00:00,MTR-ENG-02,131.73,North Campus,Engineering Tower,520,37.776547,-122.418988,6000.0,Research Facility,False,Normal
2026-09-12 21:00:00,MTR-ENG-02,101.07,North Campus,Engineering Tower,520,37.776547,-122.418988,6000.0,Research Facility,False,Normal
2026-09-12 22:00:00,MTR-ENG-02,47.55,North Campus,Engineering Tower,520,37.776547,-122.418988,6000.0,Research Facility,False,Normal
2026-09-12 23:00:00,MTR-ENG-02,61.45,North Campus,Engineering Tower,520,37.776547,-122.418988,6000.0,Research Facility,False,Normal
2026-09-13 00:00:00,MTR-ENG-02,33.3,North Campus,Engineering Tower,520,37.776547,-122.418988,6000.0,Research Facility,False,Normal
2026-09-13 01:00:00,MTR-ENG-02,28.2,North Campus,Engineering Tower,520,37.776547,-122.418988,6000.0,Research Facility,False,Normal
2026-09-13 02:00:00,MTR-ENG-02,5.0,North Campus,Engineering Tower,520,37.776547,-122.418988,6000.0,Research Facility,False,Normal
2026-09-13 03:00:00,MTR-ENG-02,5.0,North Campus,Engineering Tower,520,37.776547,-122.418988,6000.0,Research Facility,False,Normal
2026-09-13 04:00:00,MTR-ENG-02,15.65,North Campus,Engineering Tower,520,37.776547,-122.418988,6000.0,Research Facility,False,Normal
2026-09-13 05:00:00,MTR-ENG-02,34.37,North Campus,Engineering Tower,520,37.776547,-122.418988,6000.0,Research Facility,False,Normal
2026-09-13 06:00:00,MTR-ENG-02,132.44,North Campus,Engineering Tower,520,37.776547,-122.418988,6000.0,Research Facility,False,Normal
2026-09-13 07:00:00,MTR-ENG-02,152.42,North Campus,Engineering Tower,520,37.776547,-122.418988,6000.0,Research Facility,False,Normal
2026-09-13 08:00:00,MTR-ENG-02,109.76,North Campus,Engineering Tower,520,37.776547,-122.418988,6000.0,Research Facility,False,Normal
2026-09-13 09:00:00,MTR-ENG-02,150.43,North Campus,Engineering Tower,520,37.776547,-122.418988,6000.0,Research Facility,False,Normal
2026-09-13 10:00:00,MTR-ENG-02,150.6,North Campus,Engineering Tower,520,37.776547,-122.418988,6000.0,Research Facility,False,Normal
2026-09-13 11:00:00,MTR-ENG-02,156.11,North Campus,Engineering Tower,520,37.776547,-122.418988,6000.0,Research Facility,False,Normal
2026-09-13 12:00:00,MTR-ENG-02,93.95,North Campus,Engineering Tower,520,37.776547,-122.418988,6000.0,Research Facility,False,Normal
2026-09-13 13:00:00,MTR-ENG-02,150.72,North Campus,Engineering Tower,520,37.776547,-122.418988,6000.0,Research Facility,False,Normal
2026-09-13 14:00:00,MTR-ENG-02,145.53,North Campus,Engineering Tower,520,37.776547,-122.418988,6000.0,Research Facility,False,Normal
2026-09-13 15:00:00,MTR-ENG-02,90.03,North Campus,Engineering Tower,520,37.776547,-122.418988,6000.0,Research Facility,False,Normal
2026-09-13 16:00:00,MTR-ENG-02,118.07,North Campus,Engineering Tower,520,37.776547,-122.418988,6000.0,Research Facility,False,Normal
2026-09-13 17:00:00,MTR-ENG-02,158.88,North Campus,Engineering Tower,520,37.776547,-122.418988,6000.0,Research Facility,False,Normal
2026-09-13 18:00:00,MTR-ENG-02,151.21,North Campus,Engineering Tower,520,37.776547,-122.418988,6000.0,Research Facility,False,Normal
2026-09-13 19:00:00,MTR-ENG-02,137.52,North Campus,Engineering Tower,520,37.776547,-122.418988,6000.0,Research Facility,False,Normal
2026-09-13 20:00:00,MTR-ENG-02,133.12,North Campus,Engineering Tower,520,37.776547,-122.418988,6000.0,Research Facility,False,Normal
2026-09-13 21:00:00,MTR-ENG-02,84.04,North Campus,Engineering Tower,520,37.776547,-122.418988,6000.0,Research Facility,False,Normal
2026-09-13 22:00:00,MTR-ENG-02,17.76,North Campus,Engineering Tower,520,37.776547,-122.418988,6000.0,Research Facility,False,Normal
2026-09-13 23:00:00,MTR-ENG-02,54.55,North Campus,Engineering Tower,520,37.776547,-122.418988,6000.0,Research Facility,False,Normal
2026-09-14 00:00:00,MTR-ENG-02,22.59,North Campus,Engineering Tower,520,37.776547,-122.418988,6000.0,Research Facility,False,Normal
2026-09-14 01:00:00,MTR-ENG-02,28.3,North Campus,Engineering Tower,520,37.776547,-122.418988,6000.0,Research Facility,False,Normal
2026-09-14 02:00:00,MTR-ENG-02,13.4,North Campus,Engineering Tower,520,37.776547,-122.418988,6000.0,Research Facility,False,Normal
2026-09-14 03:00:00,MTR-ENG-02,5.0,North Campus,Engineering Tower,520,37.776547,-122.418988,6000.0,Research Facility,False,Normal
2026-09-14 04:00:00,MTR-ENG-02,676.43,North Campus,Engineering Tower,520,37.776547,-122.418988,6000.0,Research Facility,True,Persistent High Usage
2026-09-14 05:00:00,MTR-ENG-02,717.44,North Campus,Engineering Tower,520,37.776547,-122.418988,6000.0,Research Facility,True,Persistent High Usage
2026-09-14 06:00:00,MTR-ENG-02,835.91,North Campus,Engineering Tower,520,37.776547,-122.418988,6000.0,Research Facility,True,Persistent High Usage
2026-09-14 07:00:00,MTR-ENG-02,1060.13,North Campus,Engineering Tower,520,37.776547,-122.418988,6000.0,Research Facility,True,Persistent High Usage
2026-09-14 08:00:00,MTR-ENG-02,1169.11,North Campus,Engineering Tower,520,37.776547,-122.418988,6000.0,Research Facility,True,Persistent High Usage
2026-09-14 09:00:00,MTR-ENG-02,1058.17,North Campus,Engineering Tower,520,37.776547,-122.418988,6000.0,Research Facility,True,Persistent High Usage
2026-09-14 10:00:00,MTR-ENG-02,1015.03,North Campus,Engineering Tower,520,37.776547,-122.418988,6000.0,Research Facility,True,Persistent High Usage
2026-09-14 11:00:00,MTR-ENG-02,409.37,North Campus,Engineering Tower,520,37.776547,-122.418988,6000.0,Research Facility,False,Normal
2026-09-14 12:00:00,MTR-ENG-02,504.12,North Campus,Engineering Tower,520,37.776547,-122.418988,6000.0,Research Facility,False,Normal
2026-09-14 13:00:00,MTR-ENG-02,437.1,North Campus,Engineering Tower,520,37.776547,-122.418988,6000.0,Research Facility,False,Normal
2026-09-14 14:00:00,MTR-ENG-02,370.52,North Campus,Engineering Tower,520,37.776547,-122.418988,6000.0,Research Facility,False,Normal
2026-09-14 15:00:00,MTR-ENG-02,345.02,North Campus,Engineering Tower,520,37.776547,-122.418988,6000.0,Research Facility,False,Normal
2026-09-14 16:00:00,MTR-ENG-02,343.46,North Campus,Engineering Tower,520,37.776547,-122.418988,6000.0,Research Facility,False,Normal
2026-09-14 17:00:00,MTR-ENG-02,458.68,North Campus,Engineering Tower,520,37.776547,-122.418988,6000.0,Research Facility,False,Normal
2026-09-14 18:00:00,MTR-ENG-02,465.21,North Campus,Engineering Tower,520,37.776547,-122.418988,6000.0,Research Facility,False,Normal
2026-09-14 19:00:00,MTR-ENG-02,439.89,North Campus,Engineering Tower,520,37.776547,-122.418988,6000.0,Research Facility,False,Normal
2026-09-14 20:00:00,MTR-ENG-02,384.37,North Campus,Engineering Tower,520,37.776547,-122.418988,6000.0,Research Facility,False,Normal
2026-09-14 21:00:00,MTR-ENG-02,297.61,North Campus,Engineering Tower,520,37.776547,-122.418988,6000.0,Research Facility,False,Normal
2026-09-14 22:00:00,MTR-ENG-02,182.58,North Campus,Engineering Tower,520,37.776547,-122.418988,6000.0,Research Facility,False,Normal
2026-09-14 23:00:00,MTR-ENG-02,89.5,North Campus,Engineering Tower,520,37.776547,-122.418988,6000.0,Research Facility,False,Normal
2026-09-15 00:00:00,MTR-ENG-02,59.82,North Campus,Engineering Tower,520,37.776547,-122.418988,6000.0,Research Facility,False,Normal
2026-09-15 01:00:00,MTR-ENG-02,29.45,North Campus,Engineering Tower,520,37.776547,-122.418988,6000.0,Research Facility,False,Normal
2026-09-15 02:00:00,MTR-ENG-02,26.69,North Campus,Engineering Tower,520,37.776547,-122.418988,6000.0,Research Facility,False,Normal
2026-09-15 03:00:00,MTR-ENG-02,62.86,North Campus,Engineering Tower,520,37.776547,-122.418988,6000.0,Research Facility,False,Normal
2026-09-15 04:00:00,MTR-ENG-02,50.75,North Campus,Engineering Tower,520,37.776547,-122.418988,6000.0,Research Facility,False,Normal
2026-09-15 05:00:00,MTR-ENG-02,77.98,North Campus,Engineering Tower,520,37.776547,-122.418988,6000.0,Research Facility,False,Normal
2026-09-15 06:00:00,MTR-ENG-02,170.49,North Campus,Engineering Tower,520,37.776547,-122.418988,6000.0,Research Facility,False,Normal
2026-09-15 07:00:00,MTR-ENG-02,456.75,North Campus,Engineering Tower,520,37.776547,-122.418988,6000.0,Research Facility,False,Normal
2026-09-15 08:00:00,MTR-ENG-02,539.51,North Campus,Engineering Tower,520,37.776547,-122.418988,6000.0,Research Facility,False,Normal
2026-09-15 09:00:00,MTR-ENG-02,440.47,North Campus,Engineering Tower,520,37.776547,-122.418988,6000.0,Research Facility,False,Normal
2026-09-15 10:00:00,MTR-ENG-02,324.67,North Campus,Engineering Tower,520,37.776547,-122.418988,6000.0,Research Facility,False,Normal
2026-09-15 11:00:00,MTR-ENG-02,446.87,North Campus,Engineering Tower,520,37.776547,-122.418988,6000.0,Research Facility,False,Normal
2026-09-15 12:00:00,MTR-ENG-02,476.19,North Campus,Engineering Tower,520,37.776547,-122.418988,6000.0,Research Facility,False,Normal
2026-09-15 13:00:00,MTR-ENG-02,440.31,North Campus,Engineering Tower,520,37.776547,-122.418988,6000.0,Research Facility,False,Normal
2026-09-15 14:00:00,MTR-ENG-02,352.15,North Campus,Engineering Tower,520,37.776547,-122.418988,6000.0,Research Facility,False,Normal
2026-09-15 15:00:00,MTR-ENG-02,352.92,North Campus,Engineering Tower,520,37.776547,-122.418988,6000.0,Research Facility,False,Normal
2026-09-15 16:00:00,MTR-ENG-02,372.26,North Campus,Engineering Tower,520,37.776547,-122.418988,6000.0,Research Facility,False,Normal
2026-09-15 17:00:00,MTR-ENG-02,478.11,North Campus,Engineering Tower,520,37.776547,-122.418988,6000.0,Research Facility,False,Normal
2026-09-15 18:00:00,MTR-ENG-02,470.06,North Campus,Engineering Tower,520,37.776547,-122.418988,6000.0,Research Facility,False,Normal
2026-09-15 19:00:00,MTR-ENG-02,421.64,North Campus,Engineering Tower,520,37.776547,-122.418988,6000.0,Research Facility,False,Normal
2026-09-15 20:00:00,MTR-ENG-02,348.47,North Campus,Engineering Tower,520,37.776547,-122.418988,6000.0,Research Facility,False,Normal
2026-09-15 21:00:00,MTR-ENG-02,307.56,North Campus,Engineering Tower,520,37.776547,-122.418988,6000.0,Research Facility,False,Normal
2026-09-15 22:00:00,MTR-ENG-02,168.93,North Campus,Engineering Tower,520,37.776547,-122.418988,6000.0,Research Facility,False,Normal
2026-09-15 23:00:00,MTR-ENG-02,57.36,North Campus,Engineering Tower,520,37.776547,-122.418988,6000.0,Research Facility,False,Normal
2026-09-16 00:00:00,MTR-ENG-02,21.79,North Campus,Engineering Tower,520,37.776547,-122.418988,6000.0,Research Facility,False,Normal
2026-09-16 01:00:00,MTR-ENG-02,43.89,North Campus,Engineering Tower,520,37.776547,-122.418988,6000.0,Research Facility,False,Normal
2026-09-16 02:00:00,MTR-ENG-02,5.0,North Campus,Engineering Tower,520,37.776547,-122.418988,6000.0,Research Facility,False,Normal
2026-09-16 03:00:00,MTR-ENG-02,32.67,North Campus,Engineering Tower,520,37.776547,-122.418988,6000.0,Research Facility,False,Normal
2026-09-16 04:00:00,MTR-ENG-02,10.48,North Campus,Engineering Tower,520,37.776547,-122.418988,6000.0,Research Facility,False,Normal
2026-09-16 05:00:00,MTR-ENG-02,74.93,North Campus,Engineering Tower,520,37.776547,-122.418988,6000.0,Research Facility,False,Normal
2026-09-16 06:00:00,MTR-ENG-02,447.9,North Campus,Engineering Tower,520,37.776547,-122.418988,6000.0,Research Facility,True,Gradual Increase
2026-09-16 07:00:00,MTR-ENG-02,514.36,North Campus,Engineering Tower,520,37.776547,-122.418988,6000.0,Research Facility,False,Normal
2026-09-16 08:00:00,MTR-ENG-02,505.25,North Campus,Engineering Tower,520,37.776547,-122.418988,6000.0,Research Facility,False,Normal
2026-09-16 09:00:00,MTR-ENG-02,432.51,North Campus,Engineering Tower,520,37.776547,-122.418988,6000.0,Research Facility,False,Normal
2026-09-16 10:00:00,MTR-ENG-02,404.19,North Campus,Engineering Tower,520,37.776547,-122.418988,6000.0,Research Facility,False,Normal
2026-09-16 11:00:00,MTR-ENG-02,461.8,North Campus,Engineering Tower,520,37.776547,-122.418988,6000.0,Research Facility,False,Normal
2026-09-16 12:00:00,MTR-ENG-02,497.72,North Campus,Engineering Tower,520,37.776547,-122.418988,6000.0,Research Facility,False,Normal
2026-09-16 13:00:00,MTR-ENG-02,372.58,North Campus,Engineering Tower,520,37.776547,-122.418988,6000.0,Research Facility,False,Normal
2026-09-16 14:00:00,MTR-ENG-02,384.72,North Campus,Engineering Tower,520,37.776547,-122.418988,6000.0,Research Facility,False,Normal
2026-09-16 15:00:00,MTR-ENG-02,339.15,North Campus,Engineering Tower,520,37.776547,-122.418988,6000.0,Research Facility,False,Normal
2026-09-16 16:00:00,MTR-ENG-02,424.51,North Campus,Engineering Tower,520,37.776547,-122.418988,6000.0,Research Facility,False,Normal
2026-09-16 17:00:00,MTR-ENG-02,459.39,North Campus,Engineering Tower,520,37.776547,-122.418988,6000.0,Research Facility,False,Normal
2026-09-16 18:00:00,MTR-ENG-02,482.35,North Campus,Engineering Tower,520,37.776547,-122.418988,6000.0,Research Facility,False,Normal
2026-09-16 19:00:00,MTR-ENG-02,495.57,North Campus,Engineering Tower,520,37.776547,-122.418988,6000.0,Research Facility,False,Normal
2026-09-16 20:00:00,MTR-ENG-02,377.34,North Campus,Engineering Tower,520,37.776547,-122.418988,6000.0,Research Facility,False,Normal
2026-09-16 21:00:00,MTR-ENG-02,299.25,North Campus,Engineering Tower,520,37.776547,-122.418988,6000.0,Research Facility,False,Normal
2026-09-16 22:00:00,MTR-ENG-02,1444.36,North Campus,Engineering Tower,520,37.776547,-122.418988,6000.0,Research Facility,True,Sudden Spike
2026-09-16 23:00:00,MTR-ENG-02,51.68,North Campus,Engineering Tower,520,37.776547,-122.418988,6000.0,Research Facility,False,Normal
2026-09-17 00:00:00,MTR-ENG-02,27.72,North Campus,Engineering Tower,520,37.776547,-122.418988,6000.0,Research Facility,False,Normal
2026-09-17 01:00:00,MTR-ENG-02,17.11,North Campus,Engineering Tower,520,37.776547,-122.418988,6000.0,Research Facility,False,Normal
2026-09-17 02:00:00,MTR-ENG-02,57.09,North Campus,Engineering Tower,520,37.776547,-122.418988,6000.0,Research Facility,False,Normal
2026-09-17 03:00:00,MTR-ENG-02,5.0,North Campus,Engineering Tower,520,37.776547,-122.418988,6000.0,Research Facility,False,Normal
2026-09-17 04:00:00,MTR-ENG-02,13.95,North Campus,Engineering Tower,520,37.776547,-122.418988,6000.0,Research Facility,False,Normal
2026-09-17 05:00:00,MTR-ENG-02,125.39,North Campus,Engineering Tower,520,37.776547,-122.418988,6000.0,Research Facility,False,Normal
2026-09-17 06:00:00,MTR-ENG-02,193.2,North Campus,Engineering Tower,520,37.776547,-122.418988,6000.0,Research Facility,False,Normal
2026-09-17 07:00:00,MTR-ENG-02,1868.44,North Campus,Engineering Tower,520,37.776547,-122.418988,6000.0,Research Facility,True,Sudden Spike
2026-09-17 08:00:00,MTR-ENG-02,470.37,North Campus,Engineering Tower,520,37.776547,-122.418988,6000.0,Research Facility,False,Normal
2026-09-17 09:00:00,MTR-ENG-02,394.75,North Campus,Engineering Tower,520,37.776547,-122.418988,6000.0,Research Facility,False,Normal
2026-09-17 10:00:00,MTR-ENG-02,368.62,North Campus,Engineering Tower,520,37.776547,-122.418988,6000.0,Research Facility,False,Normal
2026-09-17 11:00:00,MTR-ENG-02,384.88,North Campus,Engineering Tower,520,37.776547,-122.418988,6000.0,Research Facility,False,Normal
2026-09-17 12:00:00,MTR-ENG-02,446.61,North Campus,Engineering Tower,520,37.776547,-122.418988,6000.0,Research Facility,False,Normal
2026-09-17 13:00:00,MTR-ENG-02,447.45,North Campus,Engineering Tower,520,37.776547,-122.418988,6000.0,Research Facility,False,Normal
2026-09-17 14:00:00,MTR-ENG-02,405.57,North Campus,Engineering Tower,520,37.776547,-122.418988,6000.0,Research Facility,False,Normal
2026-09-17 15:00:00,MTR-ENG-02,341.28,North Campus,Engineering Tower,520,37.776547,-122.418988,6000.0,Research Facility,False,Normal
2026-09-17 16:00:00,MTR-ENG-02,451.05,North Campus,Engineering Tower,520,37.776547,-122.418988,6000.0,Research Facility,False,Normal
2026-09-17 17:00:00,MTR-ENG-02,450.77,North Campus,Engineering Tower,520,37.776547,-122.418988,6000.0,Research Facility,False,Normal
2026-09-17 18:00:00,MTR-ENG-02,526.41,North Campus,Engineering Tower,520,37.776547,-122.418988,6000.0,Research Facility,False,Normal
2026-09-17 19:00:00,MTR-ENG-02,476.12,North Campus,Engineering Tower,520,37.776547,-122.418988,6000.0,Research Facility,False,Normal
2026-09-17 20:00:00,MTR-ENG-02,339.87,North Campus,Engineering Tower,520,37.776547,-122.418988,6000.0,Research Facility,False,Normal
2026-09-17 21:00:00,MTR-ENG-02,311.39,North Campus,Engineering Tower,520,37.776547,-122.418988,6000.0,Research Facility,False,Normal
2026-09-17 22:00:00,MTR-ENG-02,200.27,North Campus,Engineering Tower,520,37.776547,-122.418988,6000.0,Research Facility,False,Normal
2026-09-17 23:00:00,MTR-ENG-02,67.31,North Campus,Engineering Tower,520,37.776547,-122.418988,6000.0,Research Facility,False,Normal
2026-09-18 00:00:00,MTR-ENG-02,5.0,North Campus,Engineering Tower,520,37.776547,-122.418988,6000.0,Research Facility,False,Normal
2026-09-18 01:00:00,MTR-ENG-02,55.76,North Campus,Engineering Tower,520,37.776547,-122.418988,6000.0,Research Facility,False,Normal
2026-09-18 02:00:00,MTR-ENG-02,5.0,North Campus,Engineering Tower,520,37.776547,-122.418988,6000.0,Research Facility,False,Normal
2026-09-18 03:00:00,MTR-ENG-02,23.51,North Campus,Engineering Tower,520,37.776547,-122.418988,6000.0,Research Facility,False,Normal
2026-09-18 04:00:00,MTR-ENG-02,45.95,North Campus,Engineering Tower,520,37.776547,-122.418988,6000.0,Research Facility,False,Normal
2026-09-18 05:00:00,MTR-ENG-02,100.65,North Campus,Engineering Tower,520,37.776547,-122.418988,6000.0,Research Facility,False,Normal
2026-09-18 06:00:00,MTR-ENG-02,177.42,North Campus,Engineering Tower,520,37.776547,-122.418988,6000.0,Research Facility,False,Normal
2026-09-18 07:00:00,MTR-ENG-02,465.93,North Campus,Engineering Tower,520,37.776547,-122.418988,6000.0,Research Facility,False,Normal
2026-09-18 08:00:00,MTR-ENG-02,542.38,North Campus,Engineering Tower,520,37.776547,-122.418988,6000.0,Research Facility,False,Normal
2026-09-18 09:00:00,MTR-ENG-02,372.15,North Campus,Engineering Tower,520,37.776547,-122.418988,6000.0,Research Facility,False,Normal
2026-09-18 10:00:00,MTR-ENG-02,1540.6,North Campus,Engineering Tower,520,37.776547,-122.418988,6000.0,Research Facility,True,Sudden Spike
2026-09-18 11:00:00,MTR-ENG-02,409.89,North Campus,Engineering Tower,520,37.776547,-122.418988,6000.0,Research Facility,False,Normal
2026-09-18 12:00:00,MTR-ENG-02,504.46,North Campus,Engineering Tower,520,37.776547,-122.418988,6000.0,Research Facility,False,Normal
2026-09-18 13:00:00,MTR-ENG-02,413.2,North Campus,Engineering Tower,520,37.776547,-122.418988,6000.0,Research Facility,False,Normal
2026-09-18 14:00:00,MTR-ENG-02,362.66,North Campus,Engineering Tower,520,37.776547,-122.418988,6000.0,Research Facility,False,Normal
2026-09-18 15:00:00,MTR-ENG-02,371.23,North Campus,Engineering Tower,520,37.776547,-122.418988,6000.0,Research Facility,False,Normal
2026-09-18 16:00:00,MTR-ENG-02,317.05,North Campus,Engineering Tower,520,37.776547,-122.418988,6000.0,Research Facility,False,Normal
2026-09-18 17:00:00,MTR-ENG-02,437.08,North Campus,Engineering Tower,520,37.776547,-122.418988,6000.0,Research Facility,False,Normal
2026-09-18 18:00:00,MTR-ENG-02,462.57,North Campus,Engineering Tower,520,37.776547,-122.418988,6000.0,Research Facility,False,Normal
2026-09-18 19:00:00,MTR-ENG-02,428.68,North Campus,Engineering Tower,520,37.776547,-122.418988,6000.0,Research Facility,False,Normal
2026-09-18 20:00:00,MTR-ENG-02,349.4,North Campus,Engineering Tower,520,37.776547,-122.418988,6000.0,Research Facility,False,Normal
2026-09-18 21:00:00,MTR-ENG-02,261.71,North Campus,Engineering Tower,520,37.776547,-122.418988,6000.0,Research Facility,False,Normal
2026-09-18 22:00:00,MTR-ENG-02,143.99,North Campus,Engineering Tower,520,37.776547,-122.418988,6000.0,Research Facility,False,Normal
2026-09-18 23:00:00,MTR-ENG-02,59.04,North Campus,Engineering Tower,520,37.776547,-122.418988,6000.0,Research Facility,False,Normal
2026-09-19 00:00:00,MTR-ENG-02,5.0,North Campus,Engineering Tower,520,37.776547,-122.418988,6000.0,Research Facility,False,Normal
2026-09-19 01:00:00,MTR-ENG-02,5.0,North Campus,Engineering Tower,520,37.776547,-122.418988,6000.0,Research Facility,False,Normal
2026-09-19 02:00:00,MTR-ENG-02,14.24,North Campus,Engineering Tower,520,37.776547,-122.418988,6000.0,Research Facility,False,Normal
2026-09-19 03:00:00,MTR-ENG-02,5.0,North Campus,Engineering Tower,520,37.776547,-122.418988,6000.0,Research Facility,False,Normal
2026-09-19 04:00:00,MTR-ENG-02,5.0,North Campus,Engineering Tower,520,37.776547,-122.418988,6000.0,Research Facility,False,Normal
2026-09-19 05:00:00,MTR-ENG-02,51.05,North Campus,Engineering Tower,520,37.776547,-122.418988,6000.0,Research Facility,False,Normal
2026-09-19 06:00:00,MTR-ENG-02,61.32,North Campus,Engineering Tower,520,37.776547,-122.418988,6000.0,Research Facility,False,Normal
2026-09-19 07:00:00,MTR-ENG-02,154.14,North Campus,Engineering Tower,520,37.776547,-122.418988,6000.0,Research Facility,False,Normal
2026-09-19 08:00:00,MTR-ENG-02,209.96,North Campus,Engineering Tower,520,37.776547,-122.418988,6000.0,Research Facility,False,Normal
2026-09-19 09:00:00,MTR-ENG-02,138.44,North Campus,Engineering Tower,520,37.776547,-122.418988,6000.0,Research Facility,False,Normal
2026-09-19 10:00:00,MTR-ENG-02,147.9,North Campus,Engineering Tower,520,37.776547,-122.418988,6000.0,Research Facility,False,Normal
2026-09-19 11:00:00,MTR-ENG-02,154.51,North Campus,Engineering Tower,520,37.776547,-122.418988,6000.0,Research Facility,False,Normal
2026-09-19 12:00:00,MTR-ENG-02,157.33,North Campus,Engineering Tower,520,37.776547,-122.418988,6000.0,Research Facility,False,Normal
2026-09-19 13:00:00,MTR-ENG-02,113.81,North Campus,Engineering Tower,520,37.776547,-122.418988,6000.0,Research Facility,False,Normal
2026-09-19 14:00:00,MTR-ENG-02,108.47,North Campus,Engineering Tower,520,37.776547,-122.418988,6000.0,Research Facility,False,Normal
2026-09-19 15:00:00,MTR-ENG-02,120.44,North Campus,Engineering Tower,520,37.776547,-122.418988,6000.0,Research Facility,False,Normal
2026-09-19 16:00:00,MTR-ENG-02,164.31,North Campus,Engineering Tower,520,37.776547,-122.418988,6000.0,Research Facility,False,Normal
2026-09-19 17:00:00,MTR-ENG-02,98.48,North Campus,Engineering Tower,520,37.776547,-122.418988,6000.0,Research Facility,False,Normal
2026-09-19 18:00:00,MTR-ENG-02,130.16,North Campus,Engineering Tower,520,37.776547,-122.418988,6000.0,Research Facility,False,Normal
2026-09-19 19:00:00,MTR-ENG-02,163.69,North Campus,Engineering Tower,520,37.776547,-122.418988,6000.0,Research Facility,False,Normal
2026-09-19 20:00:00,MTR-ENG-02,135.89,North Campus,Engineering Tower,520,37.776547,-122.418988,6000.0,Research Facility,False,Normal
2026-09-19 21:00:00,MTR-ENG-02,77.07,North Campus,Engineering Tower,520,37.776547,-122.418988,6000.0,Research Facility,False,Normal
2026-09-19 22:00:00,MTR-ENG-02,56.13,North Campus,Engineering Tower,520,37.776547,-122.418988,6000.0,Research Facility,False,Normal
2026-09-19 23:00:00,MTR-ENG-02,60.17,North Campus,Engineering Tower,520,37.776547,-122.418988,6000.0,Research Facility,False,Normal
2026-09-20 00:00:00,MTR-ENG-02,9.62,North Campus,Engineering Tower,520,37.776547,-122.418988,6000.0,Research Facility,False,Normal
2026-09-20 01:00:00,MTR-ENG-02,17.97,North Campus,Engineering Tower,520,37.776547,-122.418988,6000.0,Research Facility,False,Normal
2026-09-20 02:00:00,MTR-ENG-02,9.15,North Campus,Engineering Tower,520,37.776547,-122.418988,6000.0,Research Facility,False,Normal
2026-09-20 03:00:00,MTR-ENG-02,49.14,North Campus,Engineering Tower,520,37.776547,-122.418988,6000.0,Research Facility,False,Normal
2026-09-20 04:00:00,MTR-ENG-02,57.31,North Campus,Engineering Tower,520,37.776547,-122.418988,6000.0,Research Facility,False,Normal
2026-09-20 05:00:00,MTR-ENG-02,375.63,North Campus,Engineering Tower,520,37.776547,-122.418988,6000.0,Research Facility,True,Gradual Increase
2026-09-20 06:00:00,MTR-ENG-02,51.9,North Campus,Engineering Tower,520,37.776547,-122.418988,6000.0,Research Facility,False,Normal
2026-09-20 07:00:00,MTR-ENG-02,141.87,North Campus,Engineering Tower,520,37.776547,-122.418988,6000.0,Research Facility,False,Normal
2026-09-20 08:00:00,MTR-ENG-02,188.41,North Campus,Engineering Tower,520,37.776547,-122.418988,6000.0,Research Facility,False,Normal
2026-09-20 09:00:00,MTR-ENG-02,191.87,North Campus,Engineering Tower,520,37.776547,-122.418988,6000.0,Research Facility,False,Normal
2026-09-20 10:00:00,MTR-ENG-02,101.91,North Campus,Engineering Tower,520,37.776547,-122.418988,6000.0,Research Facility,False,Normal
2026-09-20 11:00:00,MTR-ENG-02,129.57,North Campus,Engineering Tower,520,37.776547,-122.418988,6000.0,Research Facility,False,Normal
2026-09-20 12:00:00,MTR-ENG-02,150.64,North Campus,Engineering Tower,520,37.776547,-122.418988,6000.0,Research Facility,False,Normal
2026-09-20 13:00:00,MTR-ENG-02,84.83,North Campus,Engineering Tower,520,37.776547,-122.418988,6000.0,Research Facility,False,Normal
2026-09-20 14:00:00,MTR-ENG-02,93.94,North Campus,Engineering Tower,520,37.776547,-122.418988,6000.0,Research Facility,False,Normal
2026-09-20 15:00:00,MTR-ENG-02,117.75,North Campus,Engineering Tower,520,37.776547,-122.418988,6000.0,Research Facility,False,Normal
2026-09-20 16:00:00,MTR-ENG-02,171.34,North Campus,Engineering Tower,520,37.776547,-122.418988,6000.0,Research Facility,False,Normal
2026-09-20 17:00:00,MTR-ENG-02,141.35,North Campus,Engineering Tower,520,37.776547,-122.418988,6000.0,Research Facility,False,Normal
2026-09-20 18:00:00,MTR-ENG-02,135.49,North Campus,Engineering Tower,520,37.776547,-122.418988,6000.0,Research Facility,False,Normal
2026-09-20 19:00:00,MTR-ENG-02,163.25,North Campus,Engineering Tower,520,37.776547,-122.418988,6000.0,Research Facility,False,Normal
2026-09-20 20:00:00,MTR-ENG-02,179.82,North Campus,Engineering Tower,520,37.776547,-122.418988,6000.0,Research Facility,False,Normal
2026-09-20 21:00:00,MTR-ENG-02,51.34,North Campus,Engineering Tower,520,37.776547,-122.418988,6000.0,Research Facility,False,Normal
2026-09-20 22:00:00,MTR-ENG-02,80.93,North Campus,Engineering Tower,520,37.776547,-122.418988,6000.0,Research Facility,False,Normal
2026-09-20 23:00:00,MTR-ENG-02,22.34,North Campus,Engineering Tower,520,37.776547,-122.418988,6000.0,Research Facility,False,Normal
2026-09-21 00:00:00,MTR-ENG-02,39.39,North Campus,Engineering Tower,520,37.776547,-122.418988,6000.0,Research Facility,False,Normal
2026-09-21 01:00:00,MTR-ENG-02,36.42,North Campus,Engineering Tower,520,37.776547,-122.418988,6000.0,Research Facility,False,Normal
2026-09-21 02:00:00,MTR-ENG-02,12.22,North Campus,Engineering Tower,520,37.776547,-122.418988,6000.0,Research Facility,False,Normal
2026-09-21 03:00:00,MTR-ENG-02,52.86,North Campus,Engineering Tower,520,37.776547,-122.418988,6000.0,Research Facility,False,Normal
2026-09-21 04:00:00,MTR-ENG-02,17.42,North Campus,Engineering Tower,520,37.776547,-122.418988,6000.0,Research Facility,False,Normal
2026-09-21 05:00:00,MTR-ENG-02,116.03,North Campus,Engineering Tower,520,37.776547,-122.418988,6000.0,Research Facility,False,Normal
2026-09-21 06:00:00,MTR-ENG-02,196.92,North Campus,Engineering Tower,520,37.776547,-122.418988,6000.0,Research Facility,False,Normal
2026-09-21 07:00:00,MTR-ENG-02,442.06,North Campus,Engineering Tower,520,37.776547,-122.418988,6000.0,Research Facility,False,Normal
2026-09-21 08:00:00,MTR-ENG-02,520.39,North Campus,Engineering Tower,520,37.776547,-122.418988,6000.0,Research Facility,False,Normal
2026-09-21 09:00:00,MTR-ENG-02,20.19,North Campus,Engineering Tower,520,37.776547,-122.418988,6000.0,Research Facility,True,Sudden Drop
2026-09-21 10:00:00,MTR-ENG-02,368.94,North Campus,Engineering Tower,520,37.776547,-122.418988,6000.0,Research Facility,False,Normal
2026-09-21 11:00:00,MTR-ENG-02,458.04,North Campus,Engineering Tower,520,37.776547,-122.418988,6000.0,Research Facility,False,Normal
2026-09-21 12:00:00,MTR-ENG-02,541.95,North Campus,Engineering Tower,520,37.776547,-122.418988,6000.0,Research Facility,False,Normal
2026-09-21 13:00:00,MTR-ENG-02,417.37,North Campus,Engineering Tower,520,37.776547,-122.418988,6000.0,Research Facility,False,Normal
2026-09-21 14:00:00,MTR-ENG-02,369.35,North Campus,Engineering Tower,520,37.776547,-122.418988,6000.0,Research Facility,False,Normal
2026-09-21 15:00:00,MTR-ENG-02,392.36,North Campus,Engineering Tower,520,37.776547,-122.418988,6000.0,Research Facility,False,Normal
2026-09-21 16:00:00,MTR-ENG-02,377.29,North Campus,Engineering Tower,520,37.776547,-122.418988,6000.0,Research Facility,False,Normal
2026-09-21 17:00:00,MTR-ENG-02,485.8,North Campus,Engineering Tower,520,37.776547,-122.418988,6000.0,Research Facility,False,Normal
2026-09-21 18:00:00,MTR-ENG-02,460.44,North Campus,Engineering Tower,520,37.776547,-122.418988,6000.0,Research Facility,False,Normal
2026-09-21 19:00:00,MTR-ENG-02,413.66,North Campus,Engineering Tower,520,37.776547,-122.418988,6000.0,Research Facility,False,Normal
2026-09-21 20:00:00,MTR-ENG-02,377.62,North Campus,Engineering Tower,520,37.776547,-122.418988,6000.0,Research Facility,False,Normal
2026-09-21 21:00:00,MTR-ENG-02,323.06,North Campus,Engineering Tower,520,37.776547,-122.418988,6000.0,Research Facility,False,Normal
2026-09-21 22:00:00,MTR-ENG-02,167.13,North Campus,Engineering Tower,520,37.776547,-122.418988,6000.0,Research Facility,False,Normal
2026-09-21 23:00:00,MTR-ENG-02,118.28,North Campus,Engineering Tower,520,37.776547,-122.418988,6000.0,Research Facility,False,Normal
2026-09-22 00:00:00,MTR-ENG-02,61.11,North Campus,Engineering Tower,520,37.776547,-122.418988,6000.0,Research Facility,False,Normal
2026-09-22 01:00:00,MTR-ENG-02,12.51,North Campus,Engineering Tower,520,37.776547,-122.418988,6000.0,Research Facility,False,Normal
2026-09-22 02:00:00,MTR-ENG-02,16.26,North Campus,Engineering Tower,520,37.776547,-122.418988,6000.0,Research Facility,False,Normal
2026-09-22 03:00:00,MTR-ENG-02,41.44,North Campus,Engineering Tower,520,37.776547,-122.418988,6000.0,Research Facility,False,Normal
2026-09-22 04:00:00,MTR-ENG-02,78.19,North Campus,Engineering Tower,520,37.776547,-122.418988,6000.0,Research Facility,False,Normal
2026-09-22 05:00:00,MTR-ENG-02,112.5,North Campus,Engineering Tower,520,37.776547,-122.418988,6000.0,Research Facility,False,Normal
2026-09-22 06:00:00,MTR-ENG-02,214.89,North Campus,Engineering Tower,520,37.776547,-122.418988,6000.0,Research Facility,False,Normal
2026-09-22 07:00:00,MTR-ENG-02,423.01,North Campus,Engineering Tower,520,37.776547,-122.418988,6000.0,Research Facility,False,Normal
2026-09-22 08:00:00,MTR-ENG-02,529.47,North Campus,Engineering Tower,520,37.776547,-122.418988,6000.0,Research Facility,False,Normal
2026-09-22 09:00:00,MTR-ENG-02,442.98,North Campus,Engineering Tower,520,37.776547,-122.418988,6000.0,Research Facility,False,Normal
2026-09-22 10:00:00,MTR-ENG-02,398.26,North Campus,Engineering Tower,520,37.776547,-122.418988,6000.0,Research Facility,False,Normal
2026-09-22 11:00:00,MTR-ENG-02,459.5,North Campus,Engineering Tower,520,37.776547,-122.418988,6000.0,Research Facility,False,Normal
2026-09-22 12:00:00,MTR-ENG-02,446.45,North Campus,Engineering Tower,520,37.776547,-122.418988,6000.0,Research Facility,False,Normal
2026-09-22 13:00:00,MTR-ENG-02,345.93,North Campus,Engineering Tower,520,37.776547,-122.418988,6000.0,Research Facility,False,Normal
2026-09-22 14:00:00,MTR-ENG-02,380.73,North Campus,Engineering Tower,520,37.776547,-122.418988,6000.0,Research Facility,False,Normal
2026-09-22 15:00:00,MTR-ENG-02,355.13,North Campus,Engineering Tower,520,37.776547,-122.418988,6000.0,Research Facility,False,Normal
2026-09-22 16:00:00,MTR-ENG-02,384.81,North Campus,Engineering Tower,520,37.776547,-122.418988,6000.0,Research Facility,False,Normal
2026-09-22 17:00:00,MTR-ENG-02,470.28,North Campus,Engineering Tower,520,37.776547,-122.418988,6000.0,Research Facility,False,Normal
2026-09-22 18:00:00,MTR-ENG-02,481.14,North Campus,Engineering Tower,520,37.776547,-122.418988,6000.0,Research Facility,False,Normal
2026-09-22 19:00:00,MTR-ENG-02,1459.18,North Campus,Engineering Tower,520,37.776547,-122.418988,6000.0,Research Facility,True,Sudden Spike
2026-09-22 20:00:00,MTR-ENG-02,342.28,North Campus,Engineering Tower,520,37.776547,-122.418988,6000.0,Research Facility,False,Normal
2026-09-22 21:00:00,MTR-ENG-02,310.85,North Campus,Engineering Tower,520,37.776547,-122.418988,6000.0,Research Facility,False,Normal
2026-09-22 22:00:00,MTR-ENG-02,179.92,North Campus,Engineering Tower,520,37.776547,-122.418988,6000.0,Research Facility,False,Normal
2026-09-22 23:00:00,MTR-ENG-02,134.94,North Campus,Engineering Tower,520,37.776547,-122.418988,6000.0,Research Facility,False,Normal
2026-09-23 00:00:00,MTR-ENG-02,50.45,North Campus,Engineering Tower,520,37.776547,-122.418988,6000.0,Research Facility,False,Normal
2026-09-23 01:00:00,MTR-ENG-02,25.74,North Campus,Engineering Tower,520,37.776547,-122.418988,6000.0,Research Facility,False,Normal
2026-09-23 02:00:00,MTR-ENG-02,5.0,North Campus,Engineering Tower,520,37.776547,-122.418988,6000.0,Research Facility,False,Normal
2026-09-23 03:00:00,MTR-ENG-02,5.0,North Campus,Engineering Tower,520,37.776547,-122.418988,6000.0,Research Facility,False,Normal
2026-09-23 04:00:00,MTR-ENG-02,66.62,North Campus,Engineering Tower,520,37.776547,-122.418988,6000.0,Research Facility,False,Normal
2026-09-23 05:00:00,MTR-ENG-02,131.48,North Campus,Engineering Tower,520,37.776547,-122.418988,6000.0,Research Facility,False,Normal
2026-09-23 06:00:00,MTR-ENG-02,184.08,North Campus,Engineering Tower,520,37.776547,-122.418988,6000.0,Research Facility,False,Normal
2026-09-23 07:00:00,MTR-ENG-02,454.22,North Campus,Engineering Tower,520,37.776547,-122.418988,6000.0,Research Facility,False,Normal
2026-09-23 08:00:00,MTR-ENG-02,511.7,North Campus,Engineering Tower,520,37.776547,-122.418988,6000.0,Research Facility,False,Normal
2026-09-23 09:00:00,MTR-ENG-02,456.42,North Campus,Engineering Tower,520,37.776547,-122.418988,6000.0,Research Facility,False,Normal
2026-09-23 10:00:00,MTR-ENG-02,365.63,North Campus,Engineering Tower,520,37.776547,-122.418988,6000.0,Research Facility,False,Normal
2026-09-23 11:00:00,MTR-ENG-02,448.3,North Campus,Engineering Tower,520,37.776547,-122.418988,6000.0,Research Facility,False,Normal
2026-09-23 12:00:00,MTR-ENG-02,519.32,North Campus,Engineering Tower,520,37.776547,-122.418988,6000.0,Research Facility,False,Normal
2026-09-23 13:00:00,MTR-ENG-02,421.46,North Campus,Engineering Tower,520,37.776547,-122.418988,6000.0,Research Facility,False,Normal
2026-09-23 14:00:00,MTR-ENG-02,300.35,North Campus,Engineering Tower,520,37.776547,-122.418988,6000.0,Research Facility,False,Normal
2026-09-23 15:00:00,MTR-ENG-02,375.29,North Campus,Engineering Tower,520,37.776547,-122.418988,6000.0,Research Facility,False,Normal
2026-09-23 16:00:00,MTR-ENG-02,404.74,North Campus,Engineering Tower,520,37.776547,-122.418988,6000.0,Research Facility,False,Normal
2026-09-23 17:00:00,MTR-ENG-02,496.16,North Campus,Engineering Tower,520,37.776547,-122.418988,6000.0,Research Facility,False,Normal
2026-09-23 18:00:00,MTR-ENG-02,519.64,North Campus,Engineering Tower,520,37.776547,-122.418988,6000.0,Research Facility,False,Normal
2026-09-23 19:00:00,MTR-ENG-02,460.58,North Campus,Engineering Tower,520,37.776547,-122.418988,6000.0,Research Facility,False,Normal
2026-09-23 20:00:00,MTR-ENG-02,358.91,North Campus,Engineering Tower,520,37.776547,-122.418988,6000.0,Research Facility,False,Normal
2026-09-23 21:00:00,MTR-ENG-02,245.33,North Campus,Engineering Tower,520,37.776547,-122.418988,6000.0,Research Facility,False,Normal
2026-09-23 22:00:00,MTR-ENG-02,228.96,North Campus,Engineering Tower,520,37.776547,-122.418988,6000.0,Research Facility,False,Normal
2026-09-23 23:00:00,MTR-ENG-02,80.18,North Campus,Engineering Tower,520,37.776547,-122.418988,6000.0,Research Facility,False,Normal
2026-09-24 00:00:00,MTR-ENG-02,52.16,North Campus,Engineering Tower,520,37.776547,-122.418988,6000.0,Research Facility,False,Normal
2026-09-24 01:00:00,MTR-ENG-02,80.07,North Campus,Engineering Tower,520,37.776547,-122.418988,6000.0,Research Facility,False,Normal
2026-09-24 02:00:00,MTR-ENG-02,7.0,North Campus,Engineering Tower,520,37.776547,-122.418988,6000.0,Research Facility,False,Normal
2026-09-24 03:00:00,MTR-ENG-02,5.0,North Campus,Engineering Tower,520,37.776547,-122.418988,6000.0,Research Facility,False,Normal
2026-09-24 04:00:00,MTR-ENG-02,29.11,North Campus,Engineering Tower,520,37.776547,-122.418988,6000.0,Research Facility,False,Normal
2026-09-24 05:00:00,MTR-ENG-02,66.14,North Campus,Engineering Tower,520,37.776547,-122.418988,6000.0,Research Facility,False,Normal
2026-09-24 06:00:00,MTR-ENG-02,148.69,North Campus,Engineering Tower,520,37.776547,-122.418988,6000.0,Research Facility,False,Normal
2026-09-24 07:00:00,MTR-ENG-02,456.55,North Campus,Engineering Tower,520,37.776547,-122.418988,6000.0,Research Facility,False,Normal
2026-09-24 08:00:00,MTR-ENG-02,1488.26,North Campus,Engineering Tower,520,37.776547,-122.418988,6000.0,Research Facility,True,Sudden Spike
2026-09-24 09:00:00,MTR-ENG-02,385.2,North Campus,Engineering Tower,520,37.776547,-122.418988,6000.0,Research Facility,False,Normal
2026-09-24 10:00:00,MTR-ENG-02,382.43,North Campus,Engineering Tower,520,37.776547,-122.418988,6000.0,Research Facility,False,Normal
2026-09-24 11:00:00,MTR-ENG-02,421.37,North Campus,Engineering Tower,520,37.776547,-122.418988,6000.0,Research Facility,False,Normal
2026-09-24 12:00:00,MTR-ENG-02,441.82,North Campus,Engineering Tower,520,37.776547,-122.418988,6000.0,Research Facility,False,Normal
2026-09-24 13:00:00,MTR-ENG-02,410.96,North Campus,Engineering Tower,520,37.776547,-122.418988,6000.0,Research Facility,False,Normal
2026-09-24 14:00:00,MTR-ENG-02,379.65,North Campus,Engineering Tower,520,37.776547,-122.418988,6000.0,Research Facility,False,Normal
2026-09-24 15:00:00,MTR-ENG-02,336.41,North Campus,Engineering Tower,520,37.776547,-122.418988,6000.0,Research Facility,False,Normal
2026-09-24 16:00:00,MTR-ENG-02,420.1,North Campus,Engineering Tower,520,37.776547,-122.418988,6000.0,Research Facility,False,Normal
2026-09-24 17:00:00,MTR-ENG-02,459.39,North Campus,Engineering Tower,520,37.776547,-122.418988,6000.0,Research Facility,False,Normal
2026-09-24 18:00:00,MTR-ENG-02,456.55,North Campus,Engineering Tower,520,37.776547,-122.418988,6000.0,Research Facility,False,Normal
2026-09-24 19:00:00,MTR-ENG-02,383.67,North Campus,Engineering Tower,520,37.776547,-122.418988,6000.0,Research Facility,False,Normal
2026-09-03 20:00:00,MTR-BIO-03,504.32,North Campus,Bio-Tech Research Center,340,37.774916,-122.416068,5500.0,Biotech Cleanrooms,False,Normal
2026-09-03 21:00:00,MTR-BIO-03,419.28,North Campus,Bio-Tech Research Center,340,37.774916,-122.416068,5500.0,Biotech Cleanrooms,False,Normal
2026-09-03 22:00:00,MTR-BIO-03,217.17,North Campus,Bio-Tech Research Center,340,37.774916,-122.416068,5500.0,Biotech Cleanrooms,False,Normal
2026-09-03 23:00:00,MTR-BIO-03,123.21,North Campus,Bio-Tech Research Center,340,37.774916,-122.416068,5500.0,Biotech Cleanrooms,False,Normal
2026-09-04 00:00:00,MTR-BIO-03,131.32,North Campus,Bio-Tech Research Center,340,37.774916,-122.416068,5500.0,Biotech Cleanrooms,False,Normal
2026-09-04 01:00:00,MTR-BIO-03,80.85,North Campus,Bio-Tech Research Center,340,37.774916,-122.416068,5500.0,Biotech Cleanrooms,False,Normal
2026-09-04 02:00:00,MTR-BIO-03,5.0,North Campus,Bio-Tech Research Center,340,37.774916,-122.416068,5500.0,Biotech Cleanrooms,False,Normal
2026-09-04 03:00:00,MTR-BIO-03,10.58,North Campus,Bio-Tech Research Center,340,37.774916,-122.416068,5500.0,Biotech Cleanrooms,False,Normal
2026-09-04 04:00:00,MTR-BIO-03,51.54,North Campus,Bio-Tech Research Center,340,37.774916,-122.416068,5500.0,Biotech Cleanrooms,False,Normal
2026-09-04 05:00:00,MTR-BIO-03,120.58,North Campus,Bio-Tech Research Center,340,37.774916,-122.416068,5500.0,Biotech Cleanrooms,False,Normal
2026-09-04 06:00:00,MTR-BIO-03,265.25,North Campus,Bio-Tech Research Center,340,37.774916,-122.416068,5500.0,Biotech Cleanrooms,False,Normal
2026-09-04 07:00:00,MTR-BIO-03,652.13,North Campus,Bio-Tech Research Center,340,37.774916,-122.416068,5500.0,Biotech Cleanrooms,False,Normal
2026-09-04 08:00:00,MTR-BIO-03,702.38,North Campus,Bio-Tech Research Center,340,37.774916,-122.416068,5500.0,Biotech Cleanrooms,False,Normal
2026-09-04 09:00:00,MTR-BIO-03,589.12,North Campus,Bio-Tech Research Center,340,37.774916,-122.416068,5500.0,Biotech Cleanrooms,False,Normal
2026-09-04 10:00:00,MTR-BIO-03,577.23,North Campus,Bio-Tech Research Center,340,37.774916,-122.416068,5500.0,Biotech Cleanrooms,False,Normal
2026-09-04 11:00:00,MTR-BIO-03,622.76,North Campus,Bio-Tech Research Center,340,37.774916,-122.416068,5500.0,Biotech Cleanrooms,False,Normal
2026-09-04 12:00:00,MTR-BIO-03,31.97,North Campus,Bio-Tech Research Center,340,37.774916,-122.416068,5500.0,Biotech Cleanrooms,True,Sudden Drop
2026-09-04 13:00:00,MTR-BIO-03,568.96,North Campus,Bio-Tech Research Center,340,37.774916,-122.416068,5500.0,Biotech Cleanrooms,False,Normal
2026-09-04 14:00:00,MTR-BIO-03,618.65,North Campus,Bio-Tech Research Center,340,37.774916,-122.416068,5500.0,Biotech Cleanrooms,False,Normal
2026-09-04 15:00:00,MTR-BIO-03,475.98,North Campus,Bio-Tech Research Center,340,37.774916,-122.416068,5500.0,Biotech Cleanrooms,False,Normal
2026-09-04 16:00:00,MTR-BIO-03,467.55,North Campus,Bio-Tech Research Center,340,37.774916,-122.416068,5500.0,Biotech Cleanrooms,False,Normal
2026-09-04 17:00:00,MTR-BIO-03,663.07,North Campus,Bio-Tech Research Center,340,37.774916,-122.416068,5500.0,Biotech Cleanrooms,False,Normal
2026-09-04 18:00:00,MTR-BIO-03,676.76,North Campus,Bio-Tech Research Center,340,37.774916,-122.416068,5500.0,Biotech Cleanrooms,False,Normal
2026-09-04 19:00:00,MTR-BIO-03,620.25,North Campus,Bio-Tech Research Center,340,37.774916,-122.416068,5500.0,Biotech Cleanrooms,False,Normal
2026-09-04 20:00:00,MTR-BIO-03,458.72,North Campus,Bio-Tech Research Center,340,37.774916,-122.416068,5500.0,Biotech Cleanrooms,False,Normal
2026-09-04 21:00:00,MTR-BIO-03,358.9,North Campus,Bio-Tech Research Center,340,37.774916,-122.416068,5500.0,Biotech Cleanrooms,False,Normal
2026-09-04 22:00:00,MTR-BIO-03,255.25,North Campus,Bio-Tech Research Center,340,37.774916,-122.416068,5500.0,Biotech Cleanrooms,False,Normal
2026-09-04 23:00:00,MTR-BIO-03,136.09,North Campus,Bio-Tech Research Center,340,37.774916,-122.416068,5500.0,Biotech Cleanrooms,False,Normal
2026-09-05 00:00:00,MTR-BIO-03,5.0,North Campus,Bio-Tech Research Center,340,37.774916,-122.416068,5500.0,Biotech Cleanrooms,False,Normal
2026-09-05 01:00:00,MTR-BIO-03,5.0,North Campus,Bio-Tech Research Center,340,37.774916,-122.416068,5500.0,Biotech Cleanrooms,False,Normal
2026-09-05 02:00:00,MTR-BIO-03,72.89,North Campus,Bio-Tech Research Center,340,37.774916,-122.416068,5500.0,Biotech Cleanrooms,False,Normal
2026-09-05 03:00:00,MTR-BIO-03,42.54,North Campus,Bio-Tech Research Center,340,37.774916,-122.416068,5500.0,Biotech Cleanrooms,False,Normal
2026-09-05 04:00:00,MTR-BIO-03,10.23,North Campus,Bio-Tech Research Center,340,37.774916,-122.416068,5500.0,Biotech Cleanrooms,False,Normal
2026-09-05 05:00:00,MTR-BIO-03,5.0,North Campus,Bio-Tech Research Center,340,37.774916,-122.416068,5500.0,Biotech Cleanrooms,False,Normal
2026-09-05 06:00:00,MTR-BIO-03,2.71,North Campus,Bio-Tech Research Center,340,37.774916,-122.416068,5500.0,Biotech Cleanrooms,True,Sudden Drop
2026-09-05 07:00:00,MTR-BIO-03,206.22,North Campus,Bio-Tech Research Center,340,37.774916,-122.416068,5500.0,Biotech Cleanrooms,False,Normal
2026-09-05 08:00:00,MTR-BIO-03,263.57,North Campus,Bio-Tech Research Center,340,37.774916,-122.416068,5500.0,Biotech Cleanrooms,False,Normal
2026-09-05 09:00:00,MTR-BIO-03,255.89,North Campus,Bio-Tech Research Center,340,37.774916,-122.416068,5500.0,Biotech Cleanrooms,False,Normal
2026-09-05 10:00:00,MTR-BIO-03,235.49,North Campus,Bio-Tech Research Center,340,37.774916,-122.416068,5500.0,Biotech Cleanrooms,False,Normal
2026-09-05 11:00:00,MTR-BIO-03,218.37,North Campus,Bio-Tech Research Center,340,37.774916,-122.416068,5500.0,Biotech Cleanrooms,False,Normal
2026-09-05 12:00:00,MTR-BIO-03,239.95,North Campus,Bio-Tech Research Center,340,37.774916,-122.416068,5500.0,Biotech Cleanrooms,False,Normal
2026-09-05 13:00:00,MTR-BIO-03,213.45,North Campus,Bio-Tech Research Center,340,37.774916,-122.416068,5500.0,Biotech Cleanrooms,False,Normal
2026-09-05 14:00:00,MTR-BIO-03,114.68,North Campus,Bio-Tech Research Center,340,37.774916,-122.416068,5500.0,Biotech Cleanrooms,False,Normal
2026-09-05 15:00:00,MTR-BIO-03,118.35,North Campus,Bio-Tech Research Center,340,37.774916,-122.416068,5500.0,Biotech Cleanrooms,False,Normal
2026-09-05 16:00:00,MTR-BIO-03,148.19,North Campus,Bio-Tech Research Center,340,37.774916,-122.416068,5500.0,Biotech Cleanrooms,False,Normal
2026-09-05 17:00:00,MTR-BIO-03,221.06,North Campus,Bio-Tech Research Center,340,37.774916,-122.416068,5500.0,Biotech Cleanrooms,False,Normal
2026-09-05 18:00:00,MTR-BIO-03,212.78,North Campus,Bio-Tech Research Center,340,37.774916,-122.416068,5500.0,Biotech Cleanrooms,False,Normal
2026-09-05 19:00:00,MTR-BIO-03,119.83,North Campus,Bio-Tech Research Center,340,37.774916,-122.416068,5500.0,Biotech Cleanrooms,False,Normal
2026-09-05 20:00:00,MTR-BIO-03,140.53,North Campus,Bio-Tech Research Center,340,37.774916,-122.416068,5500.0,Biotech Cleanrooms,False,Normal
2026-09-05 21:00:00,MTR-BIO-03,143.62,North Campus,Bio-Tech Research Center,340,37.774916,-122.416068,5500.0,Biotech Cleanrooms,False,Normal
2026-09-05 22:00:00,MTR-BIO-03,181.53,North Campus,Bio-Tech Research Center,340,37.774916,-122.416068,5500.0,Biotech Cleanrooms,False,Normal
2026-09-05 23:00:00,MTR-BIO-03,5.0,North Campus,Bio-Tech Research Center,340,37.774916,-122.416068,5500.0,Biotech Cleanrooms,False,Normal
2026-09-06 00:00:00,MTR-BIO-03,8.4,North Campus,Bio-Tech Research Center,340,37.774916,-122.416068,5500.0,Biotech Cleanrooms,False,Normal
2026-09-06 01:00:00,MTR-BIO-03,54.88,North Campus,Bio-Tech Research Center,340,37.774916,-122.416068,5500.0,Biotech Cleanrooms,False,Normal
2026-09-06 02:00:00,MTR-BIO-03,14.33,North Campus,Bio-Tech Research Center,340,37.774916,-122.416068,5500.0,Biotech Cleanrooms,False,Normal
2026-09-06 03:00:00,MTR-BIO-03,5.0,North Campus,Bio-Tech Research Center,340,37.774916,-122.416068,5500.0,Biotech Cleanrooms,False,Normal
2026-09-06 04:00:00,MTR-BIO-03,26.2,North Campus,Bio-Tech Research Center,340,37.774916,-122.416068,5500.0,Biotech Cleanrooms,False,Normal
2026-09-06 05:00:00,MTR-BIO-03,88.65,North Campus,Bio-Tech Research Center,340,37.774916,-122.416068,5500.0,Biotech Cleanrooms,False,Normal
2026-09-06 06:00:00,MTR-BIO-03,70.96,North Campus,Bio-Tech Research Center,340,37.774916,-122.416068,5500.0,Biotech Cleanrooms,False,Normal
2026-09-06 07:00:00,MTR-BIO-03,243.69,North Campus,Bio-Tech Research Center,340,37.774916,-122.416068,5500.0,Biotech Cleanrooms,False,Normal
2026-09-06 08:00:00,MTR-BIO-03,207.65,North Campus,Bio-Tech Research Center,340,37.774916,-122.416068,5500.0,Biotech Cleanrooms,False,Normal
2026-09-06 09:00:00,MTR-BIO-03,160.71,North Campus,Bio-Tech Research Center,340,37.774916,-122.416068,5500.0,Biotech Cleanrooms,False,Normal
2026-09-06 10:00:00,MTR-BIO-03,163.34,North Campus,Bio-Tech Research Center,340,37.774916,-122.416068,5500.0,Biotech Cleanrooms,False,Normal
2026-09-06 11:00:00,MTR-BIO-03,231.31,North Campus,Bio-Tech Research Center,340,37.774916,-122.416068,5500.0,Biotech Cleanrooms,False,Normal
2026-09-06 12:00:00,MTR-BIO-03,301.57,North Campus,Bio-Tech Research Center,340,37.774916,-122.416068,5500.0,Biotech Cleanrooms,False,Normal
2026-09-06 13:00:00,MTR-BIO-03,256.52,North Campus,Bio-Tech Research Center,340,37.774916,-122.416068,5500.0,Biotech Cleanrooms,False,Normal
2026-09-06 14:00:00,MTR-BIO-03,155.68,North Campus,Bio-Tech Research Center,340,37.774916,-122.416068,5500.0,Biotech Cleanrooms,False,Normal
2026-09-06 15:00:00,MTR-BIO-03,175.84,North Campus,Bio-Tech Research Center,340,37.774916,-122.416068,5500.0,Biotech Cleanrooms,False,Normal
2026-09-06 16:00:00,MTR-BIO-03,190.18,North Campus,Bio-Tech Research Center,340,37.774916,-122.416068,5500.0,Biotech Cleanrooms,False,Normal
2026-09-06 17:00:00,MTR-BIO-03,247.04,North Campus,Bio-Tech Research Center,340,37.774916,-122.416068,5500.0,Biotech Cleanrooms,False,Normal
2026-09-06 18:00:00,MTR-BIO-03,158.17,North Campus,Bio-Tech Research Center,340,37.774916,-122.416068,5500.0,Biotech Cleanrooms,False,Normal
2026-09-06 19:00:00,MTR-BIO-03,202.98,North Campus,Bio-Tech Research Center,340,37.774916,-122.416068,5500.0,Biotech Cleanrooms,False,Normal
2026-09-06 20:00:00,MTR-BIO-03,104.65,North Campus,Bio-Tech Research Center,340,37.774916,-122.416068,5500.0,Biotech Cleanrooms,False,Normal
2026-09-06 21:00:00,MTR-BIO-03,212.96,North Campus,Bio-Tech Research Center,340,37.774916,-122.416068,5500.0,Biotech Cleanrooms,False,Normal
2026-09-06 22:00:00,MTR-BIO-03,133.69,North Campus,Bio-Tech Research Center,340,37.774916,-122.416068,5500.0,Biotech Cleanrooms,False,Normal
2026-09-06 23:00:00,MTR-BIO-03,9.88,North Campus,Bio-Tech Research Center,340,37.774916,-122.416068,5500.0,Biotech Cleanrooms,False,Normal
2026-09-07 00:00:00,MTR-BIO-03,150.08,North Campus,Bio-Tech Research Center,340,37.774916,-122.416068,5500.0,Biotech Cleanrooms,False,Normal
2026-09-07 01:00:00,MTR-BIO-03,5.0,North Campus,Bio-Tech Research Center,340,37.774916,-122.416068,5500.0,Biotech Cleanrooms,False,Normal
2026-09-07 02:00:00,MTR-BIO-03,43.8,North Campus,Bio-Tech Research Center,340,37.774916,-122.416068,5500.0,Biotech Cleanrooms,False,Normal
2026-09-07 03:00:00,MTR-BIO-03,1891.96,North Campus,Bio-Tech Research Center,340,37.774916,-122.416068,5500.0,Biotech Cleanrooms,True,Sudden Spike
2026-09-07 04:00:00,MTR-BIO-03,51.39,North Campus,Bio-Tech Research Center,340,37.774916,-122.416068,5500.0,Biotech Cleanrooms,False,Normal
2026-09-07 05:00:00,MTR-BIO-03,155.47,North Campus,Bio-Tech Research Center,340,37.774916,-122.416068,5500.0,Biotech Cleanrooms,False,Normal
2026-09-07 06:00:00,MTR-BIO-03,332.6,North Campus,Bio-Tech Research Center,340,37.774916,-122.416068,5500.0,Biotech Cleanrooms,False,Normal
2026-09-07 07:00:00,MTR-BIO-03,626.39,North Campus,Bio-Tech Research Center,340,37.774916,-122.416068,5500.0,Biotech Cleanrooms,False,Normal
2026-09-07 08:00:00,MTR-BIO-03,690.65,North Campus,Bio-Tech Research Center,340,37.774916,-122.416068,5500.0,Biotech Cleanrooms,False,Normal
2026-09-07 09:00:00,MTR-BIO-03,560.28,North Campus,Bio-Tech Research Center,340,37.774916,-122.416068,5500.0,Biotech Cleanrooms,False,Normal
2026-09-07 10:00:00,MTR-BIO-03,507.66,North Campus,Bio-Tech Research Center,340,37.774916,-122.416068,5500.0,Biotech Cleanrooms,False,Normal
2026-09-07 11:00:00,MTR-BIO-03,586.19,North Campus,Bio-Tech Research Center,340,37.774916,-122.416068,5500.0,Biotech Cleanrooms,True,Normal
2026-09-07 12:00:00,MTR-BIO-03,677.9,North Campus,Bio-Tech Research Center,340,37.774916,-122.416068,5500.0,Biotech Cleanrooms,False,Normal
2026-09-07 13:00:00,MTR-BIO-03,551.45,North Campus,Bio-Tech Research Center,340,37.774916,-122.416068,5500.0,Biotech Cleanrooms,False,Normal
2026-09-07 14:00:00,MTR-BIO-03,535.38,North Campus,Bio-Tech Research Center,340,37.774916,-122.416068,5500.0,Biotech Cleanrooms,False,Normal
2026-09-07 15:00:00,MTR-BIO-03,512.56,North Campus,Bio-Tech Research Center,340,37.774916,-122.416068,5500.0,Biotech Cleanrooms,False,Normal
2026-09-07 16:00:00,MTR-BIO-03,532.96,North Campus,Bio-Tech Research Center,340,37.774916,-122.416068,5500.0,Biotech Cleanrooms,False,Normal
2026-09-07 17:00:00,MTR-BIO-03,602.63,North Campus,Bio-Tech Research Center,340,37.774916,-122.416068,5500.0,Biotech Cleanrooms,False,Normal
2026-09-07 18:00:00,MTR-BIO-03,676.73,North Campus,Bio-Tech Research Center,340,37.774916,-122.416068,5500.0,Biotech Cleanrooms,False,Normal
2026-09-07 19:00:00,MTR-BIO-03,518.52,North Campus,Bio-Tech Research Center,340,37.774916,-122.416068,5500.0,Biotech Cleanrooms,False,Normal
2026-09-07 20:00:00,MTR-BIO-03,467.3,North Campus,Bio-Tech Research Center,340,37.774916,-122.416068,5500.0,Biotech Cleanrooms,False,Normal
2026-09-07 21:00:00,MTR-BIO-03,412.78,North Campus,Bio-Tech Research Center,340,37.774916,-122.416068,5500.0,Biotech Cleanrooms,False,Normal
2026-09-07 22:00:00,MTR-BIO-03,191.45,North Campus,Bio-Tech Research Center,340,37.774916,-122.416068,5500.0,Biotech Cleanrooms,False,Normal
2026-09-07 23:00:00,MTR-BIO-03,114.99,North Campus,Bio-Tech Research Center,340,37.774916,-122.416068,5500.0,Biotech Cleanrooms,False,Normal
2026-09-08 00:00:00,MTR-BIO-03,86.67,North Campus,Bio-Tech Research Center,340,37.774916,-122.416068,5500.0,Biotech Cleanrooms,False,Normal
2026-09-08 01:00:00,MTR-BIO-03,34.3,North Campus,Bio-Tech Research Center,340,37.774916,-122.416068,5500.0,Biotech Cleanrooms,False,Normal
2026-09-08 02:00:00,MTR-BIO-03,540.3,North Campus,Bio-Tech Research Center,340,37.774916,-122.416068,5500.0,Biotech Cleanrooms,True,Gradual Increase
2026-09-08 03:00:00,MTR-BIO-03,11.38,North Campus,Bio-Tech Research Center,340,37.774916,-122.416068,5500.0,Biotech Cleanrooms,False,Normal
2026-09-08 04:00:00,MTR-BIO-03,41.18,North Campus,Bio-Tech Research Center,340,37.774916,-122.416068,5500.0,Biotech Cleanrooms,False,Normal
2026-09-08 05:00:00,MTR-BIO-03,65.61,North Campus,Bio-Tech Research Center,340,37.774916,-122.416068,5500.0,Biotech Cleanrooms,False,Normal
2026-09-08 06:00:00,MTR-BIO-03,284.43,North Campus,Bio-Tech Research Center,340,37.774916,-122.416068,5500.0,Biotech Cleanrooms,False,Normal
2026-09-08 07:00:00,MTR-BIO-03,650.77,North Campus,Bio-Tech Research Center,340,37.774916,-122.416068,5500.0,Biotech Cleanrooms,False,Normal
2026-09-08 08:00:00,MTR-BIO-03,783.37,North Campus,Bio-Tech Research Center,340,37.774916,-122.416068,5500.0,Biotech Cleanrooms,False,Normal
2026-09-08 09:00:00,MTR-BIO-03,619.22,North Campus,Bio-Tech Research Center,340,37.774916,-122.416068,5500.0,Biotech Cleanrooms,False,Normal
2026-09-08 10:00:00,MTR-BIO-03,512.45,North Campus,Bio-Tech Research Center,340,37.774916,-122.416068,5500.0,Biotech Cleanrooms,False,Normal
2026-09-08 11:00:00,MTR-BIO-03,573.0,North Campus,Bio-Tech Research Center,340,37.774916,-122.416068,5500.0,Biotech Cleanrooms,False,Normal
2026-09-08 12:00:00,MTR-BIO-03,656.37,North Campus,Bio-Tech Research Center,340,37.774916,-122.416068,5500.0,Biotech Cleanrooms,False,Normal
2026-09-08 13:00:00,MTR-BIO-03,623.51,North Campus,Bio-Tech Research Center,340,37.774916,-122.416068,5500.0,Biotech Cleanrooms,False,Normal
2026-09-08 14:00:00,MTR-BIO-03,538.75,North Campus,Bio-Tech Research Center,340,37.774916,-122.416068,5500.0,Biotech Cleanrooms,False,Normal
2026-09-08 15:00:00,MTR-BIO-03,524.85,North Campus,Bio-Tech Research Center,340,37.774916,-122.416068,5500.0,Biotech Cleanrooms,False,Normal
2026-09-08 16:00:00,MTR-BIO-03,567.95,North Campus,Bio-Tech Research Center,340,37.774916,-122.416068,5500.0,Biotech Cleanrooms,False,Normal
2026-09-08 17:00:00,MTR-BIO-03,670.51,North Campus,Bio-Tech Research Center,340,37.774916,-122.416068,5500.0,Biotech Cleanrooms,False,Normal
2026-09-08 18:00:00,MTR-BIO-03,622.6,North Campus,Bio-Tech Research Center,340,37.774916,-122.416068,5500.0,Biotech Cleanrooms,False,Normal
2026-09-08 19:00:00,MTR-BIO-03,680.21,North Campus,Bio-Tech Research Center,340,37.774916,-122.416068,5500.0,Biotech Cleanrooms,False,Normal
2026-09-08 20:00:00,MTR-BIO-03,487.88,North Campus,Bio-Tech Research Center,340,37.774916,-122.416068,5500.0,Biotech Cleanrooms,False,Normal
2026-09-08 21:00:00,MTR-BIO-03,405.75,North Campus,Bio-Tech Research Center,340,37.774916,-122.416068,5500.0,Biotech Cleanrooms,False,Normal
2026-09-08 22:00:00,MTR-BIO-03,267.69,North Campus,Bio-Tech Research Center,340,37.774916,-122.416068,5500.0,Biotech Cleanrooms,False,Normal
2026-09-08 23:00:00,MTR-BIO-03,123.38,North Campus,Bio-Tech Research Center,340,37.774916,-122.416068,5500.0,Biotech Cleanrooms,False,Normal
2026-09-09 00:00:00,MTR-BIO-03,93.33,North Campus,Bio-Tech Research Center,340,37.774916,-122.416068,5500.0,Biotech Cleanrooms,False,Normal
2026-09-09 01:00:00,MTR-BIO-03,40.68,North Campus,Bio-Tech Research Center,340,37.774916,-122.416068,5500.0,Biotech Cleanrooms,False,Normal
2026-09-09 02:00:00,MTR-BIO-03,40.61,North Campus,Bio-Tech Research Center,340,37.774916,-122.416068,5500.0,Biotech Cleanrooms,False,Normal
2026-09-09 03:00:00,MTR-BIO-03,16.76,North Campus,Bio-Tech Research Center,340,37.774916,-122.416068,5500.0,Biotech Cleanrooms,False,Normal
2026-09-09 04:00:00,MTR-BIO-03,24.76,North Campus,Bio-Tech Research Center,340,37.774916,-122.416068,5500.0,Biotech Cleanrooms,False,Normal
2026-09-09 05:00:00,MTR-BIO-03,133.14,North Campus,Bio-Tech Research Center,340,37.774916,-122.416068,5500.0,Biotech Cleanrooms,False,Normal
2026-09-09 06:00:00,MTR-BIO-03,237.06,North Campus,Bio-Tech Research Center,340,37.774916,-122.416068,5500.0,Biotech Cleanrooms,False,Normal
2026-09-09 07:00:00,MTR-BIO-03,604.22,North Campus,Bio-Tech Research Center,340,37.774916,-122.416068,5500.0,Biotech Cleanrooms,False,Normal
2026-09-09 08:00:00,MTR-BIO-03,790.49,North Campus,Bio-Tech Research Center,340,37.774916,-122.416068,5500.0,Biotech Cleanrooms,False,Normal
2026-09-09 09:00:00,MTR-BIO-03,572.96,North Campus,Bio-Tech Research Center,340,37.774916,-122.416068,5500.0,Biotech Cleanrooms,False,Normal
2026-09-09 10:00:00,MTR-BIO-03,450.01,North Campus,Bio-Tech Research Center,340,37.774916,-122.416068,5500.0,Biotech Cleanrooms,False,Normal
2026-09-09 11:00:00,MTR-BIO-03,610.81,North Campus,Bio-Tech Research Center,340,37.774916,-122.416068,5500.0,Biotech Cleanrooms,False,Normal
2026-09-09 12:00:00,MTR-BIO-03,693.41,North Campus,Bio-Tech Research Center,340,37.774916,-122.416068,5500.0,Biotech Cleanrooms,False,Normal
2026-09-09 13:00:00,MTR-BIO-03,1859.15,North Campus,Bio-Tech Research Center,340,37.774916,-122.416068,5500.0,Biotech Cleanrooms,True,Sudden Spike
2026-09-09 14:00:00,MTR-BIO-03,436.28,North Campus,Bio-Tech Research Center,340,37.774916,-122.416068,5500.0,Biotech Cleanrooms,False,Normal
2026-09-09 15:00:00,MTR-BIO-03,544.67,North Campus,Bio-Tech Research Center,340,37.774916,-122.416068,5500.0,Biotech Cleanrooms,False,Normal
2026-09-09 16:00:00,MTR-BIO-03,556.12,North Campus,Bio-Tech Research Center,340,37.774916,-122.416068,5500.0,Biotech Cleanrooms,False,Normal
2026-09-09 17:00:00,MTR-BIO-03,659.19,North Campus,Bio-Tech Research Center,340,37.774916,-122.416068,5500.0,Biotech Cleanrooms,False,Normal
2026-09-09 18:00:00,MTR-BIO-03,684.36,North Campus,Bio-Tech Research Center,340,37.774916,-122.416068,5500.0,Biotech Cleanrooms,False,Normal
2026-09-09 19:00:00,MTR-BIO-03,582.22,North Campus,Bio-Tech Research Center,340,37.774916,-122.416068,5500.0,Biotech Cleanrooms,False,Normal
2026-09-09 20:00:00,MTR-BIO-03,481.33,North Campus,Bio-Tech Research Center,340,37.774916,-122.416068,5500.0,Biotech Cleanrooms,False,Normal
2026-09-09 21:00:00,MTR-BIO-03,474.11,North Campus,Bio-Tech Research Center,340,37.774916,-122.416068,5500.0,Biotech Cleanrooms,False,Normal
2026-09-09 22:00:00,MTR-BIO-03,239.64,North Campus,Bio-Tech Research Center,340,37.774916,-122.416068,5500.0,Biotech Cleanrooms,False,Normal
2026-09-09 23:00:00,MTR-BIO-03,105.98,North Campus,Bio-Tech Research Center,340,37.774916,-122.416068,5500.0,Biotech Cleanrooms,False,Normal
2026-09-10 00:00:00,MTR-BIO-03,35.74,North Campus,Bio-Tech Research Center,340,37.774916,-122.416068,5500.0,Biotech Cleanrooms,False,Normal
2026-09-10 01:00:00,MTR-BIO-03,50.89,North Campus,Bio-Tech Research Center,340,37.774916,-122.416068,5500.0,Biotech Cleanrooms,False,Normal
2026-09-10 02:00:00,MTR-BIO-03,44.3,North Campus,Bio-Tech Research Center,340,37.774916,-122.416068,5500.0,Biotech Cleanrooms,False,Normal
2026-09-10 03:00:00,MTR-BIO-03,40.76,North Campus,Bio-Tech Research Center,340,37.774916,-122.416068,5500.0,Biotech Cleanrooms,False,Normal
2026-09-10 04:00:00,MTR-BIO-03,81.31,North Campus,Bio-Tech Research Center,340,37.774916,-122.416068,5500.0,Biotech Cleanrooms,False,Normal
2026-09-10 05:00:00,MTR-BIO-03,107.31,North Campus,Bio-Tech Research Center,340,37.774916,-122.416068,5500.0,Biotech Cleanrooms,False,Normal
2026-09-10 06:00:00,MTR-BIO-03,312.07,North Campus,Bio-Tech Research Center,340,37.774916,-122.416068,5500.0,Biotech Cleanrooms,False,Normal
2026-09-10 07:00:00,MTR-BIO-03,614.74,North Campus,Bio-Tech Research Center,340,37.774916,-122.416068,5500.0,Biotech Cleanrooms,False,Normal
2026-09-10 08:00:00,MTR-BIO-03,689.45,North Campus,Bio-Tech Research Center,340,37.774916,-122.416068,5500.0,Biotech Cleanrooms,False,Normal
2026-09-10 09:00:00,MTR-BIO-03,575.75,North Campus,Bio-Tech Research Center,340,37.774916,-122.416068,5500.0,Biotech Cleanrooms,False,Normal
2026-09-10 10:00:00,MTR-BIO-03,534.12,North Campus,Bio-Tech Research Center,340,37.774916,-122.416068,5500.0,Biotech Cleanrooms,False,Normal
2026-09-10 11:00:00,MTR-BIO-03,585.9,North Campus,Bio-Tech Research Center,340,37.774916,-122.416068,5500.0,Biotech Cleanrooms,False,Normal
2026-09-10 12:00:00,MTR-BIO-03,611.46,North Campus,Bio-Tech Research Center,340,37.774916,-122.416068,5500.0,Biotech Cleanrooms,False,Normal
2026-09-10 13:00:00,MTR-BIO-03,537.57,North Campus,Bio-Tech Research Center,340,37.774916,-122.416068,5500.0,Biotech Cleanrooms,False,Normal
2026-09-10 14:00:00,MTR-BIO-03,541.48,North Campus,Bio-Tech Research Center,340,37.774916,-122.416068,5500.0,Biotech Cleanrooms,False,Normal
2026-09-10 15:00:00,MTR-BIO-03,448.08,North Campus,Bio-Tech Research Center,340,37.774916,-122.416068,5500.0,Biotech Cleanrooms,False,Normal
2026-09-10 16:00:00,MTR-BIO-03,563.59,North Campus,Bio-Tech Research Center,340,37.774916,-122.416068,5500.0,Biotech Cleanrooms,False,Normal
2026-09-10 17:00:00,MTR-BIO-03,710.47,North Campus,Bio-Tech Research Center,340,37.774916,-122.416068,5500.0,Biotech Cleanrooms,False,Normal
2026-09-10 18:00:00,MTR-BIO-03,706.54,North Campus,Bio-Tech Research Center,340,37.774916,-122.416068,5500.0,Biotech Cleanrooms,False,Normal
2026-09-10 19:00:00,MTR-BIO-03,595.18,North Campus,Bio-Tech Research Center,340,37.774916,-122.416068,5500.0,Biotech Cleanrooms,False,Normal
2026-09-10 20:00:00,MTR-BIO-03,476.49,North Campus,Bio-Tech Research Center,340,37.774916,-122.416068,5500.0,Biotech Cleanrooms,False,Normal
2026-09-10 21:00:00,MTR-BIO-03,385.15,North Campus,Bio-Tech Research Center,340,37.774916,-122.416068,5500.0,Biotech Cleanrooms,False,Normal
2026-09-10 22:00:00,MTR-BIO-03,241.02,North Campus,Bio-Tech Research Center,340,37.774916,-122.416068,5500.0,Biotech Cleanrooms,False,Normal
2026-09-10 23:00:00,MTR-BIO-03,141.62,North Campus,Bio-Tech Research Center,340,37.774916,-122.416068,5500.0,Biotech Cleanrooms,False,Normal
2026-09-11 00:00:00,MTR-BIO-03,102.58,North Campus,Bio-Tech Research Center,340,37.774916,-122.416068,5500.0,Biotech Cleanrooms,False,Normal
2026-09-11 01:00:00,MTR-BIO-03,113.83,North Campus,Bio-Tech Research Center,340,37.774916,-122.416068,5500.0,Biotech Cleanrooms,False,Normal
2026-09-11 02:00:00,MTR-BIO-03,117.74,North Campus,Bio-Tech Research Center,340,37.774916,-122.416068,5500.0,Biotech Cleanrooms,False,Normal
2026-09-11 03:00:00,MTR-BIO-03,53.96,North Campus,Bio-Tech Research Center,340,37.774916,-122.416068,5500.0,Biotech Cleanrooms,False,Normal
2026-09-11 04:00:00,MTR-BIO-03,31.22,North Campus,Bio-Tech Research Center,340,37.774916,-122.416068,5500.0,Biotech Cleanrooms,False,Normal
2026-09-11 05:00:00,MTR-BIO-03,141.4,North Campus,Bio-Tech Research Center,340,37.774916,-122.416068,5500.0,Biotech Cleanrooms,False,Normal
2026-09-11 06:00:00,MTR-BIO-03,216.08,North Campus,Bio-Tech Research Center,340,37.774916,-122.416068,5500.0,Biotech Cleanrooms,False,Normal
2026-09-11 07:00:00,MTR-BIO-03,600.11,North Campus,Bio-Tech Research Center,340,37.774916,-122.416068,5500.0,Biotech Cleanrooms,False,Normal
2026-09-11 08:00:00,MTR-BIO-03,748.38,North Campus,Bio-Tech Research Center,340,37.774916,-122.416068,5500.0,Biotech Cleanrooms,False,Normal
2026-09-11 09:00:00,MTR-BIO-03,607.9,North Campus,Bio-Tech Research Center,340,37.774916,-122.416068,5500.0,Biotech Cleanrooms,False,Normal
2026-09-11 10:00:00,MTR-BIO-03,552.67,North Campus,Bio-Tech Research Center,340,37.774916,-122.416068,5500.0,Biotech Cleanrooms,False,Normal
2026-09-11 11:00:00,MTR-BIO-03,677.66,North Campus,Bio-Tech Research Center,340,37.774916,-122.416068,5500.0,Biotech Cleanrooms,False,Normal
2026-09-11 12:00:00,MTR-BIO-03,699.49,North Campus,Bio-Tech Research Center,340,37.774916,-122.416068,5500.0,Biotech Cleanrooms,False,Normal
2026-09-11 13:00:00,MTR-BIO-03,572.35,North Campus,Bio-Tech Research Center,340,37.774916,-122.416068,5500.0,Biotech Cleanrooms,False,Normal
2026-09-11 14:00:00,MTR-BIO-03,514.01,North Campus,Bio-Tech Research Center,340,37.774916,-122.416068,5500.0,Biotech Cleanrooms,False,Normal
2026-09-11 15:00:00,MTR-BIO-03,473.78,North Campus,Bio-Tech Research Center,340,37.774916,-122.416068,5500.0,Biotech Cleanrooms,False,Normal
2026-09-11 16:00:00,MTR-BIO-03,558.49,North Campus,Bio-Tech Research Center,340,37.774916,-122.416068,5500.0,Biotech Cleanrooms,False,Normal
2026-09-11 17:00:00,MTR-BIO-03,629.91,North Campus,Bio-Tech Research Center,340,37.774916,-122.416068,5500.0,Biotech Cleanrooms,False,Normal
2026-09-11 18:00:00,MTR-BIO-03,609.78,North Campus,Bio-Tech Research Center,340,37.774916,-122.416068,5500.0,Biotech Cleanrooms,False,Normal
2026-09-11 19:00:00,MTR-BIO-03,595.63,North Campus,Bio-Tech Research Center,340,37.774916,-122.416068,5500.0,Biotech Cleanrooms,False,Normal
2026-09-11 20:00:00,MTR-BIO-03,492.09,North Campus,Bio-Tech Research Center,340,37.774916,-122.416068,5500.0,Biotech Cleanrooms,False,Normal
2026-09-11 21:00:00,MTR-BIO-03,442.42,North Campus,Bio-Tech Research Center,340,37.774916,-122.416068,5500.0,Biotech Cleanrooms,False,Normal
2026-09-11 22:00:00,MTR-BIO-03,145.9,North Campus,Bio-Tech Research Center,340,37.774916,-122.416068,5500.0,Biotech Cleanrooms,False,Normal
2026-09-11 23:00:00,MTR-BIO-03,140.21,North Campus,Bio-Tech Research Center,340,37.774916,-122.416068,5500.0,Biotech Cleanrooms,False,Normal
2026-09-12 00:00:00,MTR-BIO-03,23.6,North Campus,Bio-Tech Research Center,340,37.774916,-122.416068,5500.0,Biotech Cleanrooms,False,Normal
2026-09-12 01:00:00,MTR-BIO-03,102.27,North Campus,Bio-Tech Research Center,340,37.774916,-122.416068,5500.0,Biotech Cleanrooms,False,Normal
2026-09-12 02:00:00,MTR-BIO-03,5.0,North Campus,Bio-Tech Research Center,340,37.774916,-122.416068,5500.0,Biotech Cleanrooms,False,Normal
2026-09-12 03:00:00,MTR-BIO-03,17.74,North Campus,Bio-Tech Research Center,340,37.774916,-122.416068,5500.0,Biotech Cleanrooms,False,Normal
2026-09-12 04:00:00,MTR-BIO-03,0.25,North Campus,Bio-Tech Research Center,340,37.774916,-122.416068,5500.0,Biotech Cleanrooms,True,Sudden Drop
2026-09-12 05:00:00,MTR-BIO-03,19.63,North Campus,Bio-Tech Research Center,340,37.774916,-122.416068,5500.0,Biotech Cleanrooms,False,Normal
2026-09-12 06:00:00,MTR-BIO-03,59.64,North Campus,Bio-Tech Research Center,340,37.774916,-122.416068,5500.0,Biotech Cleanrooms,False,Normal
2026-09-12 07:00:00,MTR-BIO-03,272.01,North Campus,Bio-Tech Research Center,340,37.774916,-122.416068,5500.0,Biotech Cleanrooms,False,Normal
2026-09-12 08:00:00,MTR-BIO-03,286.67,North Campus,Bio-Tech Research Center,340,37.774916,-122.416068,5500.0,Biotech Cleanrooms,False,Normal
2026-09-12 09:00:00,MTR-BIO-03,193.98,North Campus,Bio-Tech Research Center,340,37.774916,-122.416068,5500.0,Biotech Cleanrooms,False,Normal
2026-09-12 10:00:00,MTR-BIO-03,180.4,North Campus,Bio-Tech Research Center,340,37.774916,-122.416068,5500.0,Biotech Cleanrooms,False,Normal
2026-09-12 11:00:00,MTR-BIO-03,155.97,North Campus,Bio-Tech Research Center,340,37.774916,-122.416068,5500.0,Biotech Cleanrooms,False,Normal
2026-09-12 12:00:00,MTR-BIO-03,260.07,North Campus,Bio-Tech Research Center,340,37.774916,-122.416068,5500.0,Biotech Cleanrooms,False,Normal
2026-09-12 13:00:00,MTR-BIO-03,213.42,North Campus,Bio-Tech Research Center,340,37.774916,-122.416068,5500.0,Biotech Cleanrooms,False,Normal
2026-09-12 14:00:00,MTR-BIO-03,160.55,North Campus,Bio-Tech Research Center,340,37.774916,-122.416068,5500.0,Biotech Cleanrooms,False,Normal
2026-09-12 15:00:00,MTR-BIO-03,220.81,North Campus,Bio-Tech Research Center,340,37.774916,-122.416068,5500.0,Biotech Cleanrooms,False,Normal
2026-09-12 16:00:00,MTR-BIO-03,191.74,North Campus,Bio-Tech Research Center,340,37.774916,-122.416068,5500.0,Biotech Cleanrooms,False,Normal
2026-09-12 17:00:00,MTR-BIO-03,172.59,North Campus,Bio-Tech Research Center,340,37.774916,-122.416068,5500.0,Biotech Cleanrooms,False,Normal
2026-09-12 18:00:00,MTR-BIO-03,209.67,North Campus,Bio-Tech Research Center,340,37.774916,-122.416068,5500.0,Biotech Cleanrooms,False,Normal
2026-09-12 19:00:00,MTR-BIO-03,7.55,North Campus,Bio-Tech Research Center,340,37.774916,-122.416068,5500.0,Biotech Cleanrooms,True,Sudden Drop
2026-09-12 20:00:00,MTR-BIO-03,144.45,North Campus,Bio-Tech Research Center,340,37.774916,-122.416068,5500.0,Biotech Cleanrooms,False,Normal
2026-09-12 21:00:00,MTR-BIO-03,81.06,North Campus,Bio-Tech Research Center,340,37.774916,-122.416068,5500.0,Biotech Cleanrooms,False,Normal
2026-09-12 22:00:00,MTR-BIO-03,31.76,North Campus,Bio-Tech Research Center,340,37.774916,-122.416068,5500.0,Biotech Cleanrooms,False,Normal
2026-09-12 23:00:00,MTR-BIO-03,5.0,North Campus,Bio-Tech Research Center,340,37.774916,-122.416068,5500.0,Biotech Cleanrooms,False,Normal
2026-09-13 00:00:00,MTR-BIO-03,28.5,North Campus,Bio-Tech Research Center,340,37.774916,-122.416068,5500.0,Biotech Cleanrooms,False,Normal
2026-09-13 01:00:00,MTR-BIO-03,38.61,North Campus,Bio-Tech Research Center,340,37.774916,-122.416068,5500.0,Biotech Cleanrooms,False,Normal
2026-09-13 02:00:00,MTR-BIO-03,28.49,North Campus,Bio-Tech Research Center,340,37.774916,-122.416068,5500.0,Biotech Cleanrooms,False,Normal
2026-09-13 03:00:00,MTR-BIO-03,5.0,North Campus,Bio-Tech Research Center,340,37.774916,-122.416068,5500.0,Biotech Cleanrooms,False,Normal
2026-09-13 04:00:00,MTR-BIO-03,5.0,North Campus,Bio-Tech Research Center,340,37.774916,-122.416068,5500.0,Biotech Cleanrooms,False,Normal
2026-09-13 05:00:00,MTR-BIO-03,18.68,North Campus,Bio-Tech Research Center,340,37.774916,-122.416068,5500.0,Biotech Cleanrooms,False,Normal
2026-09-13 06:00:00,MTR-BIO-03,33.14,North Campus,Bio-Tech Research Center,340,37.774916,-122.416068,5500.0,Biotech Cleanrooms,False,Normal
2026-09-13 07:00:00,MTR-BIO-03,223.65,North Campus,Bio-Tech Research Center,340,37.774916,-122.416068,5500.0,Biotech Cleanrooms,False,Normal
2026-09-13 08:00:00,MTR-BIO-03,255.19,North Campus,Bio-Tech Research Center,340,37.774916,-122.416068,5500.0,Biotech Cleanrooms,False,Normal
2026-09-13 09:00:00,MTR-BIO-03,198.81,North Campus,Bio-Tech Research Center,340,37.774916,-122.416068,5500.0,Biotech Cleanrooms,False,Normal
2026-09-13 10:00:00,MTR-BIO-03,131.46,North Campus,Bio-Tech Research Center,340,37.774916,-122.416068,5500.0,Biotech Cleanrooms,False,Normal
2026-09-13 11:00:00,MTR-BIO-03,288.87,North Campus,Bio-Tech Research Center,340,37.774916,-122.416068,5500.0,Biotech Cleanrooms,False,Normal
2026-09-13 12:00:00,MTR-BIO-03,208.58,North Campus,Bio-Tech Research Center,340,37.774916,-122.416068,5500.0,Biotech Cleanrooms,False,Normal
2026-09-13 13:00:00,MTR-BIO-03,233.78,North Campus,Bio-Tech Research Center,340,37.774916,-122.416068,5500.0,Biotech Cleanrooms,False,Normal
2026-09-13 14:00:00,MTR-BIO-03,234.37,North Campus,Bio-Tech Research Center,340,37.774916,-122.416068,5500.0,Biotech Cleanrooms,False,Normal
2026-09-13 15:00:00,MTR-BIO-03,157.73,North Campus,Bio-Tech Research Center,340,37.774916,-122.416068,5500.0,Biotech Cleanrooms,False,Normal
2026-09-13 16:00:00,MTR-BIO-03,204.87,North Campus,Bio-Tech Research Center,340,37.774916,-122.416068,5500.0,Biotech Cleanrooms,False,Normal
2026-09-13 17:00:00,MTR-BIO-03,172.5,North Campus,Bio-Tech Research Center,340,37.774916,-122.416068,5500.0,Biotech Cleanrooms,False,Normal
2026-09-13 18:00:00,MTR-BIO-03,216.86,North Campus,Bio-Tech Research Center,340,37.774916,-122.416068,5500.0,Biotech Cleanrooms,False,Normal
2026-09-13 19:00:00,MTR-BIO-03,222.66,North Campus,Bio-Tech Research Center,340,37.774916,-122.416068,5500.0,Biotech Cleanrooms,False,Normal
2026-09-13 20:00:00,MTR-BIO-03,173.41,North Campus,Bio-Tech Research Center,340,37.774916,-122.416068,5500.0,Biotech Cleanrooms,False,Normal
2026-09-13 21:00:00,MTR-BIO-03,166.77,North Campus,Bio-Tech Research Center,340,37.774916,-122.416068,5500.0,Biotech Cleanrooms,False,Normal
2026-09-13 22:00:00,MTR-BIO-03,64.36,North Campus,Bio-Tech Research Center,340,37.774916,-122.416068,5500.0,Biotech Cleanrooms,False,Normal
2026-09-13 23:00:00,MTR-BIO-03,77.26,North Campus,Bio-Tech Research Center,340,37.774916,-122.416068,5500.0,Biotech Cleanrooms,False,Normal
2026-09-14 00:00:00,MTR-BIO-03,34.75,North Campus,Bio-Tech Research Center,340,37.774916,-122.416068,5500.0,Biotech Cleanrooms,False,Normal
2026-09-14 01:00:00,MTR-BIO-03,62.99,North Campus,Bio-Tech Research Center,340,37.774916,-122.416068,5500.0,Biotech Cleanrooms,False,Normal
2026-09-14 02:00:00,MTR-BIO-03,16.08,North Campus,Bio-Tech Research Center,340,37.774916,-122.416068,5500.0,Biotech Cleanrooms,False,Normal
2026-09-14 03:00:00,MTR-BIO-03,5.0,North Campus,Bio-Tech Research Center,340,37.774916,-122.416068,5500.0,Biotech Cleanrooms,False,Normal
2026-09-14 04:00:00,MTR-BIO-03,82.48,North Campus,Bio-Tech Research Center,340,37.774916,-122.416068,5500.0,Biotech Cleanrooms,False,Normal
2026-09-14 05:00:00,MTR-BIO-03,21.34,North Campus,Bio-Tech Research Center,340,37.774916,-122.416068,5500.0,Biotech Cleanrooms,False,Normal
2026-09-14 06:00:00,MTR-BIO-03,231.35,North Campus,Bio-Tech Research Center,340,37.774916,-122.416068,5500.0,Biotech Cleanrooms,False,Normal
2026-09-14 07:00:00,MTR-BIO-03,596.95,North Campus,Bio-Tech Research Center,340,37.774916,-122.416068,5500.0,Biotech Cleanrooms,False,Normal
2026-09-14 08:00:00,MTR-BIO-03,751.94,North Campus,Bio-Tech Research Center,340,37.774916,-122.416068,5500.0,Biotech Cleanrooms,False,Normal
2026-09-14 09:00:00,MTR-BIO-03,619.31,North Campus,Bio-Tech Research Center,340,37.774916,-122.416068,5500.0,Biotech Cleanrooms,False,Normal
2026-09-14 10:00:00,MTR-BIO-03,501.33,North Campus,Bio-Tech Research Center,340,37.774916,-122.416068,5500.0,Biotech Cleanrooms,False,Normal
2026-09-14 11:00:00,MTR-BIO-03,566.82,North Campus,Bio-Tech Research Center,340,37.774916,-122.416068,5500.0,Biotech Cleanrooms,False,Normal
2026-09-14 12:00:00,MTR-BIO-03,665.22,North Campus,Bio-Tech Research Center,340,37.774916,-122.416068,5500.0,Biotech Cleanrooms,False,Normal
2026-09-14 13:00:00,MTR-BIO-03,522.11,North Campus,Bio-Tech Research Center,340,37.774916,-122.416068,5500.0,Biotech Cleanrooms,False,Normal
2026-09-14 14:00:00,MTR-BIO-03,572.77,North Campus,Bio-Tech Research Center,340,37.774916,-122.416068,5500.0,Biotech Cleanrooms,False,Normal
2026-09-14 15:00:00,MTR-BIO-03,429.49,North Campus,Bio-Tech Research Center,340,37.774916,-122.416068,5500.0,Biotech Cleanrooms,False,Normal
2026-09-14 16:00:00,MTR-BIO-03,609.2,North Campus,Bio-Tech Research Center,340,37.774916,-122.416068,5500.0,Biotech Cleanrooms,False,Normal
2026-09-14 17:00:00,MTR-BIO-03,649.91,North Campus,Bio-Tech Research Center,340,37.774916,-122.416068,5500.0,Biotech Cleanrooms,False,Normal
2026-09-14 18:00:00,MTR-BIO-03,680.43,North Campus,Bio-Tech Research Center,340,37.774916,-122.416068,5500.0,Biotech Cleanrooms,False,Normal
2026-09-14 19:00:00,MTR-BIO-03,592.38,North Campus,Bio-Tech Research Center,340,37.774916,-122.416068,5500.0,Biotech Cleanrooms,False,Normal
2026-09-14 20:00:00,MTR-BIO-03,434.45,North Campus,Bio-Tech Research Center,340,37.774916,-122.416068,5500.0,Biotech Cleanrooms,False,Normal
2026-09-14 21:00:00,MTR-BIO-03,429.98,North Campus,Bio-Tech Research Center,340,37.774916,-122.416068,5500.0,Biotech Cleanrooms,False,Normal
2026-09-14 22:00:00,MTR-BIO-03,236.62,North Campus,Bio-Tech Research Center,340,37.774916,-122.416068,5500.0,Biotech Cleanrooms,False,Normal
2026-09-14 23:00:00,MTR-BIO-03,81.67,North Campus,Bio-Tech Research Center,340,37.774916,-122.416068,5500.0,Biotech Cleanrooms,False,Normal
2026-09-15 00:00:00,MTR-BIO-03,111.35,North Campus,Bio-Tech Research Center,340,37.774916,-122.416068,5500.0,Biotech Cleanrooms,False,Normal
2026-09-15 01:00:00,MTR-BIO-03,84.56,North Campus,Bio-Tech Research Center,340,37.774916,-122.416068,5500.0,Biotech Cleanrooms,False,Normal
2026-09-15 02:00:00,MTR-BIO-03,78.61,North Campus,Bio-Tech Research Center,340,37.774916,-122.416068,5500.0,Biotech Cleanrooms,False,Normal
2026-09-15 03:00:00,MTR-BIO-03,72.46,North Campus,Bio-Tech Research Center,340,37.774916,-122.416068,5500.0,Biotech Cleanrooms,False,Normal
2026-09-15 04:00:00,MTR-BIO-03,36.3,North Campus,Bio-Tech Research Center,340,37.774916,-122.416068,5500.0,Biotech Cleanrooms,False,Normal
2026-09-15 05:00:00,MTR-BIO-03,138.02,North Campus,Bio-Tech Research Center,340,37.774916,-122.416068,5500.0,Biotech Cleanrooms,False,Normal
2026-09-15 06:00:00,MTR-BIO-03,298.75,North Campus,Bio-Tech Research Center,340,37.774916,-122.416068,5500.0,Biotech Cleanrooms,False,Normal
2026-09-15 07:00:00,MTR-BIO-03,670.79,North Campus,Bio-Tech Research Center,340,37.774916,-122.416068,5500.0,Biotech Cleanrooms,False,Normal
2026-09-15 08:00:00,MTR-BIO-03,616.04,North Campus,Bio-Tech Research Center,340,37.774916,-122.416068,5500.0,Biotech Cleanrooms,False,Normal
2026-09-15 09:00:00,MTR-BIO-03,585.59,North Campus,Bio-Tech Research Center,340,37.774916,-122.416068,5500.0,Biotech Cleanrooms,False,Normal
2026-09-15 10:00:00,MTR-BIO-03,25.73,North Campus,Bio-Tech Research Center,340,37.774916,-122.416068,5500.0,Biotech Cleanrooms,True,Sudden Drop
2026-09-15 11:00:00,MTR-BIO-03,666.34,North Campus,Bio-Tech Research Center,340,37.774916,-122.416068,5500.0,Biotech Cleanrooms,False,Normal
2026-09-15 12:00:00,MTR-BIO-03,700.86,North Campus,Bio-Tech Research Center,340,37.774916,-122.416068,5500.0,Biotech Cleanrooms,False,Normal
2026-09-15 13:00:00,MTR-BIO-03,611.87,North Campus,Bio-Tech Research Center,340,37.774916,-122.416068,5500.0,Biotech Cleanrooms,False,Normal
2026-09-15 14:00:00,MTR-BIO-03,519.83,North Campus,Bio-Tech Research Center,340,37.774916,-122.416068,5500.0,Biotech Cleanrooms,False,Normal
2026-09-15 15:00:00,MTR-BIO-03,604.35,North Campus,Bio-Tech Research Center,340,37.774916,-122.416068,5500.0,Biotech Cleanrooms,False,Normal
2026-09-15 16:00:00,MTR-BIO-03,453.49,North Campus,Bio-Tech Research Center,340,37.774916,-122.416068,5500.0,Biotech Cleanrooms,False,Normal
2026-09-15 17:00:00,MTR-BIO-03,686.31,North Campus,Bio-Tech Research Center,340,37.774916,-122.416068,5500.0,Biotech Cleanrooms,False,Normal
2026-09-15 18:00:00,MTR-BIO-03,674.86,North Campus,Bio-Tech Research Center,340,37.774916,-122.416068,5500.0,Biotech Cleanrooms,False,Normal
2026-09-15 19:00:00,MTR-BIO-03,577.0,North Campus,Bio-Tech Research Center,340,37.774916,-122.416068,5500.0,Biotech Cleanrooms,False,Normal
2026-09-15 20:00:00,MTR-BIO-03,438.19,North Campus,Bio-Tech Research Center,340,37.774916,-122.416068,5500.0,Biotech Cleanrooms,False,Normal
2026-09-15 21:00:00,MTR-BIO-03,438.34,North Campus,Bio-Tech Research Center,340,37.774916,-122.416068,5500.0,Biotech Cleanrooms,False,Normal
2026-09-15 22:00:00,MTR-BIO-03,227.64,North Campus,Bio-Tech Research Center,340,37.774916,-122.416068,5500.0,Biotech Cleanrooms,False,Normal
2026-09-15 23:00:00,MTR-BIO-03,99.97,North Campus,Bio-Tech Research Center,340,37.774916,-122.416068,5500.0,Biotech Cleanrooms,False,Normal
2026-09-16 00:00:00,MTR-BIO-03,71.63,North Campus,Bio-Tech Research Center,340,37.774916,-122.416068,5500.0,Biotech Cleanrooms,False,Normal
2026-09-16 01:00:00,MTR-BIO-03,50.91,North Campus,Bio-Tech Research Center,340,37.774916,-122.416068,5500.0,Biotech Cleanrooms,False,Normal
2026-09-16 02:00:00,MTR-BIO-03,5.0,North Campus,Bio-Tech Research Center,340,37.774916,-122.416068,5500.0,Biotech Cleanrooms,False,Normal
2026-09-16 03:00:00,MTR-BIO-03,21.29,North Campus,Bio-Tech Research Center,340,37.774916,-122.416068,5500.0,Biotech Cleanrooms,False,Normal
2026-09-16 04:00:00,MTR-BIO-03,94.49,North Campus,Bio-Tech Research Center,340,37.774916,-122.416068,5500.0,Biotech Cleanrooms,False,Normal
2026-09-16 05:00:00,MTR-BIO-03,110.7,North Campus,Bio-Tech Research Center,340,37.774916,-122.416068,5500.0,Biotech Cleanrooms,False,Normal
2026-09-16 06:00:00,MTR-BIO-03,233.53,North Campus,Bio-Tech Research Center,340,37.774916,-122.416068,5500.0,Biotech Cleanrooms,False,Normal
2026-09-16 07:00:00,MTR-BIO-03,626.69,North Campus,Bio-Tech Research Center,340,37.774916,-122.416068,5500.0,Biotech Cleanrooms,False,Normal
2026-09-16 08:00:00,MTR-BIO-03,712.3,North Campus,Bio-Tech Research Center,340,37.774916,-122.416068,5500.0,Biotech Cleanrooms,False,Normal
2026-09-16 09:00:00,MTR-BIO-03,586.88,North Campus,Bio-Tech Research Center,340,37.774916,-122.416068,5500.0,Biotech Cleanrooms,False,Normal
2026-09-16 10:00:00,MTR-BIO-03,551.27,North Campus,Bio-Tech Research Center,340,37.774916,-122.416068,5500.0,Biotech Cleanrooms,False,Normal
2026-09-16 11:00:00,MTR-BIO-03,598.38,North Campus,Bio-Tech Research Center,340,37.774916,-122.416068,5500.0,Biotech Cleanrooms,False,Normal
2026-09-16 12:00:00,MTR-BIO-03,681.53,North Campus,Bio-Tech Research Center,340,37.774916,-122.416068,5500.0,Biotech Cleanrooms,False,Normal
2026-09-16 13:00:00,MTR-BIO-03,554.81,North Campus,Bio-Tech Research Center,340,37.774916,-122.416068,5500.0,Biotech Cleanrooms,False,Normal
2026-09-16 14:00:00,MTR-BIO-03,532.42,North Campus,Bio-Tech Research Center,340,37.774916,-122.416068,5500.0,Biotech Cleanrooms,False,Normal
2026-09-16 15:00:00,MTR-BIO-03,495.72,North Campus,Bio-Tech Research Center,340,37.774916,-122.416068,5500.0,Biotech Cleanrooms,False,Normal
2026-09-16 16:00:00,MTR-BIO-03,490.62,North Campus,Bio-Tech Research Center,340,37.774916,-122.416068,5500.0,Biotech Cleanrooms,False,Normal
2026-09-16 17:00:00,MTR-BIO-03,649.58,North Campus,Bio-Tech Research Center,340,37.774916,-122.416068,5500.0,Biotech Cleanrooms,False,Normal
2026-09-16 18:00:00,MTR-BIO-03,673.73,North Campus,Bio-Tech Research Center,340,37.774916,-122.416068,5500.0,Biotech Cleanrooms,False,Normal
2026-09-16 19:00:00,MTR-BIO-03,680.82,North Campus,Bio-Tech Research Center,340,37.774916,-122.416068,5500.0,Biotech Cleanrooms,False,Normal
2026-09-16 20:00:00,MTR-BIO-03,564.75,North Campus,Bio-Tech Research Center,340,37.774916,-122.416068,5500.0,Biotech Cleanrooms,False,Normal
2026-09-16 21:00:00,MTR-BIO-03,418.54,North Campus,Bio-Tech Research Center,340,37.774916,-122.416068,5500.0,Biotech Cleanrooms,False,Normal
2026-09-16 22:00:00,MTR-BIO-03,230.97,North Campus,Bio-Tech Research Center,340,37.774916,-122.416068,5500.0,Biotech Cleanrooms,False,Normal
2026-09-16 23:00:00,MTR-BIO-03,90.45,North Campus,Bio-Tech Research Center,340,37.774916,-122.416068,5500.0,Biotech Cleanrooms,False,Normal
2026-09-17 00:00:00,MTR-BIO-03,74.93,North Campus,Bio-Tech Research Center,340,37.774916,-122.416068,5500.0,Biotech Cleanrooms,False,Normal
2026-09-17 01:00:00,MTR-BIO-03,14.09,North Campus,Bio-Tech Research Center,340,37.774916,-122.416068,5500.0,Biotech Cleanrooms,False,Normal
2026-09-17 02:00:00,MTR-BIO-03,75.6,North Campus,Bio-Tech Research Center,340,37.774916,-122.416068,5500.0,Biotech Cleanrooms,False,Normal
2026-09-17 03:00:00,MTR-BIO-03,5.0,North Campus,Bio-Tech Research Center,340,37.774916,-122.416068,5500.0,Biotech Cleanrooms,False,Normal
2026-09-17 04:00:00,MTR-BIO-03,85.78,North Campus,Bio-Tech Research Center,340,37.774916,-122.416068,5500.0,Biotech Cleanrooms,False,Normal
2026-09-17 05:00:00,MTR-BIO-03,10.64,North Campus,Bio-Tech Research Center,340,37.774916,-122.416068,5500.0,Biotech Cleanrooms,True,Sudden Drop
2026-09-17 06:00:00,MTR-BIO-03,279.67,North Campus,Bio-Tech Research Center,340,37.774916,-122.416068,5500.0,Biotech Cleanrooms,False,Normal
2026-09-17 07:00:00,MTR-BIO-03,648.31,North Campus,Bio-Tech Research Center,340,37.774916,-122.416068,5500.0,Biotech Cleanrooms,False,Normal
2026-09-17 08:00:00,MTR-BIO-03,745.53,North Campus,Bio-Tech Research Center,340,37.774916,-122.416068,5500.0,Biotech Cleanrooms,False,Normal
2026-09-17 09:00:00,MTR-BIO-03,31.62,North Campus,Bio-Tech Research Center,340,37.774916,-122.416068,5500.0,Biotech Cleanrooms,True,Sudden Drop
2026-09-17 10:00:00,MTR-BIO-03,543.96,North Campus,Bio-Tech Research Center,340,37.774916,-122.416068,5500.0,Biotech Cleanrooms,False,Normal
2026-09-17 11:00:00,MTR-BIO-03,639.16,North Campus,Bio-Tech Research Center,340,37.774916,-122.416068,5500.0,Biotech Cleanrooms,False,Normal
2026-09-17 12:00:00,MTR-BIO-03,711.1,North Campus,Bio-Tech Research Center,340,37.774916,-122.416068,5500.0,Biotech Cleanrooms,False,Normal
2026-09-17 13:00:00,MTR-BIO-03,619.82,North Campus,Bio-Tech Research Center,340,37.774916,-122.416068,5500.0,Biotech Cleanrooms,False,Normal
2026-09-17 14:00:00,MTR-BIO-03,516.86,North Campus,Bio-Tech Research Center,340,37.774916,-122.416068,5500.0,Biotech Cleanrooms,False,Normal
2026-09-17 15:00:00,MTR-BIO-03,573.56,North Campus,Bio-Tech Research Center,340,37.774916,-122.416068,5500.0,Biotech Cleanrooms,False,Normal
2026-09-17 16:00:00,MTR-BIO-03,554.53,North Campus,Bio-Tech Research Center,340,37.774916,-122.416068,5500.0,Biotech Cleanrooms,False,Normal
2026-09-17 17:00:00,MTR-BIO-03,646.7,North Campus,Bio-Tech Research Center,340,37.774916,-122.416068,5500.0,Biotech Cleanrooms,False,Normal
2026-09-17 18:00:00,MTR-BIO-03,668.96,North Campus,Bio-Tech Research Center,340,37.774916,-122.416068,5500.0,Biotech Cleanrooms,False,Normal
2026-09-17 19:00:00,MTR-BIO-03,531.0,North Campus,Bio-Tech Research Center,340,37.774916,-122.416068,5500.0,Biotech Cleanrooms,False,Normal
2026-09-17 20:00:00,MTR-BIO-03,516.37,North Campus,Bio-Tech Research Center,340,37.774916,-122.416068,5500.0,Biotech Cleanrooms,False,Normal
2026-09-17 21:00:00,MTR-BIO-03,357.62,North Campus,Bio-Tech Research Center,340,37.774916,-122.416068,5500.0,Biotech Cleanrooms,False,Normal
2026-09-17 22:00:00,MTR-BIO-03,198.72,North Campus,Bio-Tech Research Center,340,37.774916,-122.416068,5500.0,Biotech Cleanrooms,False,Normal
2026-09-17 23:00:00,MTR-BIO-03,46.98,North Campus,Bio-Tech Research Center,340,37.774916,-122.416068,5500.0,Biotech Cleanrooms,False,Normal
2026-09-18 00:00:00,MTR-BIO-03,5.88,North Campus,Bio-Tech Research Center,340,37.774916,-122.416068,5500.0,Biotech Cleanrooms,False,Normal
2026-09-18 01:00:00,MTR-BIO-03,95.09,North Campus,Bio-Tech Research Center,340,37.774916,-122.416068,5500.0,Biotech Cleanrooms,False,Normal
2026-09-18 02:00:00,MTR-BIO-03,32.61,North Campus,Bio-Tech Research Center,340,37.774916,-122.416068,5500.0,Biotech Cleanrooms,False,Normal
2026-09-18 03:00:00,MTR-BIO-03,5.0,North Campus,Bio-Tech Research Center,340,37.774916,-122.416068,5500.0,Biotech Cleanrooms,False,Normal
2026-09-18 04:00:00,MTR-BIO-03,68.93,North Campus,Bio-Tech Research Center,340,37.774916,-122.416068,5500.0,Biotech Cleanrooms,False,Normal
2026-09-18 05:00:00,MTR-BIO-03,23.97,North Campus,Bio-Tech Research Center,340,37.774916,-122.416068,5500.0,Biotech Cleanrooms,False,Normal
2026-09-18 06:00:00,MTR-BIO-03,295.71,North Campus,Bio-Tech Research Center,340,37.774916,-122.416068,5500.0,Biotech Cleanrooms,False,Normal
2026-09-18 07:00:00,MTR-BIO-03,607.13,North Campus,Bio-Tech Research Center,340,37.774916,-122.416068,5500.0,Biotech Cleanrooms,False,Normal
2026-09-18 08:00:00,MTR-BIO-03,683.63,North Campus,Bio-Tech Research Center,340,37.774916,-122.416068,5500.0,Biotech Cleanrooms,False,Normal
2026-09-18 09:00:00,MTR-BIO-03,628.86,North Campus,Bio-Tech Research Center,340,37.774916,-122.416068,5500.0,Biotech Cleanrooms,False,Normal
2026-09-18 10:00:00,MTR-BIO-03,525.51,North Campus,Bio-Tech Research Center,340,37.774916,-122.416068,5500.0,Biotech Cleanrooms,False,Normal
2026-09-18 11:00:00,MTR-BIO-03,663.26,North Campus,Bio-Tech Research Center,340,37.774916,-122.416068,5500.0,Biotech Cleanrooms,False,Normal
2026-09-18 12:00:00,MTR-BIO-03,682.47,North Campus,Bio-Tech Research Center,340,37.774916,-122.416068,5500.0,Biotech Cleanrooms,False,Normal
2026-09-18 13:00:00,MTR-BIO-03,612.78,North Campus,Bio-Tech Research Center,340,37.774916,-122.416068,5500.0,Biotech Cleanrooms,False,Normal
2026-09-18 14:00:00,MTR-BIO-03,502.87,North Campus,Bio-Tech Research Center,340,37.774916,-122.416068,5500.0,Biotech Cleanrooms,False,Normal
2026-09-18 15:00:00,MTR-BIO-03,546.86,North Campus,Bio-Tech Research Center,340,37.774916,-122.416068,5500.0,Biotech Cleanrooms,False,Normal
2026-09-18 16:00:00,MTR-BIO-03,492.7,North Campus,Bio-Tech Research Center,340,37.774916,-122.416068,5500.0,Biotech Cleanrooms,False,Normal
2026-09-18 17:00:00,MTR-BIO-03,651.57,North Campus,Bio-Tech Research Center,340,37.774916,-122.416068,5500.0,Biotech Cleanrooms,False,Normal
2026-09-18 18:00:00,MTR-BIO-03,641.2,North Campus,Bio-Tech Research Center,340,37.774916,-122.416068,5500.0,Biotech Cleanrooms,False,Normal
2026-09-18 19:00:00,MTR-BIO-03,587.26,North Campus,Bio-Tech Research Center,340,37.774916,-122.416068,5500.0,Biotech Cleanrooms,False,Normal
2026-09-18 20:00:00,MTR-BIO-03,522.03,North Campus,Bio-Tech Research Center,340,37.774916,-122.416068,5500.0,Biotech Cleanrooms,False,Normal
2026-09-18 21:00:00,MTR-BIO-03,394.15,North Campus,Bio-Tech Research Center,340,37.774916,-122.416068,5500.0,Biotech Cleanrooms,False,Normal
2026-09-18 22:00:00,MTR-BIO-03,267.6,North Campus,Bio-Tech Research Center,340,37.774916,-122.416068,5500.0,Biotech Cleanrooms,False,Normal
2026-09-18 23:00:00,MTR-BIO-03,153.75,North Campus,Bio-Tech Research Center,340,37.774916,-122.416068,5500.0,Biotech Cleanrooms,False,Normal
2026-09-19 00:00:00,MTR-BIO-03,20.79,North Campus,Bio-Tech Research Center,340,37.774916,-122.416068,5500.0,Biotech Cleanrooms,False,Normal
2026-09-19 01:00:00,MTR-BIO-03,45.84,North Campus,Bio-Tech Research Center,340,37.774916,-122.416068,5500.0,Biotech Cleanrooms,False,Normal
2026-09-19 02:00:00,MTR-BIO-03,5.0,North Campus,Bio-Tech Research Center,340,37.774916,-122.416068,5500.0,Biotech Cleanrooms,False,Normal
2026-09-19 03:00:00,MTR-BIO-03,19.04,North Campus,Bio-Tech Research Center,340,37.774916,-122.416068,5500.0,Biotech Cleanrooms,False,Normal
2026-09-19 04:00:00,MTR-BIO-03,42.96,North Campus,Bio-Tech Research Center,340,37.774916,-122.416068,5500.0,Biotech Cleanrooms,False,Normal
2026-09-19 05:00:00,MTR-BIO-03,19.91,North Campus,Bio-Tech Research Center,340,37.774916,-122.416068,5500.0,Biotech Cleanrooms,False,Normal
2026-09-19 06:00:00,MTR-BIO-03,37.51,North Campus,Bio-Tech Research Center,340,37.774916,-122.416068,5500.0,Biotech Cleanrooms,False,Normal
2026-09-19 07:00:00,MTR-BIO-03,193.03,North Campus,Bio-Tech Research Center,340,37.774916,-122.416068,5500.0,Biotech Cleanrooms,False,Normal
2026-09-19 08:00:00,MTR-BIO-03,229.26,North Campus,Bio-Tech Research Center,340,37.774916,-122.416068,5500.0,Biotech Cleanrooms,False,Normal
2026-09-19 09:00:00,MTR-BIO-03,244.85,North Campus,Bio-Tech Research Center,340,37.774916,-122.416068,5500.0,Biotech Cleanrooms,False,Normal
2026-09-19 10:00:00,MTR-BIO-03,177.26,North Campus,Bio-Tech Research Center,340,37.774916,-122.416068,5500.0,Biotech Cleanrooms,False,Normal
2026-09-19 11:00:00,MTR-BIO-03,244.42,North Campus,Bio-Tech Research Center,340,37.774916,-122.416068,5500.0,Biotech Cleanrooms,False,Normal
2026-09-19 12:00:00,MTR-BIO-03,151.47,North Campus,Bio-Tech Research Center,340,37.774916,-122.416068,5500.0,Biotech Cleanrooms,False,Normal
2026-09-19 13:00:00,MTR-BIO-03,157.57,North Campus,Bio-Tech Research Center,340,37.774916,-122.416068,5500.0,Biotech Cleanrooms,False,Normal
2026-09-19 14:00:00,MTR-BIO-03,77.25,North Campus,Bio-Tech Research Center,340,37.774916,-122.416068,5500.0,Biotech Cleanrooms,False,Normal
2026-09-19 15:00:00,MTR-BIO-03,157.3,North Campus,Bio-Tech Research Center,340,37.774916,-122.416068,5500.0,Biotech Cleanrooms,False,Normal
2026-09-19 16:00:00,MTR-BIO-03,244.51,North Campus,Bio-Tech Research Center,340,37.774916,-122.416068,5500.0,Biotech Cleanrooms,False,Normal
2026-09-19 17:00:00,MTR-BIO-03,228.48,North Campus,Bio-Tech Research Center,340,37.774916,-122.416068,5500.0,Biotech Cleanrooms,False,Normal
2026-09-19 18:00:00,MTR-BIO-03,193.44,North Campus,Bio-Tech Research Center,340,37.774916,-122.416068,5500.0,Biotech Cleanrooms,False,Normal
2026-09-19 19:00:00,MTR-BIO-03,138.81,North Campus,Bio-Tech Research Center,340,37.774916,-122.416068,5500.0,Biotech Cleanrooms,False,Normal
2026-09-19 20:00:00,MTR-BIO-03,184.8,North Campus,Bio-Tech Research Center,340,37.774916,-122.416068,5500.0,Biotech Cleanrooms,False,Normal
2026-09-19 21:00:00,MTR-BIO-03,106.85,North Campus,Bio-Tech Research Center,340,37.774916,-122.416068,5500.0,Biotech Cleanrooms,False,Normal
2026-09-19 22:00:00,MTR-BIO-03,57.17,North Campus,Bio-Tech Research Center,340,37.774916,-122.416068,5500.0,Biotech Cleanrooms,False,Normal
2026-09-19 23:00:00,MTR-BIO-03,5.0,North Campus,Bio-Tech Research Center,340,37.774916,-122.416068,5500.0,Biotech Cleanrooms,False,Normal
2026-09-20 00:00:00,MTR-BIO-03,5.0,North Campus,Bio-Tech Research Center,340,37.774916,-122.416068,5500.0,Biotech Cleanrooms,False,Normal
2026-09-20 01:00:00,MTR-BIO-03,5.0,North Campus,Bio-Tech Research Center,340,37.774916,-122.416068,5500.0,Biotech Cleanrooms,False,Normal
2026-09-20 02:00:00,MTR-BIO-03,11.71,North Campus,Bio-Tech Research Center,340,37.774916,-122.416068,5500.0,Biotech Cleanrooms,False,Normal
2026-09-20 03:00:00,MTR-BIO-03,21.56,North Campus,Bio-Tech Research Center,340,37.774916,-122.416068,5500.0,Biotech Cleanrooms,False,Normal
2026-09-20 04:00:00,MTR-BIO-03,5.0,North Campus,Bio-Tech Research Center,340,37.774916,-122.416068,5500.0,Biotech Cleanrooms,False,Normal
2026-09-20 05:00:00,MTR-BIO-03,105.96,North Campus,Bio-Tech Research Center,340,37.774916,-122.416068,5500.0,Biotech Cleanrooms,False,Normal
2026-09-20 06:00:00,MTR-BIO-03,110.58,North Campus,Bio-Tech Research Center,340,37.774916,-122.416068,5500.0,Biotech Cleanrooms,False,Normal
2026-09-20 07:00:00,MTR-BIO-03,627.86,North Campus,Bio-Tech Research Center,340,37.774916,-122.416068,5500.0,Biotech Cleanrooms,True,Gradual Increase
2026-09-20 08:00:00,MTR-BIO-03,275.66,North Campus,Bio-Tech Research Center,340,37.774916,-122.416068,5500.0,Biotech Cleanrooms,False,Normal
2026-09-20 09:00:00,MTR-BIO-03,205.66,North Campus,Bio-Tech Research Center,340,37.774916,-122.416068,5500.0,Biotech Cleanrooms,False,Normal
2026-09-20 10:00:00,MTR-BIO-03,151.16,North Campus,Bio-Tech Research Center,340,37.774916,-122.416068,5500.0,Biotech Cleanrooms,False,Normal
2026-09-20 11:00:00,MTR-BIO-03,215.4,North Campus,Bio-Tech Research Center,340,37.774916,-122.416068,5500.0,Biotech Cleanrooms,False,Normal
2026-09-20 12:00:00,MTR-BIO-03,259.13,North Campus,Bio-Tech Research Center,340,37.774916,-122.416068,5500.0,Biotech Cleanrooms,False,Normal
2026-09-20 13:00:00,MTR-BIO-03,247.95,North Campus,Bio-Tech Research Center,340,37.774916,-122.416068,5500.0,Biotech Cleanrooms,False,Normal
2026-09-20 14:00:00,MTR-BIO-03,216.53,North Campus,Bio-Tech Research Center,340,37.774916,-122.416068,5500.0,Biotech Cleanrooms,False,Normal
2026-09-20 15:00:00,MTR-BIO-03,164.58,North Campus,Bio-Tech Research Center,340,37.774916,-122.416068,5500.0,Biotech Cleanrooms,False,Normal
2026-09-20 16:00:00,MTR-BIO-03,202.64,North Campus,Bio-Tech Research Center,340,37.774916,-122.416068,5500.0,Biotech Cleanrooms,False,Normal
2026-09-20 17:00:00,MTR-BIO-03,244.15,North Campus,Bio-Tech Research Center,340,37.774916,-122.416068,5500.0,Biotech Cleanrooms,False,Normal
2026-09-20 18:00:00,MTR-BIO-03,270.73,North Campus,Bio-Tech Research Center,340,37.774916,-122.416068,5500.0,Biotech Cleanrooms,False,Normal
2026-09-20 19:00:00,MTR-BIO-03,202.2,North Campus,Bio-Tech Research Center,340,37.774916,-122.416068,5500.0,Biotech Cleanrooms,False,Normal
2026-09-20 20:00:00,MTR-BIO-03,183.02,North Campus,Bio-Tech Research Center,340,37.774916,-122.416068,5500.0,Biotech Cleanrooms,False,Normal
2026-09-20 21:00:00,MTR-BIO-03,71.93,North Campus,Bio-Tech Research Center,340,37.774916,-122.416068,5500.0,Biotech Cleanrooms,False,Normal
2026-09-20 22:00:00,MTR-BIO-03,1886.59,North Campus,Bio-Tech Research Center,340,37.774916,-122.416068,5500.0,Biotech Cleanrooms,True,Sudden Spike
2026-09-20 23:00:00,MTR-BIO-03,5.0,North Campus,Bio-Tech Research Center,340,37.774916,-122.416068,5500.0,Biotech Cleanrooms,False,Normal
2026-09-21 00:00:00,MTR-BIO-03,60.23,North Campus,Bio-Tech Research Center,340,37.774916,-122.416068,5500.0,Biotech Cleanrooms,False,Normal
2026-09-21 01:00:00,MTR-BIO-03,82.5,North Campus,Bio-Tech Research Center,340,37.774916,-122.416068,5500.0,Biotech Cleanrooms,False,Normal
2026-09-21 02:00:00,MTR-BIO-03,44.87,North Campus,Bio-Tech Research Center,340,37.774916,-122.416068,5500.0,Biotech Cleanrooms,False,Normal
2026-09-21 03:00:00,MTR-BIO-03,16.58,North Campus,Bio-Tech Research Center,340,37.774916,-122.416068,5500.0,Biotech Cleanrooms,False,Normal
2026-09-21 04:00:00,MTR-BIO-03,45.39,North Campus,Bio-Tech Research Center,340,37.774916,-122.416068,5500.0,Biotech Cleanrooms,False,Normal
2026-09-21 05:00:00,MTR-BIO-03,168.38,North Campus,Bio-Tech Research Center,340,37.774916,-122.416068,5500.0,Biotech Cleanrooms,False,Normal
2026-09-21 06:00:00,MTR-BIO-03,218.31,North Campus,Bio-Tech Research Center,340,37.774916,-122.416068,5500.0,Biotech Cleanrooms,False,Normal
2026-09-21 07:00:00,MTR-BIO-03,609.55,North Campus,Bio-Tech Research Center,340,37.774916,-122.416068,5500.0,Biotech Cleanrooms,False,Normal
2026-09-21 08:00:00,MTR-BIO-03,699.06,North Campus,Bio-Tech Research Center,340,37.774916,-122.416068,5500.0,Biotech Cleanrooms,False,Normal
2026-09-21 09:00:00,MTR-BIO-03,565.15,North Campus,Bio-Tech Research Center,340,37.774916,-122.416068,5500.0,Biotech Cleanrooms,False,Normal
2026-09-21 10:00:00,MTR-BIO-03,589.89,North Campus,Bio-Tech Research Center,340,37.774916,-122.416068,5500.0,Biotech Cleanrooms,True,Normal
2026-09-21 11:00:00,MTR-BIO-03,648.4,North Campus,Bio-Tech Research Center,340,37.774916,-122.416068,5500.0,Biotech Cleanrooms,False,Normal
2026-09-21 12:00:00,MTR-BIO-03,667.89,North Campus,Bio-Tech Research Center,340,37.774916,-122.416068,5500.0,Biotech Cleanrooms,False,Normal
2026-09-21 13:00:00,MTR-BIO-03,604.49,North Campus,Bio-Tech Research Center,340,37.774916,-122.416068,5500.0,Biotech Cleanrooms,False,Normal
2026-09-21 14:00:00,MTR-BIO-03,455.27,North Campus,Bio-Tech Research Center,340,37.774916,-122.416068,5500.0,Biotech Cleanrooms,False,Normal
2026-09-21 15:00:00,MTR-BIO-03,562.79,North Campus,Bio-Tech Research Center,340,37.774916,-122.416068,5500.0,Biotech Cleanrooms,False,Normal
2026-09-21 16:00:00,MTR-BIO-03,591.74,North Campus,Bio-Tech Research Center,340,37.774916,-122.416068,5500.0,Biotech Cleanrooms,False,Normal
2026-09-21 17:00:00,MTR-BIO-03,592.94,North Campus,Bio-Tech Research Center,340,37.774916,-122.416068,5500.0,Biotech Cleanrooms,True,Normal
2026-09-21 18:00:00,MTR-BIO-03,711.87,North Campus,Bio-Tech Research Center,340,37.774916,-122.416068,5500.0,Biotech Cleanrooms,False,Normal
2026-09-21 19:00:00,MTR-BIO-03,614.69,North Campus,Bio-Tech Research Center,340,37.774916,-122.416068,5500.0,Biotech Cleanrooms,False,Normal
2026-09-21 20:00:00,MTR-BIO-03,505.43,North Campus,Bio-Tech Research Center,340,37.774916,-122.416068,5500.0,Biotech Cleanrooms,False,Normal
2026-09-21 21:00:00,MTR-BIO-03,417.56,North Campus,Bio-Tech Research Center,340,37.774916,-122.416068,5500.0,Biotech Cleanrooms,False,Normal
2026-09-21 22:00:00,MTR-BIO-03,299.38,North Campus,Bio-Tech Research Center,340,37.774916,-122.416068,5500.0,Biotech Cleanrooms,False,Normal
2026-09-21 23:00:00,MTR-BIO-03,158.03,North Campus,Bio-Tech Research Center,340,37.774916,-122.416068,5500.0,Biotech Cleanrooms,False,Normal
2026-09-22 00:00:00,MTR-BIO-03,31.73,North Campus,Bio-Tech Research Center,340,37.774916,-122.416068,5500.0,Biotech Cleanrooms,False,Normal
2026-09-22 01:00:00,MTR-BIO-03,62.06,North Campus,Bio-Tech Research Center,340,37.774916,-122.416068,5500.0,Biotech Cleanrooms,False,Normal
2026-09-22 02:00:00,MTR-BIO-03,5.74,North Campus,Bio-Tech Research Center,340,37.774916,-122.416068,5500.0,Biotech Cleanrooms,False,Normal
2026-09-22 03:00:00,MTR-BIO-03,13.1,North Campus,Bio-Tech Research Center,340,37.774916,-122.416068,5500.0,Biotech Cleanrooms,False,Normal
2026-09-22 04:00:00,MTR-BIO-03,42.53,North Campus,Bio-Tech Research Center,340,37.774916,-122.416068,5500.0,Biotech Cleanrooms,False,Normal
2026-09-22 05:00:00,MTR-BIO-03,64.75,North Campus,Bio-Tech Research Center,340,37.774916,-122.416068,5500.0,Biotech Cleanrooms,False,Normal
2026-09-22 06:00:00,MTR-BIO-03,224.72,North Campus,Bio-Tech Research Center,340,37.774916,-122.416068,5500.0,Biotech Cleanrooms,False,Normal
2026-09-22 07:00:00,MTR-BIO-03,692.7,North Campus,Bio-Tech Research Center,340,37.774916,-122.416068,5500.0,Biotech Cleanrooms,False,Normal
2026-09-22 08:00:00,MTR-BIO-03,681.32,North Campus,Bio-Tech Research Center,340,37.774916,-122.416068,5500.0,Biotech Cleanrooms,False,Normal
2026-09-22 09:00:00,MTR-BIO-03,620.59,North Campus,Bio-Tech Research Center,340,37.774916,-122.416068,5500.0,Biotech Cleanrooms,False,Normal
2026-09-22 10:00:00,MTR-BIO-03,547.81,North Campus,Bio-Tech Research Center,340,37.774916,-122.416068,5500.0,Biotech Cleanrooms,False,Normal
2026-09-22 11:00:00,MTR-BIO-03,632.78,North Campus,Bio-Tech Research Center,340,37.774916,-122.416068,5500.0,Biotech Cleanrooms,False,Normal
2026-09-22 12:00:00,MTR-BIO-03,705.05,North Campus,Bio-Tech Research Center,340,37.774916,-122.416068,5500.0,Biotech Cleanrooms,False,Normal
2026-09-22 13:00:00,MTR-BIO-03,529.16,North Campus,Bio-Tech Research Center,340,37.774916,-122.416068,5500.0,Biotech Cleanrooms,False,Normal
2026-09-22 14:00:00,MTR-BIO-03,549.74,North Campus,Bio-Tech Research Center,340,37.774916,-122.416068,5500.0,Biotech Cleanrooms,False,Normal
2026-09-22 15:00:00,MTR-BIO-03,447.85,North Campus,Bio-Tech Research Center,340,37.774916,-122.416068,5500.0,Biotech Cleanrooms,False,Normal
2026-09-22 16:00:00,MTR-BIO-03,515.1,North Campus,Bio-Tech Research Center,340,37.774916,-122.416068,5500.0,Biotech Cleanrooms,False,Normal
2026-09-22 17:00:00,MTR-BIO-03,657.4,North Campus,Bio-Tech Research Center,340,37.774916,-122.416068,5500.0,Biotech Cleanrooms,False,Normal
2026-09-22 18:00:00,MTR-BIO-03,621.04,North Campus,Bio-Tech Research Center,340,37.774916,-122.416068,5500.0,Biotech Cleanrooms,False,Normal
2026-09-22 19:00:00,MTR-BIO-03,514.5,North Campus,Bio-Tech Research Center,340,37.774916,-122.416068,5500.0,Biotech Cleanrooms,False,Normal
2026-09-22 20:00:00,MTR-BIO-03,507.43,North Campus,Bio-Tech Research Center,340,37.774916,-122.416068,5500.0,Biotech Cleanrooms,False,Normal
2026-09-22 21:00:00,MTR-BIO-03,341.19,North Campus,Bio-Tech Research Center,340,37.774916,-122.416068,5500.0,Biotech Cleanrooms,False,Normal
2026-09-22 22:00:00,MTR-BIO-03,260.94,North Campus,Bio-Tech Research Center,340,37.774916,-122.416068,5500.0,Biotech Cleanrooms,False,Normal
2026-09-22 23:00:00,MTR-BIO-03,106.31,North Campus,Bio-Tech Research Center,340,37.774916,-122.416068,5500.0,Biotech Cleanrooms,False,Normal
2026-09-23 00:00:00,MTR-BIO-03,83.23,North Campus,Bio-Tech Research Center,340,37.774916,-122.416068,5500.0,Biotech Cleanrooms,False,Normal
2026-09-23 01:00:00,MTR-BIO-03,58.98,North Campus,Bio-Tech Research Center,340,37.774916,-122.416068,5500.0,Biotech Cleanrooms,False,Normal
2026-09-23 02:00:00,MTR-BIO-03,66.16,North Campus,Bio-Tech Research Center,340,37.774916,-122.416068,5500.0,Biotech Cleanrooms,False,Normal
2026-09-23 03:00:00,MTR-BIO-03,60.72,North Campus,Bio-Tech Research Center,340,37.774916,-122.416068,5500.0,Biotech Cleanrooms,False,Normal
2026-09-23 04:00:00,MTR-BIO-03,1243.94,North Campus,Bio-Tech Research Center,340,37.774916,-122.416068,5500.0,Biotech Cleanrooms,True,Night-time Usage
2026-09-23 05:00:00,MTR-BIO-03,108.49,North Campus,Bio-Tech Research Center,340,37.774916,-122.416068,5500.0,Biotech Cleanrooms,False,Normal
2026-09-23 06:00:00,MTR-BIO-03,220.05,North Campus,Bio-Tech Research Center,340,37.774916,-122.416068,5500.0,Biotech Cleanrooms,False,Normal
2026-09-23 07:00:00,MTR-BIO-03,677.41,North Campus,Bio-Tech Research Center,340,37.774916,-122.416068,5500.0,Biotech Cleanrooms,False,Normal
2026-09-23 08:00:00,MTR-BIO-03,640.14,North Campus,Bio-Tech Research Center,340,37.774916,-122.416068,5500.0,Biotech Cleanrooms,False,Normal
2026-09-23 09:00:00,MTR-BIO-03,530.88,North Campus,Bio-Tech Research Center,340,37.774916,-122.416068,5500.0,Biotech Cleanrooms,False,Normal
2026-09-23 10:00:00,MTR-BIO-03,592.03,North Campus,Bio-Tech Research Center,340,37.774916,-122.416068,5500.0,Biotech Cleanrooms,False,Normal
2026-09-23 11:00:00,MTR-BIO-03,642.04,North Campus,Bio-Tech Research Center,340,37.774916,-122.416068,5500.0,Biotech Cleanrooms,False,Normal
2026-09-23 12:00:00,MTR-BIO-03,744.75,North Campus,Bio-Tech Research Center,340,37.774916,-122.416068,5500.0,Biotech Cleanrooms,False,Normal
2026-09-23 13:00:00,MTR-BIO-03,635.44,North Campus,Bio-Tech Research Center,340,37.774916,-122.416068,5500.0,Biotech Cleanrooms,False,Normal
2026-09-23 14:00:00,MTR-BIO-03,570.14,North Campus,Bio-Tech Research Center,340,37.774916,-122.416068,5500.0,Biotech Cleanrooms,False,Normal
2026-09-23 15:00:00,MTR-BIO-03,437.51,North Campus,Bio-Tech Research Center,340,37.774916,-122.416068,5500.0,Biotech Cleanrooms,False,Normal
2026-09-23 16:00:00,MTR-BIO-03,530.0,North Campus,Bio-Tech Research Center,340,37.774916,-122.416068,5500.0,Biotech Cleanrooms,False,Normal
2026-09-23 17:00:00,MTR-BIO-03,525.18,North Campus,Bio-Tech Research Center,340,37.774916,-122.416068,5500.0,Biotech Cleanrooms,False,Normal
2026-09-23 18:00:00,MTR-BIO-03,659.26,North Campus,Bio-Tech Research Center,340,37.774916,-122.416068,5500.0,Biotech Cleanrooms,False,Normal
2026-09-23 19:00:00,MTR-BIO-03,615.35,North Campus,Bio-Tech Research Center,340,37.774916,-122.416068,5500.0,Biotech Cleanrooms,False,Normal
2026-09-23 20:00:00,MTR-BIO-03,529.6,North Campus,Bio-Tech Research Center,340,37.774916,-122.416068,5500.0,Biotech Cleanrooms,False,Normal
2026-09-23 21:00:00,MTR-BIO-03,386.75,North Campus,Bio-Tech Research Center,340,37.774916,-122.416068,5500.0,Biotech Cleanrooms,False,Normal
2026-09-23 22:00:00,MTR-BIO-03,215.8,North Campus,Bio-Tech Research Center,340,37.774916,-122.416068,5500.0,Biotech Cleanrooms,False,Normal
2026-09-23 23:00:00,MTR-BIO-03,123.46,North Campus,Bio-Tech Research Center,340,37.774916,-122.416068,5500.0,Biotech Cleanrooms,False,Normal
2026-09-24 00:00:00,MTR-BIO-03,74.19,North Campus,Bio-Tech Research Center,340,37.774916,-122.416068,5500.0,Biotech Cleanrooms,False,Normal
2026-09-24 01:00:00,MTR-BIO-03,18.88,North Campus,Bio-Tech Research Center,340,37.774916,-122.416068,5500.0,Biotech Cleanrooms,False,Normal
2026-09-24 02:00:00,MTR-BIO-03,5.0,North Campus,Bio-Tech Research Center,340,37.774916,-122.416068,5500.0,Biotech Cleanrooms,False,Normal
2026-09-24 03:00:00,MTR-BIO-03,23.0,North Campus,Bio-Tech Research Center,340,37.774916,-122.416068,5500.0,Biotech Cleanrooms,False,Normal
2026-09-24 04:00:00,MTR-BIO-03,80.49,North Campus,Bio-Tech Research Center,340,37.774916,-122.416068,5500.0,Biotech Cleanrooms,False,Normal
2026-09-24 05:00:00,MTR-BIO-03,115.16,North Campus,Bio-Tech Research Center,340,37.774916,-122.416068,5500.0,Biotech Cleanrooms,False,Normal
2026-09-24 06:00:00,MTR-BIO-03,183.84,North Campus,Bio-Tech Research Center,340,37.774916,-122.416068,5500.0,Biotech Cleanrooms,False,Normal
2026-09-24 07:00:00,MTR-BIO-03,558.27,North Campus,Bio-Tech Research Center,340,37.774916,-122.416068,5500.0,Biotech Cleanrooms,False,Normal
2026-09-24 08:00:00,MTR-BIO-03,722.61,North Campus,Bio-Tech Research Center,340,37.774916,-122.416068,5500.0,Biotech Cleanrooms,False,Normal
2026-09-24 09:00:00,MTR-BIO-03,593.47,North Campus,Bio-Tech Research Center,340,37.774916,-122.416068,5500.0,Biotech Cleanrooms,False,Normal
2026-09-24 10:00:00,MTR-BIO-03,558.08,North Campus,Bio-Tech Research Center,340,37.774916,-122.416068,5500.0,Biotech Cleanrooms,False,Normal
2026-09-24 11:00:00,MTR-BIO-03,651.14,North Campus,Bio-Tech Research Center,340,37.774916,-122.416068,5500.0,Biotech Cleanrooms,False,Normal
2026-09-24 12:00:00,MTR-BIO-03,689.87,North Campus,Bio-Tech Research Center,340,37.774916,-122.416068,5500.0,Biotech Cleanrooms,False,Normal
2026-09-24 13:00:00,MTR-BIO-03,533.38,North Campus,Bio-Tech Research Center,340,37.774916,-122.416068,5500.0,Biotech Cleanrooms,False,Normal
2026-09-24 14:00:00,MTR-BIO-03,523.99,North Campus,Bio-Tech Research Center,340,37.774916,-122.416068,5500.0,Biotech Cleanrooms,False,Normal
2026-09-24 15:00:00,MTR-BIO-03,490.26,North Campus,Bio-Tech Research Center,340,37.774916,-122.416068,5500.0,Biotech Cleanrooms,False,Normal
2026-09-24 16:00:00,MTR-BIO-03,572.75,North Campus,Bio-Tech Research Center,340,37.774916,-122.416068,5500.0,Biotech Cleanrooms,False,Normal
2026-09-24 17:00:00,MTR-BIO-03,697.38,North Campus,Bio-Tech Research Center,340,37.774916,-122.416068,5500.0,Biotech Cleanrooms,False,Normal
2026-09-24 18:00:00,MTR-BIO-03,620.87,North Campus,Bio-Tech Research Center,340,37.774916,-122.416068,5500.0,Biotech Cleanrooms,False,Normal
2026-09-24 19:00:00,MTR-BIO-03,644.6,North Campus,Bio-Tech Research Center,340,37.774916,-122.416068,5500.0,Biotech Cleanrooms,False,Normal
2026-09-03 20:00:00,MTR-STU-04,596.34,Central Quad,Student Union,850,37.774216,-122.421959,8000.0,Dining & Commercial,False,Normal
2026-09-03 21:00:00,MTR-STU-04,477.55,Central Quad,Student Union,850,37.774216,-122.421959,8000.0,Dining & Commercial,False,Normal
2026-09-03 22:00:00,MTR-STU-04,364.89,Central Quad,Student Union,850,37.774216,-122.421959,8000.0,Dining & Commercial,False,Normal
2026-09-03 23:00:00,MTR-STU-04,210.0,Central Quad,Student Union,850,37.774216,-122.421959,8000.0,Dining & Commercial,False,Normal
2026-09-04 00:00:00,MTR-STU-04,70.47,Central Quad,Student Union,850,37.774216,-122.421959,8000.0,Dining & Commercial,False,Normal
2026-09-04 01:00:00,MTR-STU-04,17.89,Central Quad,Student Union,850,37.774216,-122.421959,8000.0,Dining & Commercial,False,Normal
2026-09-04 02:00:00,MTR-STU-04,80.15,Central Quad,Student Union,850,37.774216,-122.421959,8000.0,Dining & Commercial,False,Normal
2026-09-04 03:00:00,MTR-STU-04,60.94,Central Quad,Student Union,850,37.774216,-122.421959,8000.0,Dining & Commercial,False,Normal
2026-09-04 04:00:00,MTR-STU-04,51.16,Central Quad,Student Union,850,37.774216,-122.421959,8000.0,Dining & Commercial,False,Normal
2026-09-04 05:00:00,MTR-STU-04,208.14,Central Quad,Student Union,850,37.774216,-122.421959,8000.0,Dining & Commercial,False,Normal
2026-09-04 06:00:00,MTR-STU-04,313.36,Central Quad,Student Union,850,37.774216,-122.421959,8000.0,Dining & Commercial,False,Normal
2026-09-04 07:00:00,MTR-STU-04,746.13,Central Quad,Student Union,850,37.774216,-122.421959,8000.0,Dining & Commercial,False,Normal
2026-09-04 08:00:00,MTR-STU-04,893.9,Central Quad,Student Union,850,37.774216,-122.421959,8000.0,Dining & Commercial,False,Normal
2026-09-04 09:00:00,MTR-STU-04,1709.99,Central Quad,Student Union,850,37.774216,-122.421959,8000.0,Dining & Commercial,True,Persistent High Usage
2026-09-04 10:00:00,MTR-STU-04,1771.94,Central Quad,Student Union,850,37.774216,-122.421959,8000.0,Dining & Commercial,True,Persistent High Usage
2026-09-04 11:00:00,MTR-STU-04,1742.62,Central Quad,Student Union,850,37.774216,-122.421959,8000.0,Dining & Commercial,True,Persistent High Usage
2026-09-04 12:00:00,MTR-STU-04,1864.67,Central Quad,Student Union,850,37.774216,-122.421959,8000.0,Dining & Commercial,True,Persistent High Usage
2026-09-04 13:00:00,MTR-STU-04,1752.85,Central Quad,Student Union,850,37.774216,-122.421959,8000.0,Dining & Commercial,True,Persistent High Usage
2026-09-04 14:00:00,MTR-STU-04,1720.37,Central Quad,Student Union,850,37.774216,-122.421959,8000.0,Dining & Commercial,True,Persistent High Usage
2026-09-04 15:00:00,MTR-STU-04,1632.97,Central Quad,Student Union,850,37.774216,-122.421959,8000.0,Dining & Commercial,True,Persistent High Usage
2026-09-04 16:00:00,MTR-STU-04,1619.63,Central Quad,Student Union,850,37.774216,-122.421959,8000.0,Dining & Commercial,True,Persistent High Usage
2026-09-04 17:00:00,MTR-STU-04,774.9,Central Quad,Student Union,850,37.774216,-122.421959,8000.0,Dining & Commercial,False,Normal
2026-09-04 18:00:00,MTR-STU-04,794.15,Central Quad,Student Union,850,37.774216,-122.421959,8000.0,Dining & Commercial,False,Normal
2026-09-04 19:00:00,MTR-STU-04,737.89,Central Quad,Student Union,850,37.774216,-122.421959,8000.0,Dining & Commercial,False,Normal
2026-09-04 20:00:00,MTR-STU-04,624.32,Central Quad,Student Union,850,37.774216,-122.421959,8000.0,Dining & Commercial,False,Normal
2026-09-04 21:00:00,MTR-STU-04,445.76,Central Quad,Student Union,850,37.774216,-122.421959,8000.0,Dining & Commercial,False,Normal
2026-09-04 22:00:00,MTR-STU-04,285.84,Central Quad,Student Union,850,37.774216,-122.421959,8000.0,Dining & Commercial,False,Normal
2026-09-04 23:00:00,MTR-STU-04,106.19,Central Quad,Student Union,850,37.774216,-122.421959,8000.0,Dining & Commercial,False,Normal
2026-09-05 00:00:00,MTR-STU-04,25.0,Central Quad,Student Union,850,37.774216,-122.421959,8000.0,Dining & Commercial,False,Normal
2026-09-05 01:00:00,MTR-STU-04,5.0,Central Quad,Student Union,850,37.774216,-122.421959,8000.0,Dining & Commercial,False,Normal
2026-09-05 02:00:00,MTR-STU-04,101.12,Central Quad,Student Union,850,37.774216,-122.421959,8000.0,Dining & Commercial,False,Normal
2026-09-05 03:00:00,MTR-STU-04,53.94,Central Quad,Student Union,850,37.774216,-122.421959,8000.0,Dining & Commercial,False,Normal
2026-09-05 04:00:00,MTR-STU-04,42.57,Central Quad,Student Union,850,37.774216,-122.421959,8000.0,Dining & Commercial,False,Normal
2026-09-05 05:00:00,MTR-STU-04,5.0,Central Quad,Student Union,850,37.774216,-122.421959,8000.0,Dining & Commercial,False,Normal
2026-09-05 06:00:00,MTR-STU-04,98.57,Central Quad,Student Union,850,37.774216,-122.421959,8000.0,Dining & Commercial,False,Normal
2026-09-05 07:00:00,MTR-STU-04,312.81,Central Quad,Student Union,850,37.774216,-122.421959,8000.0,Dining & Commercial,False,Normal
2026-09-05 08:00:00,MTR-STU-04,301.63,Central Quad,Student Union,850,37.774216,-122.421959,8000.0,Dining & Commercial,False,Normal
2026-09-05 09:00:00,MTR-STU-04,332.33,Central Quad,Student Union,850,37.774216,-122.421959,8000.0,Dining & Commercial,False,Normal
2026-09-05 10:00:00,MTR-STU-04,277.19,Central Quad,Student Union,850,37.774216,-122.421959,8000.0,Dining & Commercial,False,Normal
2026-09-05 11:00:00,MTR-STU-04,246.53,Central Quad,Student Union,850,37.774216,-122.421959,8000.0,Dining & Commercial,False,Normal
2026-09-05 12:00:00,MTR-STU-04,366.33,Central Quad,Student Union,850,37.774216,-122.421959,8000.0,Dining & Commercial,False,Normal
2026-09-05 13:00:00,MTR-STU-04,230.55,Central Quad,Student Union,850,37.774216,-122.421959,8000.0,Dining & Commercial,False,Normal
2026-09-05 14:00:00,MTR-STU-04,311.2,Central Quad,Student Union,850,37.774216,-122.421959,8000.0,Dining & Commercial,False,Normal
2026-09-05 15:00:00,MTR-STU-04,288.17,Central Quad,Student Union,850,37.774216,-122.421959,8000.0,Dining & Commercial,False,Normal
2026-09-05 16:00:00,MTR-STU-04,246.81,Central Quad,Student Union,850,37.774216,-122.421959,8000.0,Dining & Commercial,False,Normal
2026-09-05 17:00:00,MTR-STU-04,203.38,Central Quad,Student Union,850,37.774216,-122.421959,8000.0,Dining & Commercial,False,Normal
2026-09-05 18:00:00,MTR-STU-04,293.83,Central Quad,Student Union,850,37.774216,-122.421959,8000.0,Dining & Commercial,False,Normal
2026-09-05 19:00:00,MTR-STU-04,202.54,Central Quad,Student Union,850,37.774216,-122.421959,8000.0,Dining & Commercial,False,Normal
2026-09-05 20:00:00,MTR-STU-04,184.67,Central Quad,Student Union,850,37.774216,-122.421959,8000.0,Dining & Commercial,False,Normal
2026-09-05 21:00:00,MTR-STU-04,147.32,Central Quad,Student Union,850,37.774216,-122.421959,8000.0,Dining & Commercial,False,Normal
2026-09-05 22:00:00,MTR-STU-04,50.16,Central Quad,Student Union,850,37.774216,-122.421959,8000.0,Dining & Commercial,False,Normal
2026-09-05 23:00:00,MTR-STU-04,60.89,Central Quad,Student Union,850,37.774216,-122.421959,8000.0,Dining & Commercial,False,Normal
2026-09-06 00:00:00,MTR-STU-04,5.0,Central Quad,Student Union,850,37.774216,-122.421959,8000.0,Dining & Commercial,False,Normal
2026-09-06 01:00:00,MTR-STU-04,9.59,Central Quad,Student Union,850,37.774216,-122.421959,8000.0,Dining & Commercial,False,Normal
2026-09-06 02:00:00,MTR-STU-04,5.0,Central Quad,Student Union,850,37.774216,-122.421959,8000.0,Dining & Commercial,False,Normal
2026-09-06 03:00:00,MTR-STU-04,38.64,Central Quad,Student Union,850,37.774216,-122.421959,8000.0,Dining & Commercial,False,Normal
2026-09-06 04:00:00,MTR-STU-04,43.26,Central Quad,Student Union,850,37.774216,-122.421959,8000.0,Dining & Commercial,False,Normal
2026-09-06 05:00:00,MTR-STU-04,36.41,Central Quad,Student Union,850,37.774216,-122.421959,8000.0,Dining & Commercial,False,Normal
2026-09-06 06:00:00,MTR-STU-04,136.27,Central Quad,Student Union,850,37.774216,-122.421959,8000.0,Dining & Commercial,False,Normal
2026-09-06 07:00:00,MTR-STU-04,330.59,Central Quad,Student Union,850,37.774216,-122.421959,8000.0,Dining & Commercial,False,Normal
2026-09-06 08:00:00,MTR-STU-04,207.36,Central Quad,Student Union,850,37.774216,-122.421959,8000.0,Dining & Commercial,False,Normal
2026-09-06 09:00:00,MTR-STU-04,226.29,Central Quad,Student Union,850,37.774216,-122.421959,8000.0,Dining & Commercial,False,Normal
2026-09-06 10:00:00,MTR-STU-04,189.72,Central Quad,Student Union,850,37.774216,-122.421959,8000.0,Dining & Commercial,False,Normal
2026-09-06 11:00:00,MTR-STU-04,232.58,Central Quad,Student Union,850,37.774216,-122.421959,8000.0,Dining & Commercial,False,Normal
2026-09-06 12:00:00,MTR-STU-04,190.22,Central Quad,Student Union,850,37.774216,-122.421959,8000.0,Dining & Commercial,False,Normal
2026-09-06 13:00:00,MTR-STU-04,144.99,Central Quad,Student Union,850,37.774216,-122.421959,8000.0,Dining & Commercial,False,Normal
2026-09-06 14:00:00,MTR-STU-04,95.68,Central Quad,Student Union,850,37.774216,-122.421959,8000.0,Dining & Commercial,False,Normal
2026-09-06 15:00:00,MTR-STU-04,189.69,Central Quad,Student Union,850,37.774216,-122.421959,8000.0,Dining & Commercial,False,Normal
2026-09-06 16:00:00,MTR-STU-04,208.73,Central Quad,Student Union,850,37.774216,-122.421959,8000.0,Dining & Commercial,False,Normal
2026-09-06 17:00:00,MTR-STU-04,337.97,Central Quad,Student Union,850,37.774216,-122.421959,8000.0,Dining & Commercial,False,Normal
2026-09-06 18:00:00,MTR-STU-04,290.33,Central Quad,Student Union,850,37.774216,-122.421959,8000.0,Dining & Commercial,False,Normal
2026-09-06 19:00:00,MTR-STU-04,154.67,Central Quad,Student Union,850,37.774216,-122.421959,8000.0,Dining & Commercial,False,Normal
2026-09-06 20:00:00,MTR-STU-04,236.39,Central Quad,Student Union,850,37.774216,-122.421959,8000.0,Dining & Commercial,False,Normal
2026-09-06 21:00:00,MTR-STU-04,354.21,Central Quad,Student Union,850,37.774216,-122.421959,8000.0,Dining & Commercial,False,Normal
2026-09-06 22:00:00,MTR-STU-04,5.0,Central Quad,Student Union,850,37.774216,-122.421959,8000.0,Dining & Commercial,False,Normal
2026-09-06 23:00:00,MTR-STU-04,130.59,Central Quad,Student Union,850,37.774216,-122.421959,8000.0,Dining & Commercial,False,Normal
2026-09-07 00:00:00,MTR-STU-04,84.76,Central Quad,Student Union,850,37.774216,-122.421959,8000.0,Dining & Commercial,False,Normal
2026-09-07 01:00:00,MTR-STU-04,38.26,Central Quad,Student Union,850,37.774216,-122.421959,8000.0,Dining & Commercial,False,Normal
2026-09-07 02:00:00,MTR-STU-04,19.93,Central Quad,Student Union,850,37.774216,-122.421959,8000.0,Dining & Commercial,False,Normal
2026-09-07 03:00:00,MTR-STU-04,61.6,Central Quad,Student Union,850,37.774216,-122.421959,8000.0,Dining & Commercial,False,Normal
2026-09-07 04:00:00,MTR-STU-04,50.22,Central Quad,Student Union,850,37.774216,-122.421959,8000.0,Dining & Commercial,False,Normal
2026-09-07 05:00:00,MTR-STU-04,92.43,Central Quad,Student Union,850,37.774216,-122.421959,8000.0,Dining & Commercial,False,Normal
2026-09-07 06:00:00,MTR-STU-04,293.73,Central Quad,Student Union,850,37.774216,-122.421959,8000.0,Dining & Commercial,False,Normal
2026-09-07 07:00:00,MTR-STU-04,798.47,Central Quad,Student Union,850,37.774216,-122.421959,8000.0,Dining & Commercial,False,Normal
2026-09-07 08:00:00,MTR-STU-04,900.49,Central Quad,Student Union,850,37.774216,-122.421959,8000.0,Dining & Commercial,False,Normal
2026-09-07 09:00:00,MTR-STU-04,809.59,Central Quad,Student Union,850,37.774216,-122.421959,8000.0,Dining & Commercial,False,Normal
2026-09-07 10:00:00,MTR-STU-04,670.57,Central Quad,Student Union,850,37.774216,-122.421959,8000.0,Dining & Commercial,False,Normal
2026-09-07 11:00:00,MTR-STU-04,812.94,Central Quad,Student Union,850,37.774216,-122.421959,8000.0,Dining & Commercial,False,Normal
2026-09-07 12:00:00,MTR-STU-04,830.75,Central Quad,Student Union,850,37.774216,-122.421959,8000.0,Dining & Commercial,False,Normal
2026-09-07 13:00:00,MTR-STU-04,692.01,Central Quad,Student Union,850,37.774216,-122.421959,8000.0,Dining & Commercial,False,Normal
2026-09-07 14:00:00,MTR-STU-04,631.68,Central Quad,Student Union,850,37.774216,-122.421959,8000.0,Dining & Commercial,False,Normal
2026-09-07 15:00:00,MTR-STU-04,618.06,Central Quad,Student Union,850,37.774216,-122.421959,8000.0,Dining & Commercial,False,Normal
2026-09-07 16:00:00,MTR-STU-04,706.3,Central Quad,Student Union,850,37.774216,-122.421959,8000.0,Dining & Commercial,False,Normal
2026-09-07 17:00:00,MTR-STU-04,760.75,Central Quad,Student Union,850,37.774216,-122.421959,8000.0,Dining & Commercial,False,Normal
2026-09-07 18:00:00,MTR-STU-04,769.61,Central Quad,Student Union,850,37.774216,-122.421959,8000.0,Dining & Commercial,False,Normal
2026-09-07 19:00:00,MTR-STU-04,768.2,Central Quad,Student Union,850,37.774216,-122.421959,8000.0,Dining & Commercial,False,Normal
2026-09-07 20:00:00,MTR-STU-04,648.7,Central Quad,Student Union,850,37.774216,-122.421959,8000.0,Dining & Commercial,False,Normal
2026-09-07 21:00:00,MTR-STU-04,560.51,Central Quad,Student Union,850,37.774216,-122.421959,8000.0,Dining & Commercial,False,Normal
2026-09-07 22:00:00,MTR-STU-04,261.59,Central Quad,Student Union,850,37.774216,-122.421959,8000.0,Dining & Commercial,False,Normal
2026-09-07 23:00:00,MTR-STU-04,134.15,Central Quad,Student Union,850,37.774216,-122.421959,8000.0,Dining & Commercial,False,Normal
2026-09-08 00:00:00,MTR-STU-04,133.05,Central Quad,Student Union,850,37.774216,-122.421959,8000.0,Dining & Commercial,False,Normal
2026-09-08 01:00:00,MTR-STU-04,36.3,Central Quad,Student Union,850,37.774216,-122.421959,8000.0,Dining & Commercial,False,Normal
2026-09-08 02:00:00,MTR-STU-04,76.01,Central Quad,Student Union,850,37.774216,-122.421959,8000.0,Dining & Commercial,False,Normal
2026-09-08 03:00:00,MTR-STU-04,37.51,Central Quad,Student Union,850,37.774216,-122.421959,8000.0,Dining & Commercial,False,Normal
2026-09-08 04:00:00,MTR-STU-04,84.51,Central Quad,Student Union,850,37.774216,-122.421959,8000.0,Dining & Commercial,False,Normal
2026-09-08 05:00:00,MTR-STU-04,91.61,Central Quad,Student Union,850,37.774216,-122.421959,8000.0,Dining & Commercial,False,Normal
2026-09-08 06:00:00,MTR-STU-04,322.48,Central Quad,Student Union,850,37.774216,-122.421959,8000.0,Dining & Commercial,False,Normal
2026-09-08 07:00:00,MTR-STU-04,643.27,Central Quad,Student Union,850,37.774216,-122.421959,8000.0,Dining & Commercial,False,Normal
2026-09-08 08:00:00,MTR-STU-04,924.61,Central Quad,Student Union,850,37.774216,-122.421959,8000.0,Dining & Commercial,False,Normal
2026-09-08 09:00:00,MTR-STU-04,759.96,Central Quad,Student Union,850,37.774216,-122.421959,8000.0,Dining & Commercial,False,Normal
2026-09-08 10:00:00,MTR-STU-04,622.06,Central Quad,Student Union,850,37.774216,-122.421959,8000.0,Dining & Commercial,False,Normal
2026-09-08 11:00:00,MTR-STU-04,833.86,Central Quad,Student Union,850,37.774216,-122.421959,8000.0,Dining & Commercial,False,Normal
2026-09-08 12:00:00,MTR-STU-04,892.39,Central Quad,Student Union,850,37.774216,-122.421959,8000.0,Dining & Commercial,False,Normal
2026-09-08 13:00:00,MTR-STU-04,643.73,Central Quad,Student Union,850,37.774216,-122.421959,8000.0,Dining & Commercial,False,Normal
2026-09-08 14:00:00,MTR-STU-04,612.56,Central Quad,Student Union,850,37.774216,-122.421959,8000.0,Dining & Commercial,False,Normal
2026-09-08 15:00:00,MTR-STU-04,559.16,Central Quad,Student Union,850,37.774216,-122.421959,8000.0,Dining & Commercial,False,Normal
2026-09-08 16:00:00,MTR-STU-04,682.36,Central Quad,Student Union,850,37.774216,-122.421959,8000.0,Dining & Commercial,False,Normal
2026-09-08 17:00:00,MTR-STU-04,755.43,Central Quad,Student Union,850,37.774216,-122.421959,8000.0,Dining & Commercial,False,Normal
2026-09-08 18:00:00,MTR-STU-04,722.22,Central Quad,Student Union,850,37.774216,-122.421959,8000.0,Dining & Commercial,False,Normal
2026-09-08 19:00:00,MTR-STU-04,720.76,Central Quad,Student Union,850,37.774216,-122.421959,8000.0,Dining & Commercial,False,Normal
2026-09-08 20:00:00,MTR-STU-04,650.34,Central Quad,Student Union,850,37.774216,-122.421959,8000.0,Dining & Commercial,False,Normal
2026-09-08 21:00:00,MTR-STU-04,497.18,Central Quad,Student Union,850,37.774216,-122.421959,8000.0,Dining & Commercial,False,Normal
2026-09-08 22:00:00,MTR-STU-04,314.76,Central Quad,Student Union,850,37.774216,-122.421959,8000.0,Dining & Commercial,False,Normal
2026-09-08 23:00:00,MTR-STU-04,154.05,Central Quad,Student Union,850,37.774216,-122.421959,8000.0,Dining & Commercial,False,Normal
2026-09-09 00:00:00,MTR-STU-04,120.81,Central Quad,Student Union,850,37.774216,-122.421959,8000.0,Dining & Commercial,False,Normal
2026-09-09 01:00:00,MTR-STU-04,71.29,Central Quad,Student Union,850,37.774216,-122.421959,8000.0,Dining & Commercial,False,Normal
2026-09-09 02:00:00,MTR-STU-04,40.65,Central Quad,Student Union,850,37.774216,-122.421959,8000.0,Dining & Commercial,False,Normal
2026-09-09 03:00:00,MTR-STU-04,50.66,Central Quad,Student Union,850,37.774216,-122.421959,8000.0,Dining & Commercial,False,Normal
2026-09-09 04:00:00,MTR-STU-04,139.76,Central Quad,Student Union,850,37.774216,-122.421959,8000.0,Dining & Commercial,False,Normal
2026-09-09 05:00:00,MTR-STU-04,172.69,Central Quad,Student Union,850,37.774216,-122.421959,8000.0,Dining & Commercial,False,Normal
2026-09-09 06:00:00,MTR-STU-04,274.43,Central Quad,Student Union,850,37.774216,-122.421959,8000.0,Dining & Commercial,False,Normal
2026-09-09 07:00:00,MTR-STU-04,785.45,Central Quad,Student Union,850,37.774216,-122.421959,8000.0,Dining & Commercial,False,Normal
2026-09-09 08:00:00,MTR-STU-04,884.21,Central Quad,Student Union,850,37.774216,-122.421959,8000.0,Dining & Commercial,False,Normal
2026-09-09 09:00:00,MTR-STU-04,716.75,Central Quad,Student Union,850,37.774216,-122.421959,8000.0,Dining & Commercial,False,Normal
2026-09-09 10:00:00,MTR-STU-04,577.63,Central Quad,Student Union,850,37.774216,-122.421959,8000.0,Dining & Commercial,False,Normal
2026-09-09 11:00:00,MTR-STU-04,713.04,Central Quad,Student Union,850,37.774216,-122.421959,8000.0,Dining & Commercial,False,Normal
2026-09-09 12:00:00,MTR-STU-04,820.61,Central Quad,Student Union,850,37.774216,-122.421959,8000.0,Dining & Commercial,False,Normal
2026-09-09 13:00:00,MTR-STU-04,782.45,Central Quad,Student Union,850,37.774216,-122.421959,8000.0,Dining & Commercial,False,Normal
2026-09-09 14:00:00,MTR-STU-04,659.59,Central Quad,Student Union,850,37.774216,-122.421959,8000.0,Dining & Commercial,False,Normal
2026-09-09 15:00:00,MTR-STU-04,536.42,Central Quad,Student Union,850,37.774216,-122.421959,8000.0,Dining & Commercial,False,Normal
2026-09-09 16:00:00,MTR-STU-04,661.69,Central Quad,Student Union,850,37.774216,-122.421959,8000.0,Dining & Commercial,False,Normal
2026-09-09 17:00:00,MTR-STU-04,843.28,Central Quad,Student Union,850,37.774216,-122.421959,8000.0,Dining & Commercial,False,Normal
2026-09-09 18:00:00,MTR-STU-04,783.78,Central Quad,Student Union,850,37.774216,-122.421959,8000.0,Dining & Commercial,False,Normal
2026-09-09 19:00:00,MTR-STU-04,772.05,Central Quad,Student Union,850,37.774216,-122.421959,8000.0,Dining & Commercial,False,Normal
2026-09-09 20:00:00,MTR-STU-04,537.72,Central Quad,Student Union,850,37.774216,-122.421959,8000.0,Dining & Commercial,False,Normal
2026-09-09 21:00:00,MTR-STU-04,361.06,Central Quad,Student Union,850,37.774216,-122.421959,8000.0,Dining & Commercial,False,Normal
2026-09-09 22:00:00,MTR-STU-04,345.19,Central Quad,Student Union,850,37.774216,-122.421959,8000.0,Dining & Commercial,False,Normal
2026-09-09 23:00:00,MTR-STU-04,123.33,Central Quad,Student Union,850,37.774216,-122.421959,8000.0,Dining & Commercial,False,Normal
2026-09-10 00:00:00,MTR-STU-04,5.0,Central Quad,Student Union,850,37.774216,-122.421959,8000.0,Dining & Commercial,False,Normal
2026-09-10 01:00:00,MTR-STU-04,39.91,Central Quad,Student Union,850,37.774216,-122.421959,8000.0,Dining & Commercial,False,Normal
2026-09-10 02:00:00,MTR-STU-04,55.16,Central Quad,Student Union,850,37.774216,-122.421959,8000.0,Dining & Commercial,False,Normal
2026-09-10 03:00:00,MTR-STU-04,67.15,Central Quad,Student Union,850,37.774216,-122.421959,8000.0,Dining & Commercial,False,Normal
2026-09-10 04:00:00,MTR-STU-04,5.0,Central Quad,Student Union,850,37.774216,-122.421959,8000.0,Dining & Commercial,False,Normal
2026-09-10 05:00:00,MTR-STU-04,114.29,Central Quad,Student Union,850,37.774216,-122.421959,8000.0,Dining & Commercial,False,Normal
2026-09-10 06:00:00,MTR-STU-04,321.27,Central Quad,Student Union,850,37.774216,-122.421959,8000.0,Dining & Commercial,False,Normal
2026-09-10 07:00:00,MTR-STU-04,802.56,Central Quad,Student Union,850,37.774216,-122.421959,8000.0,Dining & Commercial,False,Normal
2026-09-10 08:00:00,MTR-STU-04,824.12,Central Quad,Student Union,850,37.774216,-122.421959,8000.0,Dining & Commercial,False,Normal
2026-09-10 09:00:00,MTR-STU-04,714.37,Central Quad,Student Union,850,37.774216,-122.421959,8000.0,Dining & Commercial,False,Normal
2026-09-10 10:00:00,MTR-STU-04,638.85,Central Quad,Student Union,850,37.774216,-122.421959,8000.0,Dining & Commercial,False,Normal
2026-09-10 11:00:00,MTR-STU-04,763.29,Central Quad,Student Union,850,37.774216,-122.421959,8000.0,Dining & Commercial,False,Normal
2026-09-10 12:00:00,MTR-STU-04,893.48,Central Quad,Student Union,850,37.774216,-122.421959,8000.0,Dining & Commercial,False,Normal
2026-09-10 13:00:00,MTR-STU-04,679.4,Central Quad,Student Union,850,37.774216,-122.421959,8000.0,Dining & Commercial,False,Normal
2026-09-10 14:00:00,MTR-STU-04,573.52,Central Quad,Student Union,850,37.774216,-122.421959,8000.0,Dining & Commercial,False,Normal
2026-09-10 15:00:00,MTR-STU-04,575.24,Central Quad,Student Union,850,37.774216,-122.421959,8000.0,Dining & Commercial,False,Normal
2026-09-10 16:00:00,MTR-STU-04,746.41,Central Quad,Student Union,850,37.774216,-122.421959,8000.0,Dining & Commercial,False,Normal
2026-09-10 17:00:00,MTR-STU-04,742.16,Central Quad,Student Union,850,37.774216,-122.421959,8000.0,Dining & Commercial,False,Normal
2026-09-10 18:00:00,MTR-STU-04,755.12,Central Quad,Student Union,850,37.774216,-122.421959,8000.0,Dining & Commercial,False,Normal
2026-09-10 19:00:00,MTR-STU-04,705.61,Central Quad,Student Union,850,37.774216,-122.421959,8000.0,Dining & Commercial,False,Normal
2026-09-10 20:00:00,MTR-STU-04,603.78,Central Quad,Student Union,850,37.774216,-122.421959,8000.0,Dining & Commercial,False,Normal
2026-09-10 21:00:00,MTR-STU-04,467.76,Central Quad,Student Union,850,37.774216,-122.421959,8000.0,Dining & Commercial,False,Normal
2026-09-10 22:00:00,MTR-STU-04,219.41,Central Quad,Student Union,850,37.774216,-122.421959,8000.0,Dining & Commercial,False,Normal
2026-09-10 23:00:00,MTR-STU-04,159.69,Central Quad,Student Union,850,37.774216,-122.421959,8000.0,Dining & Commercial,False,Normal
2026-09-11 00:00:00,MTR-STU-04,97.31,Central Quad,Student Union,850,37.774216,-122.421959,8000.0,Dining & Commercial,False,Normal
2026-09-11 01:00:00,MTR-STU-04,90.01,Central Quad,Student Union,850,37.774216,-122.421959,8000.0,Dining & Commercial,False,Normal
2026-09-11 02:00:00,MTR-STU-04,55.71,Central Quad,Student Union,850,37.774216,-122.421959,8000.0,Dining & Commercial,False,Normal
2026-09-11 03:00:00,MTR-STU-04,121.94,Central Quad,Student Union,850,37.774216,-122.421959,8000.0,Dining & Commercial,False,Normal
2026-09-11 04:00:00,MTR-STU-04,105.41,Central Quad,Student Union,850,37.774216,-122.421959,8000.0,Dining & Commercial,False,Normal
2026-09-11 05:00:00,MTR-STU-04,170.41,Central Quad,Student Union,850,37.774216,-122.421959,8000.0,Dining & Commercial,False,Normal
2026-09-11 06:00:00,MTR-STU-04,374.16,Central Quad,Student Union,850,37.774216,-122.421959,8000.0,Dining & Commercial,False,Normal
2026-09-11 07:00:00,MTR-STU-04,788.36,Central Quad,Student Union,850,37.774216,-122.421959,8000.0,Dining & Commercial,False,Normal
2026-09-11 08:00:00,MTR-STU-04,860.12,Central Quad,Student Union,850,37.774216,-122.421959,8000.0,Dining & Commercial,False,Normal
2026-09-11 09:00:00,MTR-STU-04,738.3,Central Quad,Student Union,850,37.774216,-122.421959,8000.0,Dining & Commercial,False,Normal
2026-09-11 10:00:00,MTR-STU-04,575.63,Central Quad,Student Union,850,37.774216,-122.421959,8000.0,Dining & Commercial,False,Normal
2026-09-11 11:00:00,MTR-STU-04,759.55,Central Quad,Student Union,850,37.774216,-122.421959,8000.0,Dining & Commercial,False,Normal
2026-09-11 12:00:00,MTR-STU-04,835.4,Central Quad,Student Union,850,37.774216,-122.421959,8000.0,Dining & Commercial,False,Normal
2026-09-11 13:00:00,MTR-STU-04,714.43,Central Quad,Student Union,850,37.774216,-122.421959,8000.0,Dining & Commercial,False,Normal
2026-09-11 14:00:00,MTR-STU-04,685.33,Central Quad,Student Union,850,37.774216,-122.421959,8000.0,Dining & Commercial,False,Normal
2026-09-11 15:00:00,MTR-STU-04,635.15,Central Quad,Student Union,850,37.774216,-122.421959,8000.0,Dining & Commercial,False,Normal
2026-09-11 16:00:00,MTR-STU-04,633.27,Central Quad,Student Union,850,37.774216,-122.421959,8000.0,Dining & Commercial,False,Normal
2026-09-11 17:00:00,MTR-STU-04,41.07,Central Quad,Student Union,850,37.774216,-122.421959,8000.0,Dining & Commercial,True,Sudden Drop
2026-09-11 18:00:00,MTR-STU-04,802.56,Central Quad,Student Union,850,37.774216,-122.421959,8000.0,Dining & Commercial,False,Normal
2026-09-11 19:00:00,MTR-STU-04,660.73,Central Quad,Student Union,850,37.774216,-122.421959,8000.0,Dining & Commercial,False,Normal
2026-09-11 20:00:00,MTR-STU-04,599.01,Central Quad,Student Union,850,37.774216,-122.421959,8000.0,Dining & Commercial,False,Normal
2026-09-11 21:00:00,MTR-STU-04,536.26,Central Quad,Student Union,850,37.774216,-122.421959,8000.0,Dining & Commercial,False,Normal
2026-09-11 22:00:00,MTR-STU-04,268.53,Central Quad,Student Union,850,37.774216,-122.421959,8000.0,Dining & Commercial,False,Normal
2026-09-11 23:00:00,MTR-STU-04,160.52,Central Quad,Student Union,850,37.774216,-122.421959,8000.0,Dining & Commercial,False,Normal
2026-09-12 00:00:00,MTR-STU-04,60.71,Central Quad,Student Union,850,37.774216,-122.421959,8000.0,Dining & Commercial,False,Normal
2026-09-12 01:00:00,MTR-STU-04,60.44,Central Quad,Student Union,850,37.774216,-122.421959,8000.0,Dining & Commercial,False,Normal
2026-09-12 02:00:00,MTR-STU-04,5.0,Central Quad,Student Union,850,37.774216,-122.421959,8000.0,Dining & Commercial,False,Normal
2026-09-12 03:00:00,MTR-STU-04,5.0,Central Quad,Student Union,850,37.774216,-122.421959,8000.0,Dining & Commercial,False,Normal
2026-09-12 04:00:00,MTR-STU-04,5.0,Central Quad,Student Union,850,37.774216,-122.421959,8000.0,Dining & Commercial,False,Normal
2026-09-12 05:00:00,MTR-STU-04,9.21,Central Quad,Student Union,850,37.774216,-122.421959,8000.0,Dining & Commercial,False,Normal
2026-09-12 06:00:00,MTR-STU-04,93.51,Central Quad,Student Union,850,37.774216,-122.421959,8000.0,Dining & Commercial,True,Normal
2026-09-12 07:00:00,MTR-STU-04,1251.77,Central Quad,Student Union,850,37.774216,-122.421959,8000.0,Dining & Commercial,True,Persistent High Usage
2026-09-12 08:00:00,MTR-STU-04,1315.18,Central Quad,Student Union,850,37.774216,-122.421959,8000.0,Dining & Commercial,True,Persistent High Usage
2026-09-12 09:00:00,MTR-STU-04,1342.4,Central Quad,Student Union,850,37.774216,-122.421959,8000.0,Dining & Commercial,True,Persistent High Usage
2026-09-12 10:00:00,MTR-STU-04,1280.07,Central Quad,Student Union,850,37.774216,-122.421959,8000.0,Dining & Commercial,True,Persistent High Usage
2026-09-12 11:00:00,MTR-STU-04,1282.65,Central Quad,Student Union,850,37.774216,-122.421959,8000.0,Dining & Commercial,True,Persistent High Usage
2026-09-12 12:00:00,MTR-STU-04,309.88,Central Quad,Student Union,850,37.774216,-122.421959,8000.0,Dining & Commercial,False,Normal
2026-09-12 13:00:00,MTR-STU-04,239.8,Central Quad,Student Union,850,37.774216,-122.421959,8000.0,Dining & Commercial,False,Normal
2026-09-12 14:00:00,MTR-STU-04,175.74,Central Quad,Student Union,850,37.774216,-122.421959,8000.0,Dining & Commercial,False,Normal
2026-09-12 15:00:00,MTR-STU-04,256.13,Central Quad,Student Union,850,37.774216,-122.421959,8000.0,Dining & Commercial,False,Normal
2026-09-12 16:00:00,MTR-STU-04,203.91,Central Quad,Student Union,850,37.774216,-122.421959,8000.0,Dining & Commercial,False,Normal
2026-09-12 17:00:00,MTR-STU-04,276.89,Central Quad,Student Union,850,37.774216,-122.421959,8000.0,Dining & Commercial,False,Normal
2026-09-12 18:00:00,MTR-STU-04,256.41,Central Quad,Student Union,850,37.774216,-122.421959,8000.0,Dining & Commercial,False,Normal
2026-09-12 19:00:00,MTR-STU-04,283.73,Central Quad,Student Union,850,37.774216,-122.421959,8000.0,Dining & Commercial,False,Normal
2026-09-12 20:00:00,MTR-STU-04,120.85,Central Quad,Student Union,850,37.774216,-122.421959,8000.0,Dining & Commercial,False,Normal
2026-09-12 21:00:00,MTR-STU-04,144.03,Central Quad,Student Union,850,37.774216,-122.421959,8000.0,Dining & Commercial,False,Normal
2026-09-12 22:00:00,MTR-STU-04,132.74,Central Quad,Student Union,850,37.774216,-122.421959,8000.0,Dining & Commercial,False,Normal
2026-09-12 23:00:00,MTR-STU-04,14.77,Central Quad,Student Union,850,37.774216,-122.421959,8000.0,Dining & Commercial,False,Normal
2026-09-13 00:00:00,MTR-STU-04,5.0,Central Quad,Student Union,850,37.774216,-122.421959,8000.0,Dining & Commercial,False,Normal
2026-09-13 01:00:00,MTR-STU-04,5.0,Central Quad,Student Union,850,37.774216,-122.421959,8000.0,Dining & Commercial,False,Normal
2026-09-13 02:00:00,MTR-STU-04,27.9,Central Quad,Student Union,850,37.774216,-122.421959,8000.0,Dining & Commercial,False,Normal
2026-09-13 03:00:00,MTR-STU-04,5.0,Central Quad,Student Union,850,37.774216,-122.421959,8000.0,Dining & Commercial,False,Normal
2026-09-13 04:00:00,MTR-STU-04,16.36,Central Quad,Student Union,850,37.774216,-122.421959,8000.0,Dining & Commercial,False,Normal
2026-09-13 05:00:00,MTR-STU-04,42.81,Central Quad,Student Union,850,37.774216,-122.421959,8000.0,Dining & Commercial,False,Normal
2026-09-13 06:00:00,MTR-STU-04,190.16,Central Quad,Student Union,850,37.774216,-122.421959,8000.0,Dining & Commercial,False,Normal
2026-09-13 07:00:00,MTR-STU-04,233.57,Central Quad,Student Union,850,37.774216,-122.421959,8000.0,Dining & Commercial,False,Normal
2026-09-13 08:00:00,MTR-STU-04,376.7,Central Quad,Student Union,850,37.774216,-122.421959,8000.0,Dining & Commercial,False,Normal
2026-09-13 09:00:00,MTR-STU-04,213.56,Central Quad,Student Union,850,37.774216,-122.421959,8000.0,Dining & Commercial,False,Normal
2026-09-13 10:00:00,MTR-STU-04,257.36,Central Quad,Student Union,850,37.774216,-122.421959,8000.0,Dining & Commercial,False,Normal
2026-09-13 11:00:00,MTR-STU-04,248.43,Central Quad,Student Union,850,37.774216,-122.421959,8000.0,Dining & Commercial,False,Normal
2026-09-13 12:00:00,MTR-STU-04,272.18,Central Quad,Student Union,850,37.774216,-122.421959,8000.0,Dining & Commercial,False,Normal
2026-09-13 13:00:00,MTR-STU-04,177.08,Central Quad,Student Union,850,37.774216,-122.421959,8000.0,Dining & Commercial,False,Normal
2026-09-13 14:00:00,MTR-STU-04,246.91,Central Quad,Student Union,850,37.774216,-122.421959,8000.0,Dining & Commercial,False,Normal
2026-09-13 15:00:00,MTR-STU-04,257.92,Central Quad,Student Union,850,37.774216,-122.421959,8000.0,Dining & Commercial,False,Normal
2026-09-13 16:00:00,MTR-STU-04,255.43,Central Quad,Student Union,850,37.774216,-122.421959,8000.0,Dining & Commercial,False,Normal
2026-09-13 17:00:00,MTR-STU-04,241.41,Central Quad,Student Union,850,37.774216,-122.421959,8000.0,Dining & Commercial,False,Normal
2026-09-13 18:00:00,MTR-STU-04,266.33,Central Quad,Student Union,850,37.774216,-122.421959,8000.0,Dining & Commercial,False,Normal
2026-09-13 19:00:00,MTR-STU-04,243.82,Central Quad,Student Union,850,37.774216,-122.421959,8000.0,Dining & Commercial,False,Normal
2026-09-13 20:00:00,MTR-STU-04,240.88,Central Quad,Student Union,850,37.774216,-122.421959,8000.0,Dining & Commercial,False,Normal
2026-09-13 21:00:00,MTR-STU-04,223.98,Central Quad,Student Union,850,37.774216,-122.421959,8000.0,Dining & Commercial,False,Normal
2026-09-13 22:00:00,MTR-STU-04,88.37,Central Quad,Student Union,850,37.774216,-122.421959,8000.0,Dining & Commercial,False,Normal
2026-09-13 23:00:00,MTR-STU-04,5.0,Central Quad,Student Union,850,37.774216,-122.421959,8000.0,Dining & Commercial,False,Normal
2026-09-14 00:00:00,MTR-STU-04,5.0,Central Quad,Student Union,850,37.774216,-122.421959,8000.0,Dining & Commercial,False,Normal
2026-09-14 01:00:00,MTR-STU-04,21.57,Central Quad,Student Union,850,37.774216,-122.421959,8000.0,Dining & Commercial,False,Normal
2026-09-14 02:00:00,MTR-STU-04,89.33,Central Quad,Student Union,850,37.774216,-122.421959,8000.0,Dining & Commercial,False,Normal
2026-09-14 03:00:00,MTR-STU-04,71.48,Central Quad,Student Union,850,37.774216,-122.421959,8000.0,Dining & Commercial,False,Normal
2026-09-14 04:00:00,MTR-STU-04,100.24,Central Quad,Student Union,850,37.774216,-122.421959,8000.0,Dining & Commercial,False,Normal
2026-09-14 05:00:00,MTR-STU-04,111.23,Central Quad,Student Union,850,37.774216,-122.421959,8000.0,Dining & Commercial,False,Normal
2026-09-14 06:00:00,MTR-STU-04,297.54,Central Quad,Student Union,850,37.774216,-122.421959,8000.0,Dining & Commercial,False,Normal
2026-09-14 07:00:00,MTR-STU-04,823.31,Central Quad,Student Union,850,37.774216,-122.421959,8000.0,Dining & Commercial,False,Normal
2026-09-14 08:00:00,MTR-STU-04,943.94,Central Quad,Student Union,850,37.774216,-122.421959,8000.0,Dining & Commercial,False,Normal
2026-09-14 09:00:00,MTR-STU-04,766.44,Central Quad,Student Union,850,37.774216,-122.421959,8000.0,Dining & Commercial,False,Normal
2026-09-14 10:00:00,MTR-STU-04,708.56,Central Quad,Student Union,850,37.774216,-122.421959,8000.0,Dining & Commercial,False,Normal
2026-09-14 11:00:00,MTR-STU-04,717.42,Central Quad,Student Union,850,37.774216,-122.421959,8000.0,Dining & Commercial,False,Normal
2026-09-14 12:00:00,MTR-STU-04,868.44,Central Quad,Student Union,850,37.774216,-122.421959,8000.0,Dining & Commercial,False,Normal
2026-09-14 13:00:00,MTR-STU-04,634.0,Central Quad,Student Union,850,37.774216,-122.421959,8000.0,Dining & Commercial,False,Normal
2026-09-14 14:00:00,MTR-STU-04,686.78,Central Quad,Student Union,850,37.774216,-122.421959,8000.0,Dining & Commercial,False,Normal
2026-09-14 15:00:00,MTR-STU-04,623.19,Central Quad,Student Union,850,37.774216,-122.421959,8000.0,Dining & Commercial,False,Normal
2026-09-14 16:00:00,MTR-STU-04,652.77,Central Quad,Student Union,850,37.774216,-122.421959,8000.0,Dining & Commercial,False,Normal
2026-09-14 17:00:00,MTR-STU-04,683.87,Central Quad,Student Union,850,37.774216,-122.421959,8000.0,Dining & Commercial,False,Normal
2026-09-14 18:00:00,MTR-STU-04,796.14,Central Quad,Student Union,850,37.774216,-122.421959,8000.0,Dining & Commercial,False,Normal
2026-09-14 19:00:00,MTR-STU-04,722.9,Central Quad,Student Union,850,37.774216,-122.421959,8000.0,Dining & Commercial,False,Normal
2026-09-14 20:00:00,MTR-STU-04,611.63,Central Quad,Student Union,850,37.774216,-122.421959,8000.0,Dining & Commercial,False,Normal
2026-09-14 21:00:00,MTR-STU-04,479.65,Central Quad,Student Union,850,37.774216,-122.421959,8000.0,Dining & Commercial,False,Normal
2026-09-14 22:00:00,MTR-STU-04,264.29,Central Quad,Student Union,850,37.774216,-122.421959,8000.0,Dining & Commercial,False,Normal
2026-09-14 23:00:00,MTR-STU-04,104.47,Central Quad,Student Union,850,37.774216,-122.421959,8000.0,Dining & Commercial,False,Normal
2026-09-15 00:00:00,MTR-STU-04,162.03,Central Quad,Student Union,850,37.774216,-122.421959,8000.0,Dining & Commercial,False,Normal
2026-09-15 01:00:00,MTR-STU-04,148.32,Central Quad,Student Union,850,37.774216,-122.421959,8000.0,Dining & Commercial,False,Normal
2026-09-15 02:00:00,MTR-STU-04,55.43,Central Quad,Student Union,850,37.774216,-122.421959,8000.0,Dining & Commercial,False,Normal
2026-09-15 03:00:00,MTR-STU-04,9.37,Central Quad,Student Union,850,37.774216,-122.421959,8000.0,Dining & Commercial,False,Normal
2026-09-15 04:00:00,MTR-STU-04,20.03,Central Quad,Student Union,850,37.774216,-122.421959,8000.0,Dining & Commercial,False,Normal
2026-09-15 05:00:00,MTR-STU-04,131.84,Central Quad,Student Union,850,37.774216,-122.421959,8000.0,Dining & Commercial,False,Normal
2026-09-15 06:00:00,MTR-STU-04,406.64,Central Quad,Student Union,850,37.774216,-122.421959,8000.0,Dining & Commercial,False,Normal
2026-09-15 07:00:00,MTR-STU-04,793.2,Central Quad,Student Union,850,37.774216,-122.421959,8000.0,Dining & Commercial,False,Normal
2026-09-15 08:00:00,MTR-STU-04,923.51,Central Quad,Student Union,850,37.774216,-122.421959,8000.0,Dining & Commercial,False,Normal
2026-09-15 09:00:00,MTR-STU-04,777.72,Central Quad,Student Union,850,37.774216,-122.421959,8000.0,Dining & Commercial,False,Normal
2026-09-15 10:00:00,MTR-STU-04,696.27,Central Quad,Student Union,850,37.774216,-122.421959,8000.0,Dining & Commercial,False,Normal
2026-09-15 11:00:00,MTR-STU-04,700.19,Central Quad,Student Union,850,37.774216,-122.421959,8000.0,Dining & Commercial,False,Normal
2026-09-15 12:00:00,MTR-STU-04,893.75,Central Quad,Student Union,850,37.774216,-122.421959,8000.0,Dining & Commercial,False,Normal
2026-09-15 13:00:00,MTR-STU-04,637.27,Central Quad,Student Union,850,37.774216,-122.421959,8000.0,Dining & Commercial,False,Normal
2026-09-15 14:00:00,MTR-STU-04,601.85,Central Quad,Student Union,850,37.774216,-122.421959,8000.0,Dining & Commercial,False,Normal
2026-09-15 15:00:00,MTR-STU-04,621.41,Central Quad,Student Union,850,37.774216,-122.421959,8000.0,Dining & Commercial,False,Normal
2026-09-15 16:00:00,MTR-STU-04,648.53,Central Quad,Student Union,850,37.774216,-122.421959,8000.0,Dining & Commercial,True,Normal
2026-09-15 17:00:00,MTR-STU-04,794.68,Central Quad,Student Union,850,37.774216,-122.421959,8000.0,Dining & Commercial,False,Normal
2026-09-15 18:00:00,MTR-STU-04,865.03,Central Quad,Student Union,850,37.774216,-122.421959,8000.0,Dining & Commercial,False,Normal
2026-09-15 19:00:00,MTR-STU-04,730.16,Central Quad,Student Union,850,37.774216,-122.421959,8000.0,Dining & Commercial,False,Normal
2026-09-15 20:00:00,MTR-STU-04,568.19,Central Quad,Student Union,850,37.774216,-122.421959,8000.0,Dining & Commercial,False,Normal
2026-09-15 21:00:00,MTR-STU-04,493.67,Central Quad,Student Union,850,37.774216,-122.421959,8000.0,Dining & Commercial,False,Normal
2026-09-15 22:00:00,MTR-STU-04,217.23,Central Quad,Student Union,850,37.774216,-122.421959,8000.0,Dining & Commercial,False,Normal
2026-09-15 23:00:00,MTR-STU-04,214.45,Central Quad,Student Union,850,37.774216,-122.421959,8000.0,Dining & Commercial,False,Normal
2026-09-16 00:00:00,MTR-STU-04,57.79,Central Quad,Student Union,850,37.774216,-122.421959,8000.0,Dining & Commercial,False,Normal
2026-09-16 01:00:00,MTR-STU-04,44.57,Central Quad,Student Union,850,37.774216,-122.421959,8000.0,Dining & Commercial,False,Normal
2026-09-16 02:00:00,MTR-STU-04,112.06,Central Quad,Student Union,850,37.774216,-122.421959,8000.0,Dining & Commercial,False,Normal
2026-09-16 03:00:00,MTR-STU-04,5.0,Central Quad,Student Union,850,37.774216,-122.421959,8000.0,Dining & Commercial,False,Normal
2026-09-16 04:00:00,MTR-STU-04,128.66,Central Quad,Student Union,850,37.774216,-122.421959,8000.0,Dining & Commercial,False,Normal
2026-09-16 05:00:00,MTR-STU-04,160.45,Central Quad,Student Union,850,37.774216,-122.421959,8000.0,Dining & Commercial,False,Normal
2026-09-16 06:00:00,MTR-STU-04,396.21,Central Quad,Student Union,850,37.774216,-122.421959,8000.0,Dining & Commercial,False,Normal
2026-09-16 07:00:00,MTR-STU-04,738.05,Central Quad,Student Union,850,37.774216,-122.421959,8000.0,Dining & Commercial,False,Normal
2026-09-16 08:00:00,MTR-STU-04,884.42,Central Quad,Student Union,850,37.774216,-122.421959,8000.0,Dining & Commercial,False,Normal
2026-09-16 09:00:00,MTR-STU-04,680.49,Central Quad,Student Union,850,37.774216,-122.421959,8000.0,Dining & Commercial,False,Normal
2026-09-16 10:00:00,MTR-STU-04,717.03,Central Quad,Student Union,850,37.774216,-122.421959,8000.0,Dining & Commercial,False,Normal
2026-09-16 11:00:00,MTR-STU-04,802.08,Central Quad,Student Union,850,37.774216,-122.421959,8000.0,Dining & Commercial,False,Normal
2026-09-16 12:00:00,MTR-STU-04,921.37,Central Quad,Student Union,850,37.774216,-122.421959,8000.0,Dining & Commercial,False,Normal
2026-09-16 13:00:00,MTR-STU-04,694.97,Central Quad,Student Union,850,37.774216,-122.421959,8000.0,Dining & Commercial,False,Normal
2026-09-16 14:00:00,MTR-STU-04,733.72,Central Quad,Student Union,850,37.774216,-122.421959,8000.0,Dining & Commercial,False,Normal
2026-09-16 15:00:00,MTR-STU-04,561.1,Central Quad,Student Union,850,37.774216,-122.421959,8000.0,Dining & Commercial,False,Normal
2026-09-16 16:00:00,MTR-STU-04,663.53,Central Quad,Student Union,850,37.774216,-122.421959,8000.0,Dining & Commercial,False,Normal
2026-09-16 17:00:00,MTR-STU-04,736.34,Central Quad,Student Union,850,37.774216,-122.421959,8000.0,Dining & Commercial,False,Normal
2026-09-16 18:00:00,MTR-STU-04,819.9,Central Quad,Student Union,850,37.774216,-122.421959,8000.0,Dining & Commercial,False,Normal
2026-09-16 19:00:00,MTR-STU-04,682.05,Central Quad,Student Union,850,37.774216,-122.421959,8000.0,Dining & Commercial,False,Normal
2026-09-16 20:00:00,MTR-STU-04,659.26,Central Quad,Student Union,850,37.774216,-122.421959,8000.0,Dining & Commercial,False,Normal
2026-09-16 21:00:00,MTR-STU-04,514.3,Central Quad,Student Union,850,37.774216,-122.421959,8000.0,Dining & Commercial,False,Normal
2026-09-16 22:00:00,MTR-STU-04,238.97,Central Quad,Student Union,850,37.774216,-122.421959,8000.0,Dining & Commercial,False,Normal
2026-09-16 23:00:00,MTR-STU-04,183.46,Central Quad,Student Union,850,37.774216,-122.421959,8000.0,Dining & Commercial,False,Normal
2026-09-17 00:00:00,MTR-STU-04,160.53,Central Quad,Student Union,850,37.774216,-122.421959,8000.0,Dining & Commercial,False,Normal
2026-09-17 01:00:00,MTR-STU-04,84.51,Central Quad,Student Union,850,37.774216,-122.421959,8000.0,Dining & Commercial,False,Normal
2026-09-17 02:00:00,MTR-STU-04,5.0,Central Quad,Student Union,850,37.774216,-122.421959,8000.0,Dining & Commercial,False,Normal
2026-09-17 03:00:00,MTR-STU-04,39.43,Central Quad,Student Union,850,37.774216,-122.421959,8000.0,Dining & Commercial,False,Normal
2026-09-17 04:00:00,MTR-STU-04,2510.22,Central Quad,Student Union,850,37.774216,-122.421959,8000.0,Dining & Commercial,True,Sudden Spike
2026-09-17 05:00:00,MTR-STU-04,133.54,Central Quad,Student Union,850,37.774216,-122.421959,8000.0,Dining & Commercial,False,Normal
2026-09-17 06:00:00,MTR-STU-04,347.58,Central Quad,Student Union,850,37.774216,-122.421959,8000.0,Dining & Commercial,False,Normal
2026-09-17 07:00:00,MTR-STU-04,790.5,Central Quad,Student Union,850,37.774216,-122.421959,8000.0,Dining & Commercial,False,Normal
2026-09-17 08:00:00,MTR-STU-04,906.64,Central Quad,Student Union,850,37.774216,-122.421959,8000.0,Dining & Commercial,False,Normal
2026-09-17 09:00:00,MTR-STU-04,626.33,Central Quad,Student Union,850,37.774216,-122.421959,8000.0,Dining & Commercial,False,Normal
2026-09-17 10:00:00,MTR-STU-04,581.38,Central Quad,Student Union,850,37.774216,-122.421959,8000.0,Dining & Commercial,False,Normal
2026-09-17 11:00:00,MTR-STU-04,796.62,Central Quad,Student Union,850,37.774216,-122.421959,8000.0,Dining & Commercial,False,Normal
2026-09-17 12:00:00,MTR-STU-04,839.72,Central Quad,Student Union,850,37.774216,-122.421959,8000.0,Dining & Commercial,False,Normal
2026-09-17 13:00:00,MTR-STU-04,661.53,Central Quad,Student Union,850,37.774216,-122.421959,8000.0,Dining & Commercial,False,Normal
2026-09-17 14:00:00,MTR-STU-04,651.34,Central Quad,Student Union,850,37.774216,-122.421959,8000.0,Dining & Commercial,True,Normal
2026-09-17 15:00:00,MTR-STU-04,606.7,Central Quad,Student Union,850,37.774216,-122.421959,8000.0,Dining & Commercial,False,Normal
2026-09-17 16:00:00,MTR-STU-04,758.36,Central Quad,Student Union,850,37.774216,-122.421959,8000.0,Dining & Commercial,False,Normal
2026-09-17 17:00:00,MTR-STU-04,745.75,Central Quad,Student Union,850,37.774216,-122.421959,8000.0,Dining & Commercial,False,Normal
2026-09-17 18:00:00,MTR-STU-04,818.81,Central Quad,Student Union,850,37.774216,-122.421959,8000.0,Dining & Commercial,False,Normal
2026-09-17 19:00:00,MTR-STU-04,747.61,Central Quad,Student Union,850,37.774216,-122.421959,8000.0,Dining & Commercial,False,Normal
2026-09-17 20:00:00,MTR-STU-04,721.37,Central Quad,Student Union,850,37.774216,-122.421959,8000.0,Dining & Commercial,False,Normal
2026-09-17 21:00:00,MTR-STU-04,467.16,Central Quad,Student Union,850,37.774216,-122.421959,8000.0,Dining & Commercial,False,Normal
2026-09-17 22:00:00,MTR-STU-04,250.96,Central Quad,Student Union,850,37.774216,-122.421959,8000.0,Dining & Commercial,False,Normal
2026-09-17 23:00:00,MTR-STU-04,128.04,Central Quad,Student Union,850,37.774216,-122.421959,8000.0,Dining & Commercial,False,Normal
2026-09-18 00:00:00,MTR-STU-04,47.94,Central Quad,Student Union,850,37.774216,-122.421959,8000.0,Dining & Commercial,False,Normal
2026-09-18 01:00:00,MTR-STU-04,89.26,Central Quad,Student Union,850,37.774216,-122.421959,8000.0,Dining & Commercial,False,Normal
2026-09-18 02:00:00,MTR-STU-04,92.47,Central Quad,Student Union,850,37.774216,-122.421959,8000.0,Dining & Commercial,False,Normal
2026-09-18 03:00:00,MTR-STU-04,58.15,Central Quad,Student Union,850,37.774216,-122.421959,8000.0,Dining & Commercial,False,Normal
2026-09-18 04:00:00,MTR-STU-04,78.06,Central Quad,Student Union,850,37.774216,-122.421959,8000.0,Dining & Commercial,False,Normal
2026-09-18 05:00:00,MTR-STU-04,209.22,Central Quad,Student Union,850,37.774216,-122.421959,8000.0,Dining & Commercial,False,Normal
2026-09-18 06:00:00,MTR-STU-04,309.07,Central Quad,Student Union,850,37.774216,-122.421959,8000.0,Dining & Commercial,False,Normal
2026-09-18 07:00:00,MTR-STU-04,819.1,Central Quad,Student Union,850,37.774216,-122.421959,8000.0,Dining & Commercial,False,Normal
2026-09-18 08:00:00,MTR-STU-04,858.46,Central Quad,Student Union,850,37.774216,-122.421959,8000.0,Dining & Commercial,False,Normal
2026-09-18 09:00:00,MTR-STU-04,670.69,Central Quad,Student Union,850,37.774216,-122.421959,8000.0,Dining & Commercial,False,Normal
2026-09-18 10:00:00,MTR-STU-04,721.74,Central Quad,Student Union,850,37.774216,-122.421959,8000.0,Dining & Commercial,False,Normal
2026-09-18 11:00:00,MTR-STU-04,767.59,Central Quad,Student Union,850,37.774216,-122.421959,8000.0,Dining & Commercial,False,Normal
2026-09-18 12:00:00,MTR-STU-04,890.51,Central Quad,Student Union,850,37.774216,-122.421959,8000.0,Dining & Commercial,False,Normal
2026-09-18 13:00:00,MTR-STU-04,715.07,Central Quad,Student Union,850,37.774216,-122.421959,8000.0,Dining & Commercial,False,Normal
2026-09-18 14:00:00,MTR-STU-04,663.0,Central Quad,Student Union,850,37.774216,-122.421959,8000.0,Dining & Commercial,False,Normal
2026-09-18 15:00:00,MTR-STU-04,570.42,Central Quad,Student Union,850,37.774216,-122.421959,8000.0,Dining & Commercial,False,Normal
2026-09-18 16:00:00,MTR-STU-04,788.04,Central Quad,Student Union,850,37.774216,-122.421959,8000.0,Dining & Commercial,False,Normal
2026-09-18 17:00:00,MTR-STU-04,806.49,Central Quad,Student Union,850,37.774216,-122.421959,8000.0,Dining & Commercial,False,Normal
2026-09-18 18:00:00,MTR-STU-04,874.71,Central Quad,Student Union,850,37.774216,-122.421959,8000.0,Dining & Commercial,False,Normal
2026-09-18 19:00:00,MTR-STU-04,3028.35,Central Quad,Student Union,850,37.774216,-122.421959,8000.0,Dining & Commercial,True,Sudden Spike
2026-09-18 20:00:00,MTR-STU-04,518.63,Central Quad,Student Union,850,37.774216,-122.421959,8000.0,Dining & Commercial,False,Normal
2026-09-18 21:00:00,MTR-STU-04,26.63,Central Quad,Student Union,850,37.774216,-122.421959,8000.0,Dining & Commercial,True,Sudden Drop
2026-09-18 22:00:00,MTR-STU-04,295.68,Central Quad,Student Union,850,37.774216,-122.421959,8000.0,Dining & Commercial,False,Normal
2026-09-18 23:00:00,MTR-STU-04,117.47,Central Quad,Student Union,850,37.774216,-122.421959,8000.0,Dining & Commercial,False,Normal
2026-09-19 00:00:00,MTR-STU-04,16.81,Central Quad,Student Union,850,37.774216,-122.421959,8000.0,Dining & Commercial,False,Normal
2026-09-19 01:00:00,MTR-STU-04,5.0,Central Quad,Student Union,850,37.774216,-122.421959,8000.0,Dining & Commercial,False,Normal
2026-09-19 02:00:00,MTR-STU-04,31.31,Central Quad,Student Union,850,37.774216,-122.421959,8000.0,Dining & Commercial,False,Normal
2026-09-19 03:00:00,MTR-STU-04,72.2,Central Quad,Student Union,850,37.774216,-122.421959,8000.0,Dining & Commercial,False,Normal
2026-09-19 04:00:00,MTR-STU-04,83.13,Central Quad,Student Union,850,37.774216,-122.421959,8000.0,Dining & Commercial,False,Normal
2026-09-19 05:00:00,MTR-STU-04,60.54,Central Quad,Student Union,850,37.774216,-122.421959,8000.0,Dining & Commercial,False,Normal
2026-09-19 06:00:00,MTR-STU-04,40.99,Central Quad,Student Union,850,37.774216,-122.421959,8000.0,Dining & Commercial,False,Normal
2026-09-19 07:00:00,MTR-STU-04,354.58,Central Quad,Student Union,850,37.774216,-122.421959,8000.0,Dining & Commercial,False,Normal
2026-09-19 08:00:00,MTR-STU-04,241.78,Central Quad,Student Union,850,37.774216,-122.421959,8000.0,Dining & Commercial,False,Normal
2026-09-19 09:00:00,MTR-STU-04,276.79,Central Quad,Student Union,850,37.774216,-122.421959,8000.0,Dining & Commercial,False,Normal
2026-09-19 10:00:00,MTR-STU-04,297.99,Central Quad,Student Union,850,37.774216,-122.421959,8000.0,Dining & Commercial,False,Normal
2026-09-19 11:00:00,MTR-STU-04,289.19,Central Quad,Student Union,850,37.774216,-122.421959,8000.0,Dining & Commercial,False,Normal
2026-09-19 12:00:00,MTR-STU-04,266.47,Central Quad,Student Union,850,37.774216,-122.421959,8000.0,Dining & Commercial,False,Normal
2026-09-19 13:00:00,MTR-STU-04,254.13,Central Quad,Student Union,850,37.774216,-122.421959,8000.0,Dining & Commercial,False,Normal
2026-09-19 14:00:00,MTR-STU-04,199.01,Central Quad,Student Union,850,37.774216,-122.421959,8000.0,Dining & Commercial,False,Normal
2026-09-19 15:00:00,MTR-STU-04,187.44,Central Quad,Student Union,850,37.774216,-122.421959,8000.0,Dining & Commercial,False,Normal
2026-09-19 16:00:00,MTR-STU-04,246.37,Central Quad,Student Union,850,37.774216,-122.421959,8000.0,Dining & Commercial,False,Normal
2026-09-19 17:00:00,MTR-STU-04,157.89,Central Quad,Student Union,850,37.774216,-122.421959,8000.0,Dining & Commercial,False,Normal
2026-09-19 18:00:00,MTR-STU-04,274.62,Central Quad,Student Union,850,37.774216,-122.421959,8000.0,Dining & Commercial,False,Normal
2026-09-19 19:00:00,MTR-STU-04,262.14,Central Quad,Student Union,850,37.774216,-122.421959,8000.0,Dining & Commercial,False,Normal
2026-09-19 20:00:00,MTR-STU-04,218.7,Central Quad,Student Union,850,37.774216,-122.421959,8000.0,Dining & Commercial,False,Normal
2026-09-19 21:00:00,MTR-STU-04,138.26,Central Quad,Student Union,850,37.774216,-122.421959,8000.0,Dining & Commercial,False,Normal
2026-09-19 22:00:00,MTR-STU-04,126.69,Central Quad,Student Union,850,37.774216,-122.421959,8000.0,Dining & Commercial,False,Normal
2026-09-19 23:00:00,MTR-STU-04,53.87,Central Quad,Student Union,850,37.774216,-122.421959,8000.0,Dining & Commercial,False,Normal
2026-09-20 00:00:00,MTR-STU-04,127.87,Central Quad,Student Union,850,37.774216,-122.421959,8000.0,Dining & Commercial,False,Normal
2026-09-20 01:00:00,MTR-STU-04,47.9,Central Quad,Student Union,850,37.774216,-122.421959,8000.0,Dining & Commercial,False,Normal
2026-09-20 02:00:00,MTR-STU-04,5.0,Central Quad,Student Union,850,37.774216,-122.421959,8000.0,Dining & Commercial,False,Normal
2026-09-20 03:00:00,MTR-STU-04,54.25,Central Quad,Student Union,850,37.774216,-122.421959,8000.0,Dining & Commercial,False,Normal
2026-09-20 04:00:00,MTR-STU-04,5.0,Central Quad,Student Union,850,37.774216,-122.421959,8000.0,Dining & Commercial,False,Normal
2026-09-20 05:00:00,MTR-STU-04,56.22,Central Quad,Student Union,850,37.774216,-122.421959,8000.0,Dining & Commercial,False,Normal
2026-09-20 06:00:00,MTR-STU-04,126.27,Central Quad,Student Union,850,37.774216,-122.421959,8000.0,Dining & Commercial,False,Normal
2026-09-20 07:00:00,MTR-STU-04,279.72,Central Quad,Student Union,850,37.774216,-122.421959,8000.0,Dining & Commercial,False,Normal
2026-09-20 08:00:00,MTR-STU-04,1769.93,Central Quad,Student Union,850,37.774216,-122.421959,8000.0,Dining & Commercial,True,Sudden Spike
2026-09-20 09:00:00,MTR-STU-04,258.11,Central Quad,Student Union,850,37.774216,-122.421959,8000.0,Dining & Commercial,False,Normal
2026-09-20 10:00:00,MTR-STU-04,211.3,Central Quad,Student Union,850,37.774216,-122.421959,8000.0,Dining & Commercial,False,Normal
2026-09-20 11:00:00,MTR-STU-04,330.71,Central Quad,Student Union,850,37.774216,-122.421959,8000.0,Dining & Commercial,False,Normal
2026-09-20 12:00:00,MTR-STU-04,318.43,Central Quad,Student Union,850,37.774216,-122.421959,8000.0,Dining & Commercial,False,Normal
2026-09-20 13:00:00,MTR-STU-04,245.88,Central Quad,Student Union,850,37.774216,-122.421959,8000.0,Dining & Commercial,False,Normal
2026-09-20 14:00:00,MTR-STU-04,164.53,Central Quad,Student Union,850,37.774216,-122.421959,8000.0,Dining & Commercial,False,Normal
2026-09-20 15:00:00,MTR-STU-04,236.35,Central Quad,Student Union,850,37.774216,-122.421959,8000.0,Dining & Commercial,False,Normal
2026-09-20 16:00:00,MTR-STU-04,284.79,Central Quad,Student Union,850,37.774216,-122.421959,8000.0,Dining & Commercial,False,Normal
2026-09-20 17:00:00,MTR-STU-04,242.82,Central Quad,Student Union,850,37.774216,-122.421959,8000.0,Dining & Commercial,False,Normal
2026-09-20 18:00:00,MTR-STU-04,329.66,Central Quad,Student Union,850,37.774216,-122.421959,8000.0,Dining & Commercial,False,Normal
2026-09-20 19:00:00,MTR-STU-04,273.06,Central Quad,Student Union,850,37.774216,-122.421959,8000.0,Dining & Commercial,False,Normal
2026-09-20 20:00:00,MTR-STU-04,319.73,Central Quad,Student Union,850,37.774216,-122.421959,8000.0,Dining & Commercial,False,Normal
2026-09-20 21:00:00,MTR-STU-04,164.02,Central Quad,Student Union,850,37.774216,-122.421959,8000.0,Dining & Commercial,False,Normal
2026-09-20 22:00:00,MTR-STU-04,73.34,Central Quad,Student Union,850,37.774216,-122.421959,8000.0,Dining & Commercial,False,Normal
2026-09-20 23:00:00,MTR-STU-04,88.93,Central Quad,Student Union,850,37.774216,-122.421959,8000.0,Dining & Commercial,False,Normal
2026-09-21 00:00:00,MTR-STU-04,51.65,Central Quad,Student Union,850,37.774216,-122.421959,8000.0,Dining & Commercial,False,Normal
2026-09-21 01:00:00,MTR-STU-04,59.7,Central Quad,Student Union,850,37.774216,-122.421959,8000.0,Dining & Commercial,False,Normal
2026-09-21 02:00:00,MTR-STU-04,60.52,Central Quad,Student Union,850,37.774216,-122.421959,8000.0,Dining & Commercial,False,Normal
2026-09-21 03:00:00,MTR-STU-04,82.67,Central Quad,Student Union,850,37.774216,-122.421959,8000.0,Dining & Commercial,False,Normal
2026-09-21 04:00:00,MTR-STU-04,122.26,Central Quad,Student Union,850,37.774216,-122.421959,8000.0,Dining & Commercial,False,Normal
2026-09-21 05:00:00,MTR-STU-04,236.07,Central Quad,Student Union,850,37.774216,-122.421959,8000.0,Dining & Commercial,False,Normal
2026-09-21 06:00:00,MTR-STU-04,238.38,Central Quad,Student Union,850,37.774216,-122.421959,8000.0,Dining & Commercial,False,Normal
2026-09-21 07:00:00,MTR-STU-04,869.11,Central Quad,Student Union,850,37.774216,-122.421959,8000.0,Dining & Commercial,False,Normal
2026-09-21 08:00:00,MTR-STU-04,805.8,Central Quad,Student Union,850,37.774216,-122.421959,8000.0,Dining & Commercial,False,Normal
2026-09-21 09:00:00,MTR-STU-04,677.46,Central Quad,Student Union,850,37.774216,-122.421959,8000.0,Dining & Commercial,False,Normal
2026-09-21 10:00:00,MTR-STU-04,696.24,Central Quad,Student Union,850,37.774216,-122.421959,8000.0,Dining & Commercial,False,Normal
2026-09-21 11:00:00,MTR-STU-04,759.03,Central Quad,Student Union,850,37.774216,-122.421959,8000.0,Dining & Commercial,False,Normal
2026-09-21 12:00:00,MTR-STU-04,788.5,Central Quad,Student Union,850,37.774216,-122.421959,8000.0,Dining & Commercial,False,Normal
2026-09-21 13:00:00,MTR-STU-04,721.52,Central Quad,Student Union,850,37.774216,-122.421959,8000.0,Dining & Commercial,False,Normal
2026-09-21 14:00:00,MTR-STU-04,628.57,Central Quad,Student Union,850,37.774216,-122.421959,8000.0,Dining & Commercial,False,Normal
2026-09-21 15:00:00,MTR-STU-04,530.75,Central Quad,Student Union,850,37.774216,-122.421959,8000.0,Dining & Commercial,False,Normal
2026-09-21 16:00:00,MTR-STU-04,720.89,Central Quad,Student Union,850,37.774216,-122.421959,8000.0,Dining & Commercial,False,Normal
2026-09-21 17:00:00,MTR-STU-04,743.87,Central Quad,Student Union,850,37.774216,-122.421959,8000.0,Dining & Commercial,False,Normal
2026-09-21 18:00:00,MTR-STU-04,759.94,Central Quad,Student Union,850,37.774216,-122.421959,8000.0,Dining & Commercial,False,Normal
2026-09-21 19:00:00,MTR-STU-04,725.76,Central Quad,Student Union,850,37.774216,-122.421959,8000.0,Dining & Commercial,False,Normal
2026-09-21 20:00:00,MTR-STU-04,565.1,Central Quad,Student Union,850,37.774216,-122.421959,8000.0,Dining & Commercial,False,Normal
2026-09-21 21:00:00,MTR-STU-04,518.59,Central Quad,Student Union,850,37.774216,-122.421959,8000.0,Dining & Commercial,False,Normal
2026-09-21 22:00:00,MTR-STU-04,280.23,Central Quad,Student Union,850,37.774216,-122.421959,8000.0,Dining & Commercial,False,Normal
2026-09-21 23:00:00,MTR-STU-04,159.61,Central Quad,Student Union,850,37.774216,-122.421959,8000.0,Dining & Commercial,False,Normal
2026-09-22 00:00:00,MTR-STU-04,55.76,Central Quad,Student Union,850,37.774216,-122.421959,8000.0,Dining & Commercial,False,Normal
2026-09-22 01:00:00,MTR-STU-04,63.15,Central Quad,Student Union,850,37.774216,-122.421959,8000.0,Dining & Commercial,False,Normal
2026-09-22 02:00:00,MTR-STU-04,5.12,Central Quad,Student Union,850,37.774216,-122.421959,8000.0,Dining & Commercial,False,Normal
2026-09-22 03:00:00,MTR-STU-04,31.11,Central Quad,Student Union,850,37.774216,-122.421959,8000.0,Dining & Commercial,False,Normal
2026-09-22 04:00:00,MTR-STU-04,67.48,Central Quad,Student Union,850,37.774216,-122.421959,8000.0,Dining & Commercial,False,Normal
2026-09-22 05:00:00,MTR-STU-04,61.9,Central Quad,Student Union,850,37.774216,-122.421959,8000.0,Dining & Commercial,False,Normal
2026-09-22 06:00:00,MTR-STU-04,365.77,Central Quad,Student Union,850,37.774216,-122.421959,8000.0,Dining & Commercial,False,Normal
2026-09-22 07:00:00,MTR-STU-04,713.43,Central Quad,Student Union,850,37.774216,-122.421959,8000.0,Dining & Commercial,False,Normal
2026-09-22 08:00:00,MTR-STU-04,820.98,Central Quad,Student Union,850,37.774216,-122.421959,8000.0,Dining & Commercial,False,Normal
2026-09-22 09:00:00,MTR-STU-04,684.01,Central Quad,Student Union,850,37.774216,-122.421959,8000.0,Dining & Commercial,False,Normal
2026-09-22 10:00:00,MTR-STU-04,690.0,Central Quad,Student Union,850,37.774216,-122.421959,8000.0,Dining & Commercial,False,Normal
2026-09-22 11:00:00,MTR-STU-04,726.61,Central Quad,Student Union,850,37.774216,-122.421959,8000.0,Dining & Commercial,False,Normal
2026-09-22 12:00:00,MTR-STU-04,913.99,Central Quad,Student Union,850,37.774216,-122.421959,8000.0,Dining & Commercial,False,Normal
2026-09-22 13:00:00,MTR-STU-04,772.85,Central Quad,Student Union,850,37.774216,-122.421959,8000.0,Dining & Commercial,False,Normal
2026-09-22 14:00:00,MTR-STU-04,663.03,Central Quad,Student Union,850,37.774216,-122.421959,8000.0,Dining & Commercial,False,Normal
2026-09-22 15:00:00,MTR-STU-04,570.56,Central Quad,Student Union,850,37.774216,-122.421959,8000.0,Dining & Commercial,False,Normal
2026-09-22 16:00:00,MTR-STU-04,654.25,Central Quad,Student Union,850,37.774216,-122.421959,8000.0,Dining & Commercial,False,Normal
2026-09-22 17:00:00,MTR-STU-04,783.77,Central Quad,Student Union,850,37.774216,-122.421959,8000.0,Dining & Commercial,False,Normal
2026-09-22 18:00:00,MTR-STU-04,857.07,Central Quad,Student Union,850,37.774216,-122.421959,8000.0,Dining & Commercial,False,Normal
2026-09-22 19:00:00,MTR-STU-04,709.62,Central Quad,Student Union,850,37.774216,-122.421959,8000.0,Dining & Commercial,False,Normal
2026-09-22 20:00:00,MTR-STU-04,568.05,Central Quad,Student Union,850,37.774216,-122.421959,8000.0,Dining & Commercial,False,Normal
2026-09-22 21:00:00,MTR-STU-04,436.22,Central Quad,Student Union,850,37.774216,-122.421959,8000.0,Dining & Commercial,False,Normal
2026-09-22 22:00:00,MTR-STU-04,338.9,Central Quad,Student Union,850,37.774216,-122.421959,8000.0,Dining & Commercial,False,Normal
2026-09-22 23:00:00,MTR-STU-04,170.84,Central Quad,Student Union,850,37.774216,-122.421959,8000.0,Dining & Commercial,False,Normal
2026-09-23 00:00:00,MTR-STU-04,68.46,Central Quad,Student Union,850,37.774216,-122.421959,8000.0,Dining & Commercial,False,Normal
2026-09-23 01:00:00,MTR-STU-04,43.28,Central Quad,Student Union,850,37.774216,-122.421959,8000.0,Dining & Commercial,False,Normal
2026-09-23 02:00:00,MTR-STU-04,5.0,Central Quad,Student Union,850,37.774216,-122.421959,8000.0,Dining & Commercial,False,Normal
2026-09-23 03:00:00,MTR-STU-04,5.0,Central Quad,Student Union,850,37.774216,-122.421959,8000.0,Dining & Commercial,False,Normal
2026-09-23 04:00:00,MTR-STU-04,162.72,Central Quad,Student Union,850,37.774216,-122.421959,8000.0,Dining & Commercial,False,Normal
2026-09-23 05:00:00,MTR-STU-04,151.1,Central Quad,Student Union,850,37.774216,-122.421959,8000.0,Dining & Commercial,False,Normal
2026-09-23 06:00:00,MTR-STU-04,247.17,Central Quad,Student Union,850,37.774216,-122.421959,8000.0,Dining & Commercial,False,Normal
2026-09-23 07:00:00,MTR-STU-04,717.28,Central Quad,Student Union,850,37.774216,-122.421959,8000.0,Dining & Commercial,False,Normal
2026-09-23 08:00:00,MTR-STU-04,848.12,Central Quad,Student Union,850,37.774216,-122.421959,8000.0,Dining & Commercial,False,Normal
2026-09-23 09:00:00,MTR-STU-04,682.09,Central Quad,Student Union,850,37.774216,-122.421959,8000.0,Dining & Commercial,False,Normal
2026-09-23 10:00:00,MTR-STU-04,662.55,Central Quad,Student Union,850,37.774216,-122.421959,8000.0,Dining & Commercial,False,Normal
2026-09-23 11:00:00,MTR-STU-04,775.4,Central Quad,Student Union,850,37.774216,-122.421959,8000.0,Dining & Commercial,False,Normal
2026-09-23 12:00:00,MTR-STU-04,793.71,Central Quad,Student Union,850,37.774216,-122.421959,8000.0,Dining & Commercial,False,Normal
2026-09-23 13:00:00,MTR-STU-04,677.61,Central Quad,Student Union,850,37.774216,-122.421959,8000.0,Dining & Commercial,False,Normal
2026-09-23 14:00:00,MTR-STU-04,2391.82,Central Quad,Student Union,850,37.774216,-122.421959,8000.0,Dining & Commercial,True,Sudden Spike
2026-09-23 15:00:00,MTR-STU-04,685.22,Central Quad,Student Union,850,37.774216,-122.421959,8000.0,Dining & Commercial,False,Normal
2026-09-23 16:00:00,MTR-STU-04,596.15,Central Quad,Student Union,850,37.774216,-122.421959,8000.0,Dining & Commercial,False,Normal
2026-09-23 17:00:00,MTR-STU-04,728.25,Central Quad,Student Union,850,37.774216,-122.421959,8000.0,Dining & Commercial,False,Normal
2026-09-23 18:00:00,MTR-STU-04,797.29,Central Quad,Student Union,850,37.774216,-122.421959,8000.0,Dining & Commercial,False,Normal
2026-09-23 19:00:00,MTR-STU-04,702.91,Central Quad,Student Union,850,37.774216,-122.421959,8000.0,Dining & Commercial,False,Normal
2026-09-23 20:00:00,MTR-STU-04,590.63,Central Quad,Student Union,850,37.774216,-122.421959,8000.0,Dining & Commercial,False,Normal
2026-09-23 21:00:00,MTR-STU-04,525.51,Central Quad,Student Union,850,37.774216,-122.421959,8000.0,Dining & Commercial,False,Normal
2026-09-23 22:00:00,MTR-STU-04,263.4,Central Quad,Student Union,850,37.774216,-122.421959,8000.0,Dining & Commercial,False,Normal
2026-09-23 23:00:00,MTR-STU-04,164.4,Central Quad,Student Union,850,37.774216,-122.421959,8000.0,Dining & Commercial,False,Normal
2026-09-24 00:00:00,MTR-STU-04,34.31,Central Quad,Student Union,850,37.774216,-122.421959,8000.0,Dining & Commercial,False,Normal
2026-09-24 01:00:00,MTR-STU-04,114.89,Central Quad,Student Union,850,37.774216,-122.421959,8000.0,Dining & Commercial,False,Normal
2026-09-24 02:00:00,MTR-STU-04,5.0,Central Quad,Student Union,850,37.774216,-122.421959,8000.0,Dining & Commercial,False,Normal
2026-09-24 03:00:00,MTR-STU-04,47.68,Central Quad,Student Union,850,37.774216,-122.421959,8000.0,Dining & Commercial,False,Normal
2026-09-24 04:00:00,MTR-STU-04,63.53,Central Quad,Student Union,850,37.774216,-122.421959,8000.0,Dining & Commercial,False,Normal
2026-09-24 05:00:00,MTR-STU-04,160.57,Central Quad,Student Union,850,37.774216,-122.421959,8000.0,Dining & Commercial,False,Normal
2026-09-24 06:00:00,MTR-STU-04,356.38,Central Quad,Student Union,850,37.774216,-122.421959,8000.0,Dining & Commercial,False,Normal
2026-09-24 07:00:00,MTR-STU-04,762.11,Central Quad,Student Union,850,37.774216,-122.421959,8000.0,Dining & Commercial,False,Normal
2026-09-24 08:00:00,MTR-STU-04,907.91,Central Quad,Student Union,850,37.774216,-122.421959,8000.0,Dining & Commercial,False,Normal
2026-09-24 09:00:00,MTR-STU-04,777.28,Central Quad,Student Union,850,37.774216,-122.421959,8000.0,Dining & Commercial,False,Normal
2026-09-24 10:00:00,MTR-STU-04,656.59,Central Quad,Student Union,850,37.774216,-122.421959,8000.0,Dining & Commercial,False,Normal
2026-09-24 11:00:00,MTR-STU-04,836.6,Central Quad,Student Union,850,37.774216,-122.421959,8000.0,Dining & Commercial,False,Normal
2026-09-24 12:00:00,MTR-STU-04,855.47,Central Quad,Student Union,850,37.774216,-122.421959,8000.0,Dining & Commercial,False,Normal
2026-09-24 13:00:00,MTR-STU-04,679.5,Central Quad,Student Union,850,37.774216,-122.421959,8000.0,Dining & Commercial,False,Normal
2026-09-24 14:00:00,MTR-STU-04,641.29,Central Quad,Student Union,850,37.774216,-122.421959,8000.0,Dining & Commercial,False,Normal
2026-09-24 15:00:00,MTR-STU-04,691.81,Central Quad,Student Union,850,37.774216,-122.421959,8000.0,Dining & Commercial,False,Normal
2026-09-24 16:00:00,MTR-STU-04,683.58,Central Quad,Student Union,850,37.774216,-122.421959,8000.0,Dining & Commercial,False,Normal
2026-09-24 17:00:00,MTR-STU-04,799.36,Central Quad,Student Union,850,37.774216,-122.421959,8000.0,Dining & Commercial,False,Normal
2026-09-24 18:00:00,MTR-STU-04,832.73,Central Quad,Student Union,850,37.774216,-122.421959,8000.0,Dining & Commercial,False,Normal
2026-09-24 19:00:00,MTR-STU-04,767.37,Central Quad,Student Union,850,37.774216,-122.421959,8000.0,Dining & Commercial,False,Normal
2026-09-03 20:00:00,MTR-MAI-05,374.88,Central Quad,Main Library,350,37.773765,-122.423075,4000.0,Study / Library,False,Normal
2026-09-03 21:00:00,MTR-MAI-05,312.24,Central Quad,Main Library,350,37.773765,-122.423075,4000.0,Study / Library,False,Normal
2026-09-03 22:00:00,MTR-MAI-05,175.75,Central Quad,Main Library,350,37.773765,-122.423075,4000.0,Study / Library,False,Normal
2026-09-03 23:00:00,MTR-MAI-05,92.07,Central Quad,Main Library,350,37.773765,-122.423075,4000.0,Study / Library,False,Normal
2026-09-04 00:00:00,MTR-MAI-05,79.82,Central Quad,Main Library,350,37.773765,-122.423075,4000.0,Study / Library,False,Normal
2026-09-04 01:00:00,MTR-MAI-05,14.46,Central Quad,Main Library,350,37.773765,-122.423075,4000.0,Study / Library,False,Normal
2026-09-04 02:00:00,MTR-MAI-05,28.46,Central Quad,Main Library,350,37.773765,-122.423075,4000.0,Study / Library,False,Normal
2026-09-04 03:00:00,MTR-MAI-05,20.45,Central Quad,Main Library,350,37.773765,-122.423075,4000.0,Study / Library,False,Normal
2026-09-04 04:00:00,MTR-MAI-05,5.0,Central Quad,Main Library,350,37.773765,-122.423075,4000.0,Study / Library,False,Normal
2026-09-04 05:00:00,MTR-MAI-05,52.03,Central Quad,Main Library,350,37.773765,-122.423075,4000.0,Study / Library,False,Normal
2026-09-04 06:00:00,MTR-MAI-05,191.52,Central Quad,Main Library,350,37.773765,-122.423075,4000.0,Study / Library,False,Normal
2026-09-04 07:00:00,MTR-MAI-05,498.19,Central Quad,Main Library,350,37.773765,-122.423075,4000.0,Study / Library,False,Normal
2026-09-04 08:00:00,MTR-MAI-05,527.16,Central Quad,Main Library,350,37.773765,-122.423075,4000.0,Study / Library,False,Normal
2026-09-04 09:00:00,MTR-MAI-05,418.71,Central Quad,Main Library,350,37.773765,-122.423075,4000.0,Study / Library,False,Normal
2026-09-04 10:00:00,MTR-MAI-05,438.47,Central Quad,Main Library,350,37.773765,-122.423075,4000.0,Study / Library,False,Normal
2026-09-04 11:00:00,MTR-MAI-05,441.08,Central Quad,Main Library,350,37.773765,-122.423075,4000.0,Study / Library,False,Normal
2026-09-04 12:00:00,MTR-MAI-05,476.14,Central Quad,Main Library,350,37.773765,-122.423075,4000.0,Study / Library,False,Normal
2026-09-04 13:00:00,MTR-MAI-05,467.74,Central Quad,Main Library,350,37.773765,-122.423075,4000.0,Study / Library,False,Normal
2026-09-04 14:00:00,MTR-MAI-05,384.55,Central Quad,Main Library,350,37.773765,-122.423075,4000.0,Study / Library,False,Normal
2026-09-04 15:00:00,MTR-MAI-05,410.73,Central Quad,Main Library,350,37.773765,-122.423075,4000.0,Study / Library,False,Normal
2026-09-04 16:00:00,MTR-MAI-05,399.5,Central Quad,Main Library,350,37.773765,-122.423075,4000.0,Study / Library,False,Normal
2026-09-04 17:00:00,MTR-MAI-05,469.65,Central Quad,Main Library,350,37.773765,-122.423075,4000.0,Study / Library,False,Normal
2026-09-04 18:00:00,MTR-MAI-05,22.36,Central Quad,Main Library,350,37.773765,-122.423075,4000.0,Study / Library,True,Sudden Drop
2026-09-04 19:00:00,MTR-MAI-05,422.96,Central Quad,Main Library,350,37.773765,-122.423075,4000.0,Study / Library,False,Normal
2026-09-04 20:00:00,MTR-MAI-05,387.83,Central Quad,Main Library,350,37.773765,-122.423075,4000.0,Study / Library,False,Normal
2026-09-04 21:00:00,MTR-MAI-05,279.73,Central Quad,Main Library,350,37.773765,-122.423075,4000.0,Study / Library,False,Normal
2026-09-04 22:00:00,MTR-MAI-05,184.11,Central Quad,Main Library,350,37.773765,-122.423075,4000.0,Study / Library,False,Normal
2026-09-04 23:00:00,MTR-MAI-05,104.39,Central Quad,Main Library,350,37.773765,-122.423075,4000.0,Study / Library,False,Normal
2026-09-05 00:00:00,MTR-MAI-05,5.0,Central Quad,Main Library,350,37.773765,-122.423075,4000.0,Study / Library,False,Normal
2026-09-05 01:00:00,MTR-MAI-05,5.0,Central Quad,Main Library,350,37.773765,-122.423075,4000.0,Study / Library,False,Normal
2026-09-05 02:00:00,MTR-MAI-05,5.0,Central Quad,Main Library,350,37.773765,-122.423075,4000.0,Study / Library,False,Normal
2026-09-05 03:00:00,MTR-MAI-05,31.28,Central Quad,Main Library,350,37.773765,-122.423075,4000.0,Study / Library,False,Normal
2026-09-05 04:00:00,MTR-MAI-05,7.42,Central Quad,Main Library,350,37.773765,-122.423075,4000.0,Study / Library,False,Normal
2026-09-05 05:00:00,MTR-MAI-05,19.89,Central Quad,Main Library,350,37.773765,-122.423075,4000.0,Study / Library,False,Normal
2026-09-05 06:00:00,MTR-MAI-05,47.33,Central Quad,Main Library,350,37.773765,-122.423075,4000.0,Study / Library,False,Normal
2026-09-05 07:00:00,MTR-MAI-05,169.99,Central Quad,Main Library,350,37.773765,-122.423075,4000.0,Study / Library,False,Normal
2026-09-05 08:00:00,MTR-MAI-05,209.12,Central Quad,Main Library,350,37.773765,-122.423075,4000.0,Study / Library,False,Normal
2026-09-05 09:00:00,MTR-MAI-05,167.82,Central Quad,Main Library,350,37.773765,-122.423075,4000.0,Study / Library,False,Normal
2026-09-05 10:00:00,MTR-MAI-05,137.21,Central Quad,Main Library,350,37.773765,-122.423075,4000.0,Study / Library,False,Normal
2026-09-05 11:00:00,MTR-MAI-05,159.06,Central Quad,Main Library,350,37.773765,-122.423075,4000.0,Study / Library,False,Normal
2026-09-05 12:00:00,MTR-MAI-05,160.07,Central Quad,Main Library,350,37.773765,-122.423075,4000.0,Study / Library,False,Normal
2026-09-05 13:00:00,MTR-MAI-05,173.89,Central Quad,Main Library,350,37.773765,-122.423075,4000.0,Study / Library,False,Normal
2026-09-05 14:00:00,MTR-MAI-05,143.13,Central Quad,Main Library,350,37.773765,-122.423075,4000.0,Study / Library,False,Normal
2026-09-05 15:00:00,MTR-MAI-05,134.53,Central Quad,Main Library,350,37.773765,-122.423075,4000.0,Study / Library,False,Normal
2026-09-05 16:00:00,MTR-MAI-05,146.95,Central Quad,Main Library,350,37.773765,-122.423075,4000.0,Study / Library,False,Normal
2026-09-05 17:00:00,MTR-MAI-05,116.46,Central Quad,Main Library,350,37.773765,-122.423075,4000.0,Study / Library,False,Normal
2026-09-05 18:00:00,MTR-MAI-05,133.03,Central Quad,Main Library,350,37.773765,-122.423075,4000.0,Study / Library,False,Normal
2026-09-05 19:00:00,MTR-MAI-05,156.45,Central Quad,Main Library,350,37.773765,-122.423075,4000.0,Study / Library,False,Normal
2026-09-05 20:00:00,MTR-MAI-05,110.52,Central Quad,Main Library,350,37.773765,-122.423075,4000.0,Study / Library,False,Normal
2026-09-05 21:00:00,MTR-MAI-05,68.7,Central Quad,Main Library,350,37.773765,-122.423075,4000.0,Study / Library,False,Normal
2026-09-05 22:00:00,MTR-MAI-05,77.83,Central Quad,Main Library,350,37.773765,-122.423075,4000.0,Study / Library,False,Normal
2026-09-05 23:00:00,MTR-MAI-05,52.49,Central Quad,Main Library,350,37.773765,-122.423075,4000.0,Study / Library,False,Normal
2026-09-06 00:00:00,MTR-MAI-05,53.5,Central Quad,Main Library,350,37.773765,-122.423075,4000.0,Study / Library,False,Normal
2026-09-06 01:00:00,MTR-MAI-05,5.0,Central Quad,Main Library,350,37.773765,-122.423075,4000.0,Study / Library,False,Normal
2026-09-06 02:00:00,MTR-MAI-05,34.99,Central Quad,Main Library,350,37.773765,-122.423075,4000.0,Study / Library,False,Normal
2026-09-06 03:00:00,MTR-MAI-05,22.5,Central Quad,Main Library,350,37.773765,-122.423075,4000.0,Study / Library,False,Normal
2026-09-06 04:00:00,MTR-MAI-05,630.42,Central Quad,Main Library,350,37.773765,-122.423075,4000.0,Study / Library,True,Persistent High Usage
2026-09-06 05:00:00,MTR-MAI-05,630.42,Central Quad,Main Library,350,37.773765,-122.423075,4000.0,Study / Library,True,Persistent High Usage
2026-09-06 06:00:00,MTR-MAI-05,739.83,Central Quad,Main Library,350,37.773765,-122.423075,4000.0,Study / Library,True,Persistent High Usage
2026-09-06 07:00:00,MTR-MAI-05,784.91,Central Quad,Main Library,350,37.773765,-122.423075,4000.0,Study / Library,True,Persistent High Usage
2026-09-06 08:00:00,MTR-MAI-05,802.75,Central Quad,Main Library,350,37.773765,-122.423075,4000.0,Study / Library,True,Persistent High Usage
2026-09-06 09:00:00,MTR-MAI-05,746.79,Central Quad,Main Library,350,37.773765,-122.423075,4000.0,Study / Library,True,Persistent High Usage
2026-09-06 10:00:00,MTR-MAI-05,724.08,Central Quad,Main Library,350,37.773765,-122.423075,4000.0,Study / Library,True,Persistent High Usage
2026-09-06 11:00:00,MTR-MAI-05,781.06,Central Quad,Main Library,350,37.773765,-122.423075,4000.0,Study / Library,True,Persistent High Usage
2026-09-06 12:00:00,MTR-MAI-05,792.26,Central Quad,Main Library,350,37.773765,-122.423075,4000.0,Study / Library,True,Persistent High Usage
2026-09-06 13:00:00,MTR-MAI-05,145.98,Central Quad,Main Library,350,37.773765,-122.423075,4000.0,Study / Library,False,Normal
2026-09-06 14:00:00,MTR-MAI-05,135.26,Central Quad,Main Library,350,37.773765,-122.423075,4000.0,Study / Library,False,Normal
2026-09-06 15:00:00,MTR-MAI-05,134.44,Central Quad,Main Library,350,37.773765,-122.423075,4000.0,Study / Library,False,Normal
2026-09-06 16:00:00,MTR-MAI-05,199.24,Central Quad,Main Library,350,37.773765,-122.423075,4000.0,Study / Library,False,Normal
2026-09-06 17:00:00,MTR-MAI-05,129.05,Central Quad,Main Library,350,37.773765,-122.423075,4000.0,Study / Library,False,Normal
2026-09-06 18:00:00,MTR-MAI-05,205.12,Central Quad,Main Library,350,37.773765,-122.423075,4000.0,Study / Library,False,Normal
2026-09-06 19:00:00,MTR-MAI-05,146.43,Central Quad,Main Library,350,37.773765,-122.423075,4000.0,Study / Library,False,Normal
2026-09-06 20:00:00,MTR-MAI-05,105.67,Central Quad,Main Library,350,37.773765,-122.423075,4000.0,Study / Library,False,Normal
2026-09-06 21:00:00,MTR-MAI-05,112.79,Central Quad,Main Library,350,37.773765,-122.423075,4000.0,Study / Library,False,Normal
2026-09-06 22:00:00,MTR-MAI-05,43.51,Central Quad,Main Library,350,37.773765,-122.423075,4000.0,Study / Library,False,Normal
2026-09-06 23:00:00,MTR-MAI-05,15.01,Central Quad,Main Library,350,37.773765,-122.423075,4000.0,Study / Library,False,Normal
2026-09-07 00:00:00,MTR-MAI-05,77.18,Central Quad,Main Library,350,37.773765,-122.423075,4000.0,Study / Library,False,Normal
2026-09-07 01:00:00,MTR-MAI-05,64.21,Central Quad,Main Library,350,37.773765,-122.423075,4000.0,Study / Library,False,Normal
2026-09-07 02:00:00,MTR-MAI-05,28.73,Central Quad,Main Library,350,37.773765,-122.423075,4000.0,Study / Library,False,Normal
2026-09-07 03:00:00,MTR-MAI-05,80.14,Central Quad,Main Library,350,37.773765,-122.423075,4000.0,Study / Library,False,Normal
2026-09-07 04:00:00,MTR-MAI-05,29.69,Central Quad,Main Library,350,37.773765,-122.423075,4000.0,Study / Library,False,Normal
2026-09-07 05:00:00,MTR-MAI-05,151.73,Central Quad,Main Library,350,37.773765,-122.423075,4000.0,Study / Library,False,Normal
2026-09-07 06:00:00,MTR-MAI-05,230.98,Central Quad,Main Library,350,37.773765,-122.423075,4000.0,Study / Library,False,Normal
2026-09-07 07:00:00,MTR-MAI-05,507.54,Central Quad,Main Library,350,37.773765,-122.423075,4000.0,Study / Library,False,Normal
2026-09-07 08:00:00,MTR-MAI-05,541.18,Central Quad,Main Library,350,37.773765,-122.423075,4000.0,Study / Library,False,Normal
2026-09-07 09:00:00,MTR-MAI-05,449.39,Central Quad,Main Library,350,37.773765,-122.423075,4000.0,Study / Library,False,Normal
2026-09-07 10:00:00,MTR-MAI-05,406.46,Central Quad,Main Library,350,37.773765,-122.423075,4000.0,Study / Library,False,Normal
2026-09-07 11:00:00,MTR-MAI-05,487.36,Central Quad,Main Library,350,37.773765,-122.423075,4000.0,Study / Library,False,Normal
2026-09-07 12:00:00,MTR-MAI-05,535.48,Central Quad,Main Library,350,37.773765,-122.423075,4000.0,Study / Library,False,Normal
2026-09-07 13:00:00,MTR-MAI-05,428.57,Central Quad,Main Library,350,37.773765,-122.423075,4000.0,Study / Library,False,Normal
2026-09-07 14:00:00,MTR-MAI-05,370.13,Central Quad,Main Library,350,37.773765,-122.423075,4000.0,Study / Library,False,Normal
2026-09-07 15:00:00,MTR-MAI-05,322.7,Central Quad,Main Library,350,37.773765,-122.423075,4000.0,Study / Library,False,Normal
2026-09-07 16:00:00,MTR-MAI-05,419.63,Central Quad,Main Library,350,37.773765,-122.423075,4000.0,Study / Library,False,Normal
2026-09-07 17:00:00,MTR-MAI-05,472.05,Central Quad,Main Library,350,37.773765,-122.423075,4000.0,Study / Library,False,Normal
2026-09-07 18:00:00,MTR-MAI-05,508.72,Central Quad,Main Library,350,37.773765,-122.423075,4000.0,Study / Library,False,Normal
2026-09-07 19:00:00,MTR-MAI-05,461.49,Central Quad,Main Library,350,37.773765,-122.423075,4000.0,Study / Library,False,Normal
2026-09-07 20:00:00,MTR-MAI-05,300.95,Central Quad,Main Library,350,37.773765,-122.423075,4000.0,Study / Library,False,Normal
2026-09-07 21:00:00,MTR-MAI-05,280.92,Central Quad,Main Library,350,37.773765,-122.423075,4000.0,Study / Library,False,Normal
2026-09-07 22:00:00,MTR-MAI-05,163.09,Central Quad,Main Library,350,37.773765,-122.423075,4000.0,Study / Library,False,Normal
2026-09-07 23:00:00,MTR-MAI-05,50.36,Central Quad,Main Library,350,37.773765,-122.423075,4000.0,Study / Library,False,Normal
2026-09-08 00:00:00,MTR-MAI-05,64.65,Central Quad,Main Library,350,37.773765,-122.423075,4000.0,Study / Library,False,Normal
2026-09-08 01:00:00,MTR-MAI-05,54.42,Central Quad,Main Library,350,37.773765,-122.423075,4000.0,Study / Library,False,Normal
2026-09-08 02:00:00,MTR-MAI-05,33.77,Central Quad,Main Library,350,37.773765,-122.423075,4000.0,Study / Library,False,Normal
2026-09-08 03:00:00,MTR-MAI-05,5.0,Central Quad,Main Library,350,37.773765,-122.423075,4000.0,Study / Library,False,Normal
2026-09-08 04:00:00,MTR-MAI-05,57.42,Central Quad,Main Library,350,37.773765,-122.423075,4000.0,Study / Library,False,Normal
2026-09-08 05:00:00,MTR-MAI-05,74.77,Central Quad,Main Library,350,37.773765,-122.423075,4000.0,Study / Library,False,Normal
2026-09-08 06:00:00,MTR-MAI-05,176.16,Central Quad,Main Library,350,37.773765,-122.423075,4000.0,Study / Library,False,Normal
2026-09-08 07:00:00,MTR-MAI-05,498.77,Central Quad,Main Library,350,37.773765,-122.423075,4000.0,Study / Library,False,Normal
2026-09-08 08:00:00,MTR-MAI-05,567.02,Central Quad,Main Library,350,37.773765,-122.423075,4000.0,Study / Library,False,Normal
2026-09-08 09:00:00,MTR-MAI-05,451.73,Central Quad,Main Library,350,37.773765,-122.423075,4000.0,Study / Library,False,Normal
2026-09-08 10:00:00,MTR-MAI-05,387.77,Central Quad,Main Library,350,37.773765,-122.423075,4000.0,Study / Library,False,Normal
2026-09-08 11:00:00,MTR-MAI-05,445.56,Central Quad,Main Library,350,37.773765,-122.423075,4000.0,Study / Library,False,Normal
2026-09-08 12:00:00,MTR-MAI-05,526.23,Central Quad,Main Library,350,37.773765,-122.423075,4000.0,Study / Library,False,Normal
2026-09-08 13:00:00,MTR-MAI-05,372.15,Central Quad,Main Library,350,37.773765,-122.423075,4000.0,Study / Library,False,Normal
2026-09-08 14:00:00,MTR-MAI-05,456.64,Central Quad,Main Library,350,37.773765,-122.423075,4000.0,Study / Library,False,Normal
2026-09-08 15:00:00,MTR-MAI-05,366.63,Central Quad,Main Library,350,37.773765,-122.423075,4000.0,Study / Library,False,Normal
2026-09-08 16:00:00,MTR-MAI-05,399.34,Central Quad,Main Library,350,37.773765,-122.423075,4000.0,Study / Library,False,Normal
2026-09-08 17:00:00,MTR-MAI-05,413.78,Central Quad,Main Library,350,37.773765,-122.423075,4000.0,Study / Library,False,Normal
2026-09-08 18:00:00,MTR-MAI-05,485.7,Central Quad,Main Library,350,37.773765,-122.423075,4000.0,Study / Library,False,Normal
2026-09-08 19:00:00,MTR-MAI-05,410.04,Central Quad,Main Library,350,37.773765,-122.423075,4000.0,Study / Library,False,Normal
2026-09-08 20:00:00,MTR-MAI-05,395.64,Central Quad,Main Library,350,37.773765,-122.423075,4000.0,Study / Library,False,Normal
2026-09-08 21:00:00,MTR-MAI-05,306.96,Central Quad,Main Library,350,37.773765,-122.423075,4000.0,Study / Library,False,Normal
2026-09-08 22:00:00,MTR-MAI-05,123.39,Central Quad,Main Library,350,37.773765,-122.423075,4000.0,Study / Library,False,Normal
2026-09-08 23:00:00,MTR-MAI-05,100.29,Central Quad,Main Library,350,37.773765,-122.423075,4000.0,Study / Library,False,Normal
2026-09-09 00:00:00,MTR-MAI-05,76.18,Central Quad,Main Library,350,37.773765,-122.423075,4000.0,Study / Library,False,Normal
2026-09-09 01:00:00,MTR-MAI-05,53.02,Central Quad,Main Library,350,37.773765,-122.423075,4000.0,Study / Library,False,Normal
2026-09-09 02:00:00,MTR-MAI-05,40.5,Central Quad,Main Library,350,37.773765,-122.423075,4000.0,Study / Library,False,Normal
2026-09-09 03:00:00,MTR-MAI-05,64.29,Central Quad,Main Library,350,37.773765,-122.423075,4000.0,Study / Library,False,Normal
2026-09-09 04:00:00,MTR-MAI-05,31.42,Central Quad,Main Library,350,37.773765,-122.423075,4000.0,Study / Library,False,Normal
2026-09-09 05:00:00,MTR-MAI-05,85.71,Central Quad,Main Library,350,37.773765,-122.423075,4000.0,Study / Library,False,Normal
2026-09-09 06:00:00,MTR-MAI-05,162.47,Central Quad,Main Library,350,37.773765,-122.423075,4000.0,Study / Library,False,Normal
2026-09-09 07:00:00,MTR-MAI-05,535.8,Central Quad,Main Library,350,37.773765,-122.423075,4000.0,Study / Library,False,Normal
2026-09-09 08:00:00,MTR-MAI-05,489.46,Central Quad,Main Library,350,37.773765,-122.423075,4000.0,Study / Library,False,Normal
2026-09-09 09:00:00,MTR-MAI-05,452.58,Central Quad,Main Library,350,37.773765,-122.423075,4000.0,Study / Library,False,Normal
2026-09-09 10:00:00,MTR-MAI-05,386.58,Central Quad,Main Library,350,37.773765,-122.423075,4000.0,Study / Library,False,Normal
2026-09-09 11:00:00,MTR-MAI-05,451.27,Central Quad,Main Library,350,37.773765,-122.423075,4000.0,Study / Library,False,Normal
2026-09-09 12:00:00,MTR-MAI-05,438.08,Central Quad,Main Library,350,37.773765,-122.423075,4000.0,Study / Library,False,Normal
2026-09-09 13:00:00,MTR-MAI-05,436.73,Central Quad,Main Library,350,37.773765,-122.423075,4000.0,Study / Library,False,Normal
2026-09-09 14:00:00,MTR-MAI-05,445.14,Central Quad,Main Library,350,37.773765,-122.423075,4000.0,Study / Library,False,Normal
2026-09-09 15:00:00,MTR-MAI-05,383.79,Central Quad,Main Library,350,37.773765,-122.423075,4000.0,Study / Library,False,Normal
2026-09-09 16:00:00,MTR-MAI-05,323.11,Central Quad,Main Library,350,37.773765,-122.423075,4000.0,Study / Library,False,Normal
2026-09-09 17:00:00,MTR-MAI-05,827.6,Central Quad,Main Library,350,37.773765,-122.423075,4000.0,Study / Library,True,Gradual Increase
2026-09-09 18:00:00,MTR-MAI-05,491.48,Central Quad,Main Library,350,37.773765,-122.423075,4000.0,Study / Library,False,Normal
2026-09-09 19:00:00,MTR-MAI-05,468.09,Central Quad,Main Library,350,37.773765,-122.423075,4000.0,Study / Library,False,Normal
2026-09-09 20:00:00,MTR-MAI-05,407.04,Central Quad,Main Library,350,37.773765,-122.423075,4000.0,Study / Library,False,Normal
2026-09-09 21:00:00,MTR-MAI-05,313.64,Central Quad,Main Library,350,37.773765,-122.423075,4000.0,Study / Library,False,Normal
2026-09-09 22:00:00,MTR-MAI-05,122.01,Central Quad,Main Library,350,37.773765,-122.423075,4000.0,Study / Library,False,Normal
2026-09-09 23:00:00,MTR-MAI-05,110.89,Central Quad,Main Library,350,37.773765,-122.423075,4000.0,Study / Library,False,Normal
2026-09-10 00:00:00,MTR-MAI-05,80.14,Central Quad,Main Library,350,37.773765,-122.423075,4000.0,Study / Library,False,Normal
2026-09-10 01:00:00,MTR-MAI-05,19.47,Central Quad,Main Library,350,37.773765,-122.423075,4000.0,Study / Library,False,Normal
2026-09-10 02:00:00,MTR-MAI-05,60.17,Central Quad,Main Library,350,37.773765,-122.423075,4000.0,Study / Library,False,Normal
2026-09-10 03:00:00,MTR-MAI-05,25.37,Central Quad,Main Library,350,37.773765,-122.423075,4000.0,Study / Library,False,Normal
2026-09-10 04:00:00,MTR-MAI-05,44.39,Central Quad,Main Library,350,37.773765,-122.423075,4000.0,Study / Library,False,Normal
2026-09-10 05:00:00,MTR-MAI-05,82.85,Central Quad,Main Library,350,37.773765,-122.423075,4000.0,Study / Library,False,Normal
2026-09-10 06:00:00,MTR-MAI-05,157.52,Central Quad,Main Library,350,37.773765,-122.423075,4000.0,Study / Library,False,Normal
2026-09-10 07:00:00,MTR-MAI-05,462.07,Central Quad,Main Library,350,37.773765,-122.423075,4000.0,Study / Library,False,Normal
2026-09-10 08:00:00,MTR-MAI-05,488.73,Central Quad,Main Library,350,37.773765,-122.423075,4000.0,Study / Library,False,Normal
2026-09-10 09:00:00,MTR-MAI-05,448.79,Central Quad,Main Library,350,37.773765,-122.423075,4000.0,Study / Library,False,Normal
2026-09-10 10:00:00,MTR-MAI-05,417.09,Central Quad,Main Library,350,37.773765,-122.423075,4000.0,Study / Library,False,Normal
2026-09-10 11:00:00,MTR-MAI-05,399.53,Central Quad,Main Library,350,37.773765,-122.423075,4000.0,Study / Library,False,Normal
2026-09-10 12:00:00,MTR-MAI-05,520.17,Central Quad,Main Library,350,37.773765,-122.423075,4000.0,Study / Library,False,Normal
2026-09-10 13:00:00,MTR-MAI-05,414.61,Central Quad,Main Library,350,37.773765,-122.423075,4000.0,Study / Library,False,Normal
2026-09-10 14:00:00,MTR-MAI-05,335.24,Central Quad,Main Library,350,37.773765,-122.423075,4000.0,Study / Library,False,Normal
2026-09-10 15:00:00,MTR-MAI-05,370.2,Central Quad,Main Library,350,37.773765,-122.423075,4000.0,Study / Library,False,Normal
2026-09-10 16:00:00,MTR-MAI-05,389.37,Central Quad,Main Library,350,37.773765,-122.423075,4000.0,Study / Library,False,Normal
2026-09-10 17:00:00,MTR-MAI-05,449.47,Central Quad,Main Library,350,37.773765,-122.423075,4000.0,Study / Library,False,Normal
2026-09-10 18:00:00,MTR-MAI-05,454.47,Central Quad,Main Library,350,37.773765,-122.423075,4000.0,Study / Library,False,Normal
2026-09-10 19:00:00,MTR-MAI-05,443.96,Central Quad,Main Library,350,37.773765,-122.423075,4000.0,Study / Library,False,Normal
2026-09-10 20:00:00,MTR-MAI-05,366.97,Central Quad,Main Library,350,37.773765,-122.423075,4000.0,Study / Library,False,Normal
2026-09-10 21:00:00,MTR-MAI-05,298.79,Central Quad,Main Library,350,37.773765,-122.423075,4000.0,Study / Library,False,Normal
2026-09-10 22:00:00,MTR-MAI-05,204.76,Central Quad,Main Library,350,37.773765,-122.423075,4000.0,Study / Library,False,Normal
2026-09-10 23:00:00,MTR-MAI-05,128.78,Central Quad,Main Library,350,37.773765,-122.423075,4000.0,Study / Library,False,Normal
2026-09-11 00:00:00,MTR-MAI-05,5.0,Central Quad,Main Library,350,37.773765,-122.423075,4000.0,Study / Library,False,Normal
2026-09-11 01:00:00,MTR-MAI-05,44.65,Central Quad,Main Library,350,37.773765,-122.423075,4000.0,Study / Library,False,Normal
2026-09-11 02:00:00,MTR-MAI-05,13.29,Central Quad,Main Library,350,37.773765,-122.423075,4000.0,Study / Library,False,Normal
2026-09-11 03:00:00,MTR-MAI-05,41.89,Central Quad,Main Library,350,37.773765,-122.423075,4000.0,Study / Library,False,Normal
2026-09-11 04:00:00,MTR-MAI-05,20.56,Central Quad,Main Library,350,37.773765,-122.423075,4000.0,Study / Library,False,Normal
2026-09-11 05:00:00,MTR-MAI-05,140.58,Central Quad,Main Library,350,37.773765,-122.423075,4000.0,Study / Library,False,Normal
2026-09-11 06:00:00,MTR-MAI-05,206.41,Central Quad,Main Library,350,37.773765,-122.423075,4000.0,Study / Library,False,Normal
2026-09-11 07:00:00,MTR-MAI-05,463.65,Central Quad,Main Library,350,37.773765,-122.423075,4000.0,Study / Library,False,Normal
2026-09-11 08:00:00,MTR-MAI-05,554.07,Central Quad,Main Library,350,37.773765,-122.423075,4000.0,Study / Library,False,Normal
2026-09-11 09:00:00,MTR-MAI-05,410.45,Central Quad,Main Library,350,37.773765,-122.423075,4000.0,Study / Library,False,Normal
2026-09-11 10:00:00,MTR-MAI-05,1653.1,Central Quad,Main Library,350,37.773765,-122.423075,4000.0,Study / Library,True,Sudden Spike
2026-09-11 11:00:00,MTR-MAI-05,445.24,Central Quad,Main Library,350,37.773765,-122.423075,4000.0,Study / Library,False,Normal
2026-09-11 12:00:00,MTR-MAI-05,536.65,Central Quad,Main Library,350,37.773765,-122.423075,4000.0,Study / Library,False,Normal
2026-09-11 13:00:00,MTR-MAI-05,383.61,Central Quad,Main Library,350,37.773765,-122.423075,4000.0,Study / Library,False,Normal
2026-09-11 14:00:00,MTR-MAI-05,372.68,Central Quad,Main Library,350,37.773765,-122.423075,4000.0,Study / Library,False,Normal
2026-09-11 15:00:00,MTR-MAI-05,315.75,Central Quad,Main Library,350,37.773765,-122.423075,4000.0,Study / Library,False,Normal
2026-09-11 16:00:00,MTR-MAI-05,391.79,Central Quad,Main Library,350,37.773765,-122.423075,4000.0,Study / Library,False,Normal
2026-09-11 17:00:00,MTR-MAI-05,514.17,Central Quad,Main Library,350,37.773765,-122.423075,4000.0,Study / Library,False,Normal
2026-09-11 18:00:00,MTR-MAI-05,506.39,Central Quad,Main Library,350,37.773765,-122.423075,4000.0,Study / Library,False,Normal
2026-09-11 19:00:00,MTR-MAI-05,419.44,Central Quad,Main Library,350,37.773765,-122.423075,4000.0,Study / Library,False,Normal
2026-09-11 20:00:00,MTR-MAI-05,405.09,Central Quad,Main Library,350,37.773765,-122.423075,4000.0,Study / Library,False,Normal
2026-09-11 21:00:00,MTR-MAI-05,290.68,Central Quad,Main Library,350,37.773765,-122.423075,4000.0,Study / Library,False,Normal
2026-09-11 22:00:00,MTR-MAI-05,214.73,Central Quad,Main Library,350,37.773765,-122.423075,4000.0,Study / Library,False,Normal
2026-09-11 23:00:00,MTR-MAI-05,64.94,Central Quad,Main Library,350,37.773765,-122.423075,4000.0,Study / Library,False,Normal
2026-09-12 00:00:00,MTR-MAI-05,6.66,Central Quad,Main Library,350,37.773765,-122.423075,4000.0,Study / Library,False,Normal
2026-09-12 01:00:00,MTR-MAI-05,5.0,Central Quad,Main Library,350,37.773765,-122.423075,4000.0,Study / Library,False,Normal
2026-09-12 02:00:00,MTR-MAI-05,5.0,Central Quad,Main Library,350,37.773765,-122.423075,4000.0,Study / Library,False,Normal
2026-09-12 03:00:00,MTR-MAI-05,34.93,Central Quad,Main Library,350,37.773765,-122.423075,4000.0,Study / Library,False,Normal
2026-09-12 04:00:00,MTR-MAI-05,39.39,Central Quad,Main Library,350,37.773765,-122.423075,4000.0,Study / Library,False,Normal
2026-09-12 05:00:00,MTR-MAI-05,37.96,Central Quad,Main Library,350,37.773765,-122.423075,4000.0,Study / Library,False,Normal
2026-09-12 06:00:00,MTR-MAI-05,86.54,Central Quad,Main Library,350,37.773765,-122.423075,4000.0,Study / Library,False,Normal
2026-09-12 07:00:00,MTR-MAI-05,240.58,Central Quad,Main Library,350,37.773765,-122.423075,4000.0,Study / Library,False,Normal
2026-09-12 08:00:00,MTR-MAI-05,195.13,Central Quad,Main Library,350,37.773765,-122.423075,4000.0,Study / Library,False,Normal
2026-09-12 09:00:00,MTR-MAI-05,175.92,Central Quad,Main Library,350,37.773765,-122.423075,4000.0,Study / Library,False,Normal
2026-09-12 10:00:00,MTR-MAI-05,119.08,Central Quad,Main Library,350,37.773765,-122.423075,4000.0,Study / Library,False,Normal
2026-09-12 11:00:00,MTR-MAI-05,143.32,Central Quad,Main Library,350,37.773765,-122.423075,4000.0,Study / Library,False,Normal
2026-09-12 12:00:00,MTR-MAI-05,141.98,Central Quad,Main Library,350,37.773765,-122.423075,4000.0,Study / Library,False,Normal
2026-09-12 13:00:00,MTR-MAI-05,150.78,Central Quad,Main Library,350,37.773765,-122.423075,4000.0,Study / Library,False,Normal
2026-09-12 14:00:00,MTR-MAI-05,136.08,Central Quad,Main Library,350,37.773765,-122.423075,4000.0,Study / Library,False,Normal
2026-09-12 15:00:00,MTR-MAI-05,85.43,Central Quad,Main Library,350,37.773765,-122.423075,4000.0,Study / Library,False,Normal
2026-09-12 16:00:00,MTR-MAI-05,146.51,Central Quad,Main Library,350,37.773765,-122.423075,4000.0,Study / Library,False,Normal
2026-09-12 17:00:00,MTR-MAI-05,175.28,Central Quad,Main Library,350,37.773765,-122.423075,4000.0,Study / Library,False,Normal
2026-09-12 18:00:00,MTR-MAI-05,199.9,Central Quad,Main Library,350,37.773765,-122.423075,4000.0,Study / Library,False,Normal
2026-09-12 19:00:00,MTR-MAI-05,143.06,Central Quad,Main Library,350,37.773765,-122.423075,4000.0,Study / Library,False,Normal
2026-09-12 20:00:00,MTR-MAI-05,149.21,Central Quad,Main Library,350,37.773765,-122.423075,4000.0,Study / Library,False,Normal
2026-09-12 21:00:00,MTR-MAI-05,120.91,Central Quad,Main Library,350,37.773765,-122.423075,4000.0,Study / Library,False,Normal
2026-09-12 22:00:00,MTR-MAI-05,77.85,Central Quad,Main Library,350,37.773765,-122.423075,4000.0,Study / Library,False,Normal
2026-09-12 23:00:00,MTR-MAI-05,6.46,Central Quad,Main Library,350,37.773765,-122.423075,4000.0,Study / Library,False,Normal
2026-09-13 00:00:00,MTR-MAI-05,15.93,Central Quad,Main Library,350,37.773765,-122.423075,4000.0,Study / Library,False,Normal
2026-09-13 01:00:00,MTR-MAI-05,45.84,Central Quad,Main Library,350,37.773765,-122.423075,4000.0,Study / Library,False,Normal
2026-09-13 02:00:00,MTR-MAI-05,35.02,Central Quad,Main Library,350,37.773765,-122.423075,4000.0,Study / Library,False,Normal
2026-09-13 03:00:00,MTR-MAI-05,5.0,Central Quad,Main Library,350,37.773765,-122.423075,4000.0,Study / Library,False,Normal
2026-09-13 04:00:00,MTR-MAI-05,33.08,Central Quad,Main Library,350,37.773765,-122.423075,4000.0,Study / Library,False,Normal
2026-09-13 05:00:00,MTR-MAI-05,5.0,Central Quad,Main Library,350,37.773765,-122.423075,4000.0,Study / Library,False,Normal
2026-09-13 06:00:00,MTR-MAI-05,21.82,Central Quad,Main Library,350,37.773765,-122.423075,4000.0,Study / Library,False,Normal
2026-09-13 07:00:00,MTR-MAI-05,155.12,Central Quad,Main Library,350,37.773765,-122.423075,4000.0,Study / Library,False,Normal
2026-09-13 08:00:00,MTR-MAI-05,193.49,Central Quad,Main Library,350,37.773765,-122.423075,4000.0,Study / Library,False,Normal
2026-09-13 09:00:00,MTR-MAI-05,789.59,Central Quad,Main Library,350,37.773765,-122.423075,4000.0,Study / Library,True,Persistent High Usage
2026-09-13 10:00:00,MTR-MAI-05,694.22,Central Quad,Main Library,350,37.773765,-122.423075,4000.0,Study / Library,True,Persistent High Usage
2026-09-13 11:00:00,MTR-MAI-05,787.45,Central Quad,Main Library,350,37.773765,-122.423075,4000.0,Study / Library,True,Persistent High Usage
2026-09-13 12:00:00,MTR-MAI-05,839.25,Central Quad,Main Library,350,37.773765,-122.423075,4000.0,Study / Library,True,Persistent High Usage
2026-09-13 13:00:00,MTR-MAI-05,812.98,Central Quad,Main Library,350,37.773765,-122.423075,4000.0,Study / Library,True,Persistent High Usage
2026-09-13 14:00:00,MTR-MAI-05,752.75,Central Quad,Main Library,350,37.773765,-122.423075,4000.0,Study / Library,True,Persistent High Usage
2026-09-13 15:00:00,MTR-MAI-05,716.25,Central Quad,Main Library,350,37.773765,-122.423075,4000.0,Study / Library,True,Persistent High Usage
2026-09-13 16:00:00,MTR-MAI-05,803.26,Central Quad,Main Library,350,37.773765,-122.423075,4000.0,Study / Library,True,Persistent High Usage
2026-09-13 17:00:00,MTR-MAI-05,788.15,Central Quad,Main Library,350,37.773765,-122.423075,4000.0,Study / Library,True,Persistent High Usage
2026-09-13 18:00:00,MTR-MAI-05,165.83,Central Quad,Main Library,350,37.773765,-122.423075,4000.0,Study / Library,False,Normal
2026-09-13 19:00:00,MTR-MAI-05,127.19,Central Quad,Main Library,350,37.773765,-122.423075,4000.0,Study / Library,False,Normal
2026-09-13 20:00:00,MTR-MAI-05,146.31,Central Quad,Main Library,350,37.773765,-122.423075,4000.0,Study / Library,False,Normal
2026-09-13 21:00:00,MTR-MAI-05,108.97,Central Quad,Main Library,350,37.773765,-122.423075,4000.0,Study / Library,False,Normal
2026-09-13 22:00:00,MTR-MAI-05,39.57,Central Quad,Main Library,350,37.773765,-122.423075,4000.0,Study / Library,False,Normal
2026-09-13 23:00:00,MTR-MAI-05,5.0,Central Quad,Main Library,350,37.773765,-122.423075,4000.0,Study / Library,False,Normal
2026-09-14 00:00:00,MTR-MAI-05,24.16,Central Quad,Main Library,350,37.773765,-122.423075,4000.0,Study / Library,False,Normal
2026-09-14 01:00:00,MTR-MAI-05,5.0,Central Quad,Main Library,350,37.773765,-122.423075,4000.0,Study / Library,False,Normal
2026-09-14 02:00:00,MTR-MAI-05,55.15,Central Quad,Main Library,350,37.773765,-122.423075,4000.0,Study / Library,False,Normal
2026-09-14 03:00:00,MTR-MAI-05,38.75,Central Quad,Main Library,350,37.773765,-122.423075,4000.0,Study / Library,False,Normal
2026-09-14 04:00:00,MTR-MAI-05,5.95,Central Quad,Main Library,350,37.773765,-122.423075,4000.0,Study / Library,False,Normal
2026-09-14 05:00:00,MTR-MAI-05,111.15,Central Quad,Main Library,350,37.773765,-122.423075,4000.0,Study / Library,False,Normal
2026-09-14 06:00:00,MTR-MAI-05,180.52,Central Quad,Main Library,350,37.773765,-122.423075,4000.0,Study / Library,False,Normal
2026-09-14 07:00:00,MTR-MAI-05,453.99,Central Quad,Main Library,350,37.773765,-122.423075,4000.0,Study / Library,False,Normal
2026-09-14 08:00:00,MTR-MAI-05,500.1,Central Quad,Main Library,350,37.773765,-122.423075,4000.0,Study / Library,False,Normal
2026-09-14 09:00:00,MTR-MAI-05,407.35,Central Quad,Main Library,350,37.773765,-122.423075,4000.0,Study / Library,False,Normal
2026-09-14 10:00:00,MTR-MAI-05,405.78,Central Quad,Main Library,350,37.773765,-122.423075,4000.0,Study / Library,False,Normal
2026-09-14 11:00:00,MTR-MAI-05,24.05,Central Quad,Main Library,350,37.773765,-122.423075,4000.0,Study / Library,True,Sudden Drop
2026-09-14 12:00:00,MTR-MAI-05,483.38,Central Quad,Main Library,350,37.773765,-122.423075,4000.0,Study / Library,False,Normal
2026-09-14 13:00:00,MTR-MAI-05,462.98,Central Quad,Main Library,350,37.773765,-122.423075,4000.0,Study / Library,True,Normal
2026-09-14 14:00:00,MTR-MAI-05,414.42,Central Quad,Main Library,350,37.773765,-122.423075,4000.0,Study / Library,False,Normal
2026-09-14 15:00:00,MTR-MAI-05,366.14,Central Quad,Main Library,350,37.773765,-122.423075,4000.0,Study / Library,False,Normal
2026-09-14 16:00:00,MTR-MAI-05,449.22,Central Quad,Main Library,350,37.773765,-122.423075,4000.0,Study / Library,False,Normal
2026-09-14 17:00:00,MTR-MAI-05,477.32,Central Quad,Main Library,350,37.773765,-122.423075,4000.0,Study / Library,False,Normal
2026-09-14 18:00:00,MTR-MAI-05,480.23,Central Quad,Main Library,350,37.773765,-122.423075,4000.0,Study / Library,False,Normal
2026-09-14 19:00:00,MTR-MAI-05,382.41,Central Quad,Main Library,350,37.773765,-122.423075,4000.0,Study / Library,False,Normal
2026-09-14 20:00:00,MTR-MAI-05,338.4,Central Quad,Main Library,350,37.773765,-122.423075,4000.0,Study / Library,False,Normal
2026-09-14 21:00:00,MTR-MAI-05,290.37,Central Quad,Main Library,350,37.773765,-122.423075,4000.0,Study / Library,False,Normal
2026-09-14 22:00:00,MTR-MAI-05,165.01,Central Quad,Main Library,350,37.773765,-122.423075,4000.0,Study / Library,False,Normal
2026-09-14 23:00:00,MTR-MAI-05,98.54,Central Quad,Main Library,350,37.773765,-122.423075,4000.0,Study / Library,False,Normal
2026-09-15 00:00:00,MTR-MAI-05,36.99,Central Quad,Main Library,350,37.773765,-122.423075,4000.0,Study / Library,False,Normal
2026-09-15 01:00:00,MTR-MAI-05,60.63,Central Quad,Main Library,350,37.773765,-122.423075,4000.0,Study / Library,False,Normal
2026-09-15 02:00:00,MTR-MAI-05,40.1,Central Quad,Main Library,350,37.773765,-122.423075,4000.0,Study / Library,False,Normal
2026-09-15 03:00:00,MTR-MAI-05,55.49,Central Quad,Main Library,350,37.773765,-122.423075,4000.0,Study / Library,False,Normal
2026-09-15 04:00:00,MTR-MAI-05,92.56,Central Quad,Main Library,350,37.773765,-122.423075,4000.0,Study / Library,False,Normal
2026-09-15 05:00:00,MTR-MAI-05,89.98,Central Quad,Main Library,350,37.773765,-122.423075,4000.0,Study / Library,False,Normal
2026-09-15 06:00:00,MTR-MAI-05,848.26,Central Quad,Main Library,350,37.773765,-122.423075,4000.0,Study / Library,True,Persistent High Usage
2026-09-15 07:00:00,MTR-MAI-05,1082.2,Central Quad,Main Library,350,37.773765,-122.423075,4000.0,Study / Library,True,Persistent High Usage
2026-09-15 08:00:00,MTR-MAI-05,1197.01,Central Quad,Main Library,350,37.773765,-122.423075,4000.0,Study / Library,True,Persistent High Usage
2026-09-15 09:00:00,MTR-MAI-05,1050.21,Central Quad,Main Library,350,37.773765,-122.423075,4000.0,Study / Library,True,Persistent High Usage
2026-09-15 10:00:00,MTR-MAI-05,1032.73,Central Quad,Main Library,350,37.773765,-122.423075,4000.0,Study / Library,True,Persistent High Usage
2026-09-15 11:00:00,MTR-MAI-05,437.54,Central Quad,Main Library,350,37.773765,-122.423075,4000.0,Study / Library,False,Normal
2026-09-15 12:00:00,MTR-MAI-05,501.09,Central Quad,Main Library,350,37.773765,-122.423075,4000.0,Study / Library,False,Normal
2026-09-15 13:00:00,MTR-MAI-05,386.15,Central Quad,Main Library,350,37.773765,-122.423075,4000.0,Study / Library,False,Normal
2026-09-15 14:00:00,MTR-MAI-05,377.76,Central Quad,Main Library,350,37.773765,-122.423075,4000.0,Study / Library,False,Normal
2026-09-15 15:00:00,MTR-MAI-05,390.86,Central Quad,Main Library,350,37.773765,-122.423075,4000.0,Study / Library,False,Normal
2026-09-15 16:00:00,MTR-MAI-05,424.4,Central Quad,Main Library,350,37.773765,-122.423075,4000.0,Study / Library,False,Normal
2026-09-15 17:00:00,MTR-MAI-05,461.97,Central Quad,Main Library,350,37.773765,-122.423075,4000.0,Study / Library,False,Normal
2026-09-15 18:00:00,MTR-MAI-05,505.26,Central Quad,Main Library,350,37.773765,-122.423075,4000.0,Study / Library,False,Normal
2026-09-15 19:00:00,MTR-MAI-05,439.39,Central Quad,Main Library,350,37.773765,-122.423075,4000.0,Study / Library,False,Normal
2026-09-15 20:00:00,MTR-MAI-05,316.42,Central Quad,Main Library,350,37.773765,-122.423075,4000.0,Study / Library,False,Normal
2026-09-15 21:00:00,MTR-MAI-05,285.02,Central Quad,Main Library,350,37.773765,-122.423075,4000.0,Study / Library,False,Normal
2026-09-15 22:00:00,MTR-MAI-05,127.95,Central Quad,Main Library,350,37.773765,-122.423075,4000.0,Study / Library,False,Normal
2026-09-15 23:00:00,MTR-MAI-05,103.67,Central Quad,Main Library,350,37.773765,-122.423075,4000.0,Study / Library,False,Normal
2026-09-16 00:00:00,MTR-MAI-05,30.05,Central Quad,Main Library,350,37.773765,-122.423075,4000.0,Study / Library,False,Normal
2026-09-16 01:00:00,MTR-MAI-05,38.9,Central Quad,Main Library,350,37.773765,-122.423075,4000.0,Study / Library,False,Normal
2026-09-16 02:00:00,MTR-MAI-05,5.0,Central Quad,Main Library,350,37.773765,-122.423075,4000.0,Study / Library,False,Normal
2026-09-16 03:00:00,MTR-MAI-05,29.85,Central Quad,Main Library,350,37.773765,-122.423075,4000.0,Study / Library,False,Normal
2026-09-16 04:00:00,MTR-MAI-05,37.26,Central Quad,Main Library,350,37.773765,-122.423075,4000.0,Study / Library,False,Normal
2026-09-16 05:00:00,MTR-MAI-05,98.82,Central Quad,Main Library,350,37.773765,-122.423075,4000.0,Study / Library,False,Normal
2026-09-16 06:00:00,MTR-MAI-05,182.19,Central Quad,Main Library,350,37.773765,-122.423075,4000.0,Study / Library,False,Normal
2026-09-16 07:00:00,MTR-MAI-05,469.75,Central Quad,Main Library,350,37.773765,-122.423075,4000.0,Study / Library,False,Normal
2026-09-16 08:00:00,MTR-MAI-05,551.54,Central Quad,Main Library,350,37.773765,-122.423075,4000.0,Study / Library,False,Normal
2026-09-16 09:00:00,MTR-MAI-05,459.43,Central Quad,Main Library,350,37.773765,-122.423075,4000.0,Study / Library,False,Normal
2026-09-16 10:00:00,MTR-MAI-05,454.84,Central Quad,Main Library,350,37.773765,-122.423075,4000.0,Study / Library,False,Normal
2026-09-16 11:00:00,MTR-MAI-05,515.08,Central Quad,Main Library,350,37.773765,-122.423075,4000.0,Study / Library,False,Normal
2026-09-16 12:00:00,MTR-MAI-05,573.62,Central Quad,Main Library,350,37.773765,-122.423075,4000.0,Study / Library,False,Normal
2026-09-16 13:00:00,MTR-MAI-05,415.82,Central Quad,Main Library,350,37.773765,-122.423075,4000.0,Study / Library,False,Normal
2026-09-16 14:00:00,MTR-MAI-05,386.38,Central Quad,Main Library,350,37.773765,-122.423075,4000.0,Study / Library,False,Normal
2026-09-16 15:00:00,MTR-MAI-05,418.53,Central Quad,Main Library,350,37.773765,-122.423075,4000.0,Study / Library,False,Normal
2026-09-16 16:00:00,MTR-MAI-05,435.34,Central Quad,Main Library,350,37.773765,-122.423075,4000.0,Study / Library,False,Normal
2026-09-16 17:00:00,MTR-MAI-05,452.11,Central Quad,Main Library,350,37.773765,-122.423075,4000.0,Study / Library,False,Normal
2026-09-16 18:00:00,MTR-MAI-05,462.78,Central Quad,Main Library,350,37.773765,-122.423075,4000.0,Study / Library,False,Normal
2026-09-16 19:00:00,MTR-MAI-05,381.22,Central Quad,Main Library,350,37.773765,-122.423075,4000.0,Study / Library,False,Normal
2026-09-16 20:00:00,MTR-MAI-05,374.71,Central Quad,Main Library,350,37.773765,-122.423075,4000.0,Study / Library,False,Normal
2026-09-16 21:00:00,MTR-MAI-05,333.31,Central Quad,Main Library,350,37.773765,-122.423075,4000.0,Study / Library,False,Normal
2026-09-16 22:00:00,MTR-MAI-05,152.62,Central Quad,Main Library,350,37.773765,-122.423075,4000.0,Study / Library,False,Normal
2026-09-16 23:00:00,MTR-MAI-05,66.82,Central Quad,Main Library,350,37.773765,-122.423075,4000.0,Study / Library,False,Normal
2026-09-17 00:00:00,MTR-MAI-05,5.0,Central Quad,Main Library,350,37.773765,-122.423075,4000.0,Study / Library,False,Normal
2026-09-17 01:00:00,MTR-MAI-05,51.18,Central Quad,Main Library,350,37.773765,-122.423075,4000.0,Study / Library,False,Normal
2026-09-17 02:00:00,MTR-MAI-05,57.18,Central Quad,Main Library,350,37.773765,-122.423075,4000.0,Study / Library,False,Normal
2026-09-17 03:00:00,MTR-MAI-05,33.32,Central Quad,Main Library,350,37.773765,-122.423075,4000.0,Study / Library,False,Normal
2026-09-17 04:00:00,MTR-MAI-05,20.65,Central Quad,Main Library,350,37.773765,-122.423075,4000.0,Study / Library,False,Normal
2026-09-17 05:00:00,MTR-MAI-05,80.26,Central Quad,Main Library,350,37.773765,-122.423075,4000.0,Study / Library,False,Normal
2026-09-17 06:00:00,MTR-MAI-05,180.51,Central Quad,Main Library,350,37.773765,-122.423075,4000.0,Study / Library,False,Normal
2026-09-17 07:00:00,MTR-MAI-05,484.25,Central Quad,Main Library,350,37.773765,-122.423075,4000.0,Study / Library,False,Normal
2026-09-17 08:00:00,MTR-MAI-05,500.33,Central Quad,Main Library,350,37.773765,-122.423075,4000.0,Study / Library,False,Normal
2026-09-17 09:00:00,MTR-MAI-05,399.68,Central Quad,Main Library,350,37.773765,-122.423075,4000.0,Study / Library,False,Normal
2026-09-17 10:00:00,MTR-MAI-05,347.11,Central Quad,Main Library,350,37.773765,-122.423075,4000.0,Study / Library,False,Normal
2026-09-17 11:00:00,MTR-MAI-05,435.12,Central Quad,Main Library,350,37.773765,-122.423075,4000.0,Study / Library,False,Normal
2026-09-17 12:00:00,MTR-MAI-05,529.93,Central Quad,Main Library,350,37.773765,-122.423075,4000.0,Study / Library,False,Normal
2026-09-17 13:00:00,MTR-MAI-05,391.93,Central Quad,Main Library,350,37.773765,-122.423075,4000.0,Study / Library,False,Normal
2026-09-17 14:00:00,MTR-MAI-05,338.47,Central Quad,Main Library,350,37.773765,-122.423075,4000.0,Study / Library,False,Normal
2026-09-17 15:00:00,MTR-MAI-05,330.89,Central Quad,Main Library,350,37.773765,-122.423075,4000.0,Study / Library,False,Normal
2026-09-17 16:00:00,MTR-MAI-05,371.6,Central Quad,Main Library,350,37.773765,-122.423075,4000.0,Study / Library,False,Normal
2026-09-17 17:00:00,MTR-MAI-05,452.77,Central Quad,Main Library,350,37.773765,-122.423075,4000.0,Study / Library,False,Normal
2026-09-17 18:00:00,MTR-MAI-05,449.72,Central Quad,Main Library,350,37.773765,-122.423075,4000.0,Study / Library,False,Normal
2026-09-17 19:00:00,MTR-MAI-05,375.29,Central Quad,Main Library,350,37.773765,-122.423075,4000.0,Study / Library,False,Normal
2026-09-17 20:00:00,MTR-MAI-05,386.48,Central Quad,Main Library,350,37.773765,-122.423075,4000.0,Study / Library,False,Normal
2026-09-17 21:00:00,MTR-MAI-05,264.47,Central Quad,Main Library,350,37.773765,-122.423075,4000.0,Study / Library,False,Normal
2026-09-17 22:00:00,MTR-MAI-05,181.02,Central Quad,Main Library,350,37.773765,-122.423075,4000.0,Study / Library,False,Normal
2026-09-17 23:00:00,MTR-MAI-05,69.91,Central Quad,Main Library,350,37.773765,-122.423075,4000.0,Study / Library,False,Normal
2026-09-18 00:00:00,MTR-MAI-05,29.21,Central Quad,Main Library,350,37.773765,-122.423075,4000.0,Study / Library,False,Normal
2026-09-18 01:00:00,MTR-MAI-05,53.74,Central Quad,Main Library,350,37.773765,-122.423075,4000.0,Study / Library,False,Normal
2026-09-18 02:00:00,MTR-MAI-05,23.93,Central Quad,Main Library,350,37.773765,-122.423075,4000.0,Study / Library,False,Normal
2026-09-18 03:00:00,MTR-MAI-05,61.29,Central Quad,Main Library,350,37.773765,-122.423075,4000.0,Study / Library,False,Normal
2026-09-18 04:00:00,MTR-MAI-05,25.95,Central Quad,Main Library,350,37.773765,-122.423075,4000.0,Study / Library,False,Normal
2026-09-18 05:00:00,MTR-MAI-05,55.73,Central Quad,Main Library,350,37.773765,-122.423075,4000.0,Study / Library,False,Normal
2026-09-18 06:00:00,MTR-MAI-05,180.48,Central Quad,Main Library,350,37.773765,-122.423075,4000.0,Study / Library,False,Normal
2026-09-18 07:00:00,MTR-MAI-05,450.15,Central Quad,Main Library,350,37.773765,-122.423075,4000.0,Study / Library,False,Normal
2026-09-18 08:00:00,MTR-MAI-05,567.04,Central Quad,Main Library,350,37.773765,-122.423075,4000.0,Study / Library,False,Normal
2026-09-18 09:00:00,MTR-MAI-05,414.35,Central Quad,Main Library,350,37.773765,-122.423075,4000.0,Study / Library,False,Normal
2026-09-18 10:00:00,MTR-MAI-05,407.74,Central Quad,Main Library,350,37.773765,-122.423075,4000.0,Study / Library,False,Normal
2026-09-18 11:00:00,MTR-MAI-05,449.82,Central Quad,Main Library,350,37.773765,-122.423075,4000.0,Study / Library,False,Normal
2026-09-18 12:00:00,MTR-MAI-05,472.2,Central Quad,Main Library,350,37.773765,-122.423075,4000.0,Study / Library,False,Normal
2026-09-18 13:00:00,MTR-MAI-05,392.13,Central Quad,Main Library,350,37.773765,-122.423075,4000.0,Study / Library,False,Normal
2026-09-18 14:00:00,MTR-MAI-05,385.03,Central Quad,Main Library,350,37.773765,-122.423075,4000.0,Study / Library,False,Normal
2026-09-18 15:00:00,MTR-MAI-05,367.77,Central Quad,Main Library,350,37.773765,-122.423075,4000.0,Study / Library,False,Normal
2026-09-18 16:00:00,MTR-MAI-05,388.56,Central Quad,Main Library,350,37.773765,-122.423075,4000.0,Study / Library,False,Normal
2026-09-18 17:00:00,MTR-MAI-05,23.22,Central Quad,Main Library,350,37.773765,-122.423075,4000.0,Study / Library,True,Sudden Drop
2026-09-18 18:00:00,MTR-MAI-05,469.26,Central Quad,Main Library,350,37.773765,-122.423075,4000.0,Study / Library,False,Normal
2026-09-18 19:00:00,MTR-MAI-05,419.78,Central Quad,Main Library,350,37.773765,-122.423075,4000.0,Study / Library,False,Normal
2026-09-18 20:00:00,MTR-MAI-05,396.53,Central Quad,Main Library,350,37.773765,-122.423075,4000.0,Study / Library,False,Normal
2026-09-18 21:00:00,MTR-MAI-05,364.8,Central Quad,Main Library,350,37.773765,-122.423075,4000.0,Study / Library,False,Normal
2026-09-18 22:00:00,MTR-MAI-05,540.67,Central Quad,Main Library,350,37.773765,-122.423075,4000.0,Study / Library,True,Gradual Increase
2026-09-18 23:00:00,MTR-MAI-05,36.81,Central Quad,Main Library,350,37.773765,-122.423075,4000.0,Study / Library,False,Normal
2026-09-19 00:00:00,MTR-MAI-05,23.36,Central Quad,Main Library,350,37.773765,-122.423075,4000.0,Study / Library,False,Normal
2026-09-19 01:00:00,MTR-MAI-05,5.0,Central Quad,Main Library,350,37.773765,-122.423075,4000.0,Study / Library,False,Normal
2026-09-19 02:00:00,MTR-MAI-05,8.4,Central Quad,Main Library,350,37.773765,-122.423075,4000.0,Study / Library,False,Normal
2026-09-19 03:00:00,MTR-MAI-05,5.0,Central Quad,Main Library,350,37.773765,-122.423075,4000.0,Study / Library,False,Normal
2026-09-19 04:00:00,MTR-MAI-05,24.19,Central Quad,Main Library,350,37.773765,-122.423075,4000.0,Study / Library,False,Normal
2026-09-19 05:00:00,MTR-MAI-05,6.78,Central Quad,Main Library,350,37.773765,-122.423075,4000.0,Study / Library,False,Normal
2026-09-19 06:00:00,MTR-MAI-05,16.74,Central Quad,Main Library,350,37.773765,-122.423075,4000.0,Study / Library,False,Normal
2026-09-19 07:00:00,MTR-MAI-05,177.57,Central Quad,Main Library,350,37.773765,-122.423075,4000.0,Study / Library,False,Normal
2026-09-19 08:00:00,MTR-MAI-05,208.16,Central Quad,Main Library,350,37.773765,-122.423075,4000.0,Study / Library,False,Normal
2026-09-19 09:00:00,MTR-MAI-05,110.38,Central Quad,Main Library,350,37.773765,-122.423075,4000.0,Study / Library,False,Normal
2026-09-19 10:00:00,MTR-MAI-05,112.99,Central Quad,Main Library,350,37.773765,-122.423075,4000.0,Study / Library,False,Normal
2026-09-19 11:00:00,MTR-MAI-05,214.32,Central Quad,Main Library,350,37.773765,-122.423075,4000.0,Study / Library,False,Normal
2026-09-19 12:00:00,MTR-MAI-05,154.65,Central Quad,Main Library,350,37.773765,-122.423075,4000.0,Study / Library,False,Normal
2026-09-19 13:00:00,MTR-MAI-05,170.42,Central Quad,Main Library,350,37.773765,-122.423075,4000.0,Study / Library,False,Normal
2026-09-19 14:00:00,MTR-MAI-05,133.7,Central Quad,Main Library,350,37.773765,-122.423075,4000.0,Study / Library,False,Normal
2026-09-19 15:00:00,MTR-MAI-05,158.72,Central Quad,Main Library,350,37.773765,-122.423075,4000.0,Study / Library,False,Normal
2026-09-19 16:00:00,MTR-MAI-05,132.04,Central Quad,Main Library,350,37.773765,-122.423075,4000.0,Study / Library,False,Normal
2026-09-19 17:00:00,MTR-MAI-05,158.67,Central Quad,Main Library,350,37.773765,-122.423075,4000.0,Study / Library,False,Normal
2026-09-19 18:00:00,MTR-MAI-05,227.6,Central Quad,Main Library,350,37.773765,-122.423075,4000.0,Study / Library,False,Normal
2026-09-19 19:00:00,MTR-MAI-05,160.32,Central Quad,Main Library,350,37.773765,-122.423075,4000.0,Study / Library,False,Normal
2026-09-19 20:00:00,MTR-MAI-05,98.51,Central Quad,Main Library,350,37.773765,-122.423075,4000.0,Study / Library,False,Normal
2026-09-19 21:00:00,MTR-MAI-05,98.31,Central Quad,Main Library,350,37.773765,-122.423075,4000.0,Study / Library,False,Normal
2026-09-19 22:00:00,MTR-MAI-05,88.48,Central Quad,Main Library,350,37.773765,-122.423075,4000.0,Study / Library,False,Normal
2026-09-19 23:00:00,MTR-MAI-05,5.0,Central Quad,Main Library,350,37.773765,-122.423075,4000.0,Study / Library,False,Normal
2026-09-20 00:00:00,MTR-MAI-05,50.73,Central Quad,Main Library,350,37.773765,-122.423075,4000.0,Study / Library,False,Normal
2026-09-20 01:00:00,MTR-MAI-05,5.0,Central Quad,Main Library,350,37.773765,-122.423075,4000.0,Study / Library,False,Normal
2026-09-20 02:00:00,MTR-MAI-05,86.62,Central Quad,Main Library,350,37.773765,-122.423075,4000.0,Study / Library,False,Normal
2026-09-20 03:00:00,MTR-MAI-05,17.19,Central Quad,Main Library,350,37.773765,-122.423075,4000.0,Study / Library,False,Normal
2026-09-20 04:00:00,MTR-MAI-05,7.97,Central Quad,Main Library,350,37.773765,-122.423075,4000.0,Study / Library,False,Normal
2026-09-20 05:00:00,MTR-MAI-05,5.0,Central Quad,Main Library,350,37.773765,-122.423075,4000.0,Study / Library,False,Normal
2026-09-20 06:00:00,MTR-MAI-05,112.95,Central Quad,Main Library,350,37.773765,-122.423075,4000.0,Study / Library,False,Normal
2026-09-20 07:00:00,MTR-MAI-05,194.91,Central Quad,Main Library,350,37.773765,-122.423075,4000.0,Study / Library,False,Normal
2026-09-20 08:00:00,MTR-MAI-05,169.55,Central Quad,Main Library,350,37.773765,-122.423075,4000.0,Study / Library,False,Normal
2026-09-20 09:00:00,MTR-MAI-05,5.67,Central Quad,Main Library,350,37.773765,-122.423075,4000.0,Study / Library,True,Sudden Drop
2026-09-20 10:00:00,MTR-MAI-05,153.4,Central Quad,Main Library,350,37.773765,-122.423075,4000.0,Study / Library,False,Normal
2026-09-20 11:00:00,MTR-MAI-05,187.89,Central Quad,Main Library,350,37.773765,-122.423075,4000.0,Study / Library,False,Normal
2026-09-20 12:00:00,MTR-MAI-05,172.85,Central Quad,Main Library,350,37.773765,-122.423075,4000.0,Study / Library,False,Normal
2026-09-20 13:00:00,MTR-MAI-05,169.47,Central Quad,Main Library,350,37.773765,-122.423075,4000.0,Study / Library,False,Normal
2026-09-20 14:00:00,MTR-MAI-05,148.81,Central Quad,Main Library,350,37.773765,-122.423075,4000.0,Study / Library,False,Normal
2026-09-20 15:00:00,MTR-MAI-05,152.04,Central Quad,Main Library,350,37.773765,-122.423075,4000.0,Study / Library,False,Normal
2026-09-20 16:00:00,MTR-MAI-05,110.43,Central Quad,Main Library,350,37.773765,-122.423075,4000.0,Study / Library,False,Normal
2026-09-20 17:00:00,MTR-MAI-05,94.74,Central Quad,Main Library,350,37.773765,-122.423075,4000.0,Study / Library,False,Normal
2026-09-20 18:00:00,MTR-MAI-05,177.54,Central Quad,Main Library,350,37.773765,-122.423075,4000.0,Study / Library,False,Normal
2026-09-20 19:00:00,MTR-MAI-05,97.82,Central Quad,Main Library,350,37.773765,-122.423075,4000.0,Study / Library,False,Normal
2026-09-20 20:00:00,MTR-MAI-05,117.94,Central Quad,Main Library,350,37.773765,-122.423075,4000.0,Study / Library,False,Normal
2026-09-20 21:00:00,MTR-MAI-05,41.71,Central Quad,Main Library,350,37.773765,-122.423075,4000.0,Study / Library,False,Normal
2026-09-20 22:00:00,MTR-MAI-05,95.7,Central Quad,Main Library,350,37.773765,-122.423075,4000.0,Study / Library,False,Normal
2026-09-20 23:00:00,MTR-MAI-05,56.69,Central Quad,Main Library,350,37.773765,-122.423075,4000.0,Study / Library,False,Normal
2026-09-21 00:00:00,MTR-MAI-05,61.86,Central Quad,Main Library,350,37.773765,-122.423075,4000.0,Study / Library,False,Normal
2026-09-21 01:00:00,MTR-MAI-05,11.28,Central Quad,Main Library,350,37.773765,-122.423075,4000.0,Study / Library,False,Normal
2026-09-21 02:00:00,MTR-MAI-05,5.0,Central Quad,Main Library,350,37.773765,-122.423075,4000.0,Study / Library,False,Normal
2026-09-21 03:00:00,MTR-MAI-05,5.0,Central Quad,Main Library,350,37.773765,-122.423075,4000.0,Study / Library,False,Normal
2026-09-21 04:00:00,MTR-MAI-05,26.32,Central Quad,Main Library,350,37.773765,-122.423075,4000.0,Study / Library,False,Normal
2026-09-21 05:00:00,MTR-MAI-05,106.21,Central Quad,Main Library,350,37.773765,-122.423075,4000.0,Study / Library,False,Normal
2026-09-21 06:00:00,MTR-MAI-05,181.63,Central Quad,Main Library,350,37.773765,-122.423075,4000.0,Study / Library,False,Normal
2026-09-21 07:00:00,MTR-MAI-05,482.97,Central Quad,Main Library,350,37.773765,-122.423075,4000.0,Study / Library,False,Normal
2026-09-21 08:00:00,MTR-MAI-05,536.53,Central Quad,Main Library,350,37.773765,-122.423075,4000.0,Study / Library,False,Normal
2026-09-21 09:00:00,MTR-MAI-05,453.23,Central Quad,Main Library,350,37.773765,-122.423075,4000.0,Study / Library,False,Normal
2026-09-21 10:00:00,MTR-MAI-05,345.74,Central Quad,Main Library,350,37.773765,-122.423075,4000.0,Study / Library,False,Normal
2026-09-21 11:00:00,MTR-MAI-05,430.53,Central Quad,Main Library,350,37.773765,-122.423075,4000.0,Study / Library,False,Normal
2026-09-21 12:00:00,MTR-MAI-05,517.18,Central Quad,Main Library,350,37.773765,-122.423075,4000.0,Study / Library,False,Normal
2026-09-21 13:00:00,MTR-MAI-05,458.55,Central Quad,Main Library,350,37.773765,-122.423075,4000.0,Study / Library,False,Normal
2026-09-21 14:00:00,MTR-MAI-05,20.71,Central Quad,Main Library,350,37.773765,-122.423075,4000.0,Study / Library,True,Sudden Drop
2026-09-21 15:00:00,MTR-MAI-05,373.07,Central Quad,Main Library,350,37.773765,-122.423075,4000.0,Study / Library,False,Normal
2026-09-21 16:00:00,MTR-MAI-05,350.08,Central Quad,Main Library,350,37.773765,-122.423075,4000.0,Study / Library,False,Normal
2026-09-21 17:00:00,MTR-MAI-05,478.55,Central Quad,Main Library,350,37.773765,-122.423075,4000.0,Study / Library,False,Normal
2026-09-21 18:00:00,MTR-MAI-05,441.1,Central Quad,Main Library,350,37.773765,-122.423075,4000.0,Study / Library,False,Normal
2026-09-21 19:00:00,MTR-MAI-05,423.11,Central Quad,Main Library,350,37.773765,-122.423075,4000.0,Study / Library,False,Normal
2026-09-21 20:00:00,MTR-MAI-05,383.52,Central Quad,Main Library,350,37.773765,-122.423075,4000.0,Study / Library,False,Normal
2026-09-21 21:00:00,MTR-MAI-05,304.23,Central Quad,Main Library,350,37.773765,-122.423075,4000.0,Study / Library,False,Normal
2026-09-21 22:00:00,MTR-MAI-05,143.25,Central Quad,Main Library,350,37.773765,-122.423075,4000.0,Study / Library,False,Normal
2026-09-21 23:00:00,MTR-MAI-05,117.29,Central Quad,Main Library,350,37.773765,-122.423075,4000.0,Study / Library,False,Normal
2026-09-22 00:00:00,MTR-MAI-05,52.81,Central Quad,Main Library,350,37.773765,-122.423075,4000.0,Study / Library,False,Normal
2026-09-22 01:00:00,MTR-MAI-05,11.99,Central Quad,Main Library,350,37.773765,-122.423075,4000.0,Study / Library,False,Normal
2026-09-22 02:00:00,MTR-MAI-05,5.0,Central Quad,Main Library,350,37.773765,-122.423075,4000.0,Study / Library,False,Normal
2026-09-22 03:00:00,MTR-MAI-05,53.98,Central Quad,Main Library,350,37.773765,-122.423075,4000.0,Study / Library,False,Normal
2026-09-22 04:00:00,MTR-MAI-05,71.37,Central Quad,Main Library,350,37.773765,-122.423075,4000.0,Study / Library,False,Normal
2026-09-22 05:00:00,MTR-MAI-05,102.26,Central Quad,Main Library,350,37.773765,-122.423075,4000.0,Study / Library,False,Normal
2026-09-22 06:00:00,MTR-MAI-05,188.37,Central Quad,Main Library,350,37.773765,-122.423075,4000.0,Study / Library,True,Normal
2026-09-22 07:00:00,MTR-MAI-05,475.21,Central Quad,Main Library,350,37.773765,-122.423075,4000.0,Study / Library,False,Normal
2026-09-22 08:00:00,MTR-MAI-05,523.38,Central Quad,Main Library,350,37.773765,-122.423075,4000.0,Study / Library,False,Normal
2026-09-22 09:00:00,MTR-MAI-05,421.5,Central Quad,Main Library,350,37.773765,-122.423075,4000.0,Study / Library,False,Normal
2026-09-22 10:00:00,MTR-MAI-05,384.74,Central Quad,Main Library,350,37.773765,-122.423075,4000.0,Study / Library,False,Normal
2026-09-22 11:00:00,MTR-MAI-05,433.52,Central Quad,Main Library,350,37.773765,-122.423075,4000.0,Study / Library,False,Normal
2026-09-22 12:00:00,MTR-MAI-05,491.0,Central Quad,Main Library,350,37.773765,-122.423075,4000.0,Study / Library,False,Normal
2026-09-22 13:00:00,MTR-MAI-05,406.57,Central Quad,Main Library,350,37.773765,-122.423075,4000.0,Study / Library,False,Normal
2026-09-22 14:00:00,MTR-MAI-05,347.83,Central Quad,Main Library,350,37.773765,-122.423075,4000.0,Study / Library,False,Normal
2026-09-22 15:00:00,MTR-MAI-05,383.61,Central Quad,Main Library,350,37.773765,-122.423075,4000.0,Study / Library,False,Normal
2026-09-22 16:00:00,MTR-MAI-05,440.35,Central Quad,Main Library,350,37.773765,-122.423075,4000.0,Study / Library,False,Normal
2026-09-22 17:00:00,MTR-MAI-05,484.06,Central Quad,Main Library,350,37.773765,-122.423075,4000.0,Study / Library,False,Normal
2026-09-22 18:00:00,MTR-MAI-05,492.81,Central Quad,Main Library,350,37.773765,-122.423075,4000.0,Study / Library,False,Normal
2026-09-22 19:00:00,MTR-MAI-05,433.08,Central Quad,Main Library,350,37.773765,-122.423075,4000.0,Study / Library,False,Normal
2026-09-22 20:00:00,MTR-MAI-05,388.97,Central Quad,Main Library,350,37.773765,-122.423075,4000.0,Study / Library,False,Normal
2026-09-22 21:00:00,MTR-MAI-05,240.98,Central Quad,Main Library,350,37.773765,-122.423075,4000.0,Study / Library,False,Normal
2026-09-22 22:00:00,MTR-MAI-05,187.55,Central Quad,Main Library,350,37.773765,-122.423075,4000.0,Study / Library,False,Normal
2026-09-22 23:00:00,MTR-MAI-05,78.68,Central Quad,Main Library,350,37.773765,-122.423075,4000.0,Study / Library,False,Normal
2026-09-23 00:00:00,MTR-MAI-05,50.75,Central Quad,Main Library,350,37.773765,-122.423075,4000.0,Study / Library,False,Normal
2026-09-23 01:00:00,MTR-MAI-05,48.34,Central Quad,Main Library,350,37.773765,-122.423075,4000.0,Study / Library,False,Normal
2026-09-23 02:00:00,MTR-MAI-05,5.0,Central Quad,Main Library,350,37.773765,-122.423075,4000.0,Study / Library,False,Normal
2026-09-23 03:00:00,MTR-MAI-05,11.38,Central Quad,Main Library,350,37.773765,-122.423075,4000.0,Study / Library,False,Normal
2026-09-23 04:00:00,MTR-MAI-05,79.46,Central Quad,Main Library,350,37.773765,-122.423075,4000.0,Study / Library,False,Normal
2026-09-23 05:00:00,MTR-MAI-05,77.02,Central Quad,Main Library,350,37.773765,-122.423075,4000.0,Study / Library,False,Normal
2026-09-23 06:00:00,MTR-MAI-05,159.31,Central Quad,Main Library,350,37.773765,-122.423075,4000.0,Study / Library,False,Normal
2026-09-23 07:00:00,MTR-MAI-05,484.12,Central Quad,Main Library,350,37.773765,-122.423075,4000.0,Study / Library,False,Normal
2026-09-23 08:00:00,MTR-MAI-05,558.62,Central Quad,Main Library,350,37.773765,-122.423075,4000.0,Study / Library,False,Normal
2026-09-23 09:00:00,MTR-MAI-05,399.26,Central Quad,Main Library,350,37.773765,-122.423075,4000.0,Study / Library,False,Normal
2026-09-23 10:00:00,MTR-MAI-05,428.31,Central Quad,Main Library,350,37.773765,-122.423075,4000.0,Study / Library,False,Normal
2026-09-23 11:00:00,MTR-MAI-05,492.47,Central Quad,Main Library,350,37.773765,-122.423075,4000.0,Study / Library,False,Normal
2026-09-23 12:00:00,MTR-MAI-05,530.85,Central Quad,Main Library,350,37.773765,-122.423075,4000.0,Study / Library,False,Normal
2026-09-23 13:00:00,MTR-MAI-05,413.88,Central Quad,Main Library,350,37.773765,-122.423075,4000.0,Study / Library,False,Normal
2026-09-23 14:00:00,MTR-MAI-05,412.51,Central Quad,Main Library,350,37.773765,-122.423075,4000.0,Study / Library,False,Normal
2026-09-23 15:00:00,MTR-MAI-05,398.18,Central Quad,Main Library,350,37.773765,-122.423075,4000.0,Study / Library,False,Normal
2026-09-23 16:00:00,MTR-MAI-05,369.25,Central Quad,Main Library,350,37.773765,-122.423075,4000.0,Study / Library,False,Normal
2026-09-23 17:00:00,MTR-MAI-05,491.15,Central Quad,Main Library,350,37.773765,-122.423075,4000.0,Study / Library,False,Normal
2026-09-23 18:00:00,MTR-MAI-05,489.97,Central Quad,Main Library,350,37.773765,-122.423075,4000.0,Study / Library,False,Normal
2026-09-23 19:00:00,MTR-MAI-05,436.74,Central Quad,Main Library,350,37.773765,-122.423075,4000.0,Study / Library,False,Normal
2026-09-23 20:00:00,MTR-MAI-05,316.95,Central Quad,Main Library,350,37.773765,-122.423075,4000.0,Study / Library,False,Normal
2026-09-23 21:00:00,MTR-MAI-05,241.6,Central Quad,Main Library,350,37.773765,-122.423075,4000.0,Study / Library,False,Normal
2026-09-23 22:00:00,MTR-MAI-05,177.4,Central Quad,Main Library,350,37.773765,-122.423075,4000.0,Study / Library,False,Normal
2026-09-23 23:00:00,MTR-MAI-05,83.68,Central Quad,Main Library,350,37.773765,-122.423075,4000.0,Study / Library,False,Normal
2026-09-24 00:00:00,MTR-MAI-05,48.58,Central Quad,Main Library,350,37.773765,-122.423075,4000.0,Study / Library,False,Normal
2026-09-24 01:00:00,MTR-MAI-05,28.14,Central Quad,Main Library,350,37.773765,-122.423075,4000.0,Study / Library,False,Normal
2026-09-24 02:00:00,MTR-MAI-05,5.0,Central Quad,Main Library,350,37.773765,-122.423075,4000.0,Study / Library,False,Normal
2026-09-24 03:00:00,MTR-MAI-05,322.98,Central Quad,Main Library,350,37.773765,-122.423075,4000.0,Study / Library,True,Gradual Increase
2026-09-24 04:00:00,MTR-MAI-05,16.56,Central Quad,Main Library,350,37.773765,-122.423075,4000.0,Study / Library,False,Normal
2026-09-24 05:00:00,MTR-MAI-05,84.24,Central Quad,Main Library,350,37.773765,-122.423075,4000.0,Study / Library,False,Normal
2026-09-24 06:00:00,MTR-MAI-05,213.86,Central Quad,Main Library,350,37.773765,-122.423075,4000.0,Study / Library,False,Normal
2026-09-24 07:00:00,MTR-MAI-05,1466.99,Central Quad,Main Library,350,37.773765,-122.423075,4000.0,Study / Library,True,Sudden Spike
2026-09-24 08:00:00,MTR-MAI-05,544.88,Central Quad,Main Library,350,37.773765,-122.423075,4000.0,Study / Library,False,Normal
2026-09-24 09:00:00,MTR-MAI-05,400.15,Central Quad,Main Library,350,37.773765,-122.423075,4000.0,Study / Library,False,Normal
2026-09-24 10:00:00,MTR-MAI-05,439.94,Central Quad,Main Library,350,37.773765,-122.423075,4000.0,Study / Library,False,Normal
2026-09-24 11:00:00,MTR-MAI-05,452.09,Central Quad,Main Library,350,37.773765,-122.423075,4000.0,Study / Library,False,Normal
2026-09-24 12:00:00,MTR-MAI-05,487.23,Central Quad,Main Library,350,37.773765,-122.423075,4000.0,Study / Library,False,Normal
2026-09-24 13:00:00,MTR-MAI-05,408.63,Central Quad,Main Library,350,37.773765,-122.423075,4000.0,Study / Library,False,Normal
2026-09-24 14:00:00,MTR-MAI-05,361.37,Central Quad,Main Library,350,37.773765,-122.423075,4000.0,Study / Library,False,Normal
2026-09-24 15:00:00,MTR-MAI-05,358.67,Central Quad,Main Library,350,37.773765,-122.423075,4000.0,Study / Library,False,Normal
2026-09-24 16:00:00,MTR-MAI-05,366.86,Central Quad,Main Library,350,37.773765,-122.423075,4000.0,Study / Library,False,Normal
2026-09-24 17:00:00,MTR-MAI-05,519.67,Central Quad,Main Library,350,37.773765,-122.423075,4000.0,Study / Library,False,Normal
2026-09-24 18:00:00,MTR-MAI-05,470.7,Central Quad,Main Library,350,37.773765,-122.423075,4000.0,Study / Library,False,Normal
2026-09-24 19:00:00,MTR-MAI-05,457.44,Central Quad,Main Library,350,37.773765,-122.423075,4000.0,Study / Library,False,Normal
2026-09-03 20:00:00,MTR-DIN-06,478.2,Central Quad,Dining Commons & Plaza,920,37.773567,-122.422592,9500.0,Food Services,False,Normal
2026-09-03 21:00:00,MTR-DIN-06,345.73,Central Quad,Dining Commons & Plaza,920,37.773567,-122.422592,9500.0,Food Services,False,Normal
2026-09-03 22:00:00,MTR-DIN-06,217.39,Central Quad,Dining Commons & Plaza,920,37.773567,-122.422592,9500.0,Food Services,False,Normal
2026-09-03 23:00:00,MTR-DIN-06,154.86,Central Quad,Dining Commons & Plaza,920,37.773567,-122.422592,9500.0,Food Services,False,Normal
2026-09-04 00:00:00,MTR-DIN-06,50.76,Central Quad,Dining Commons & Plaza,920,37.773567,-122.422592,9500.0,Food Services,False,Normal
2026-09-04 01:00:00,MTR-DIN-06,6.1,Central Quad,Dining Commons & Plaza,920,37.773567,-122.422592,9500.0,Food Services,False,Normal
2026-09-04 02:00:00,MTR-DIN-06,55.44,Central Quad,Dining Commons & Plaza,920,37.773567,-122.422592,9500.0,Food Services,False,Normal
2026-09-04 03:00:00,MTR-DIN-06,5.0,Central Quad,Dining Commons & Plaza,920,37.773567,-122.422592,9500.0,Food Services,False,Normal
2026-09-04 04:00:00,MTR-DIN-06,43.84,Central Quad,Dining Commons & Plaza,920,37.773567,-122.422592,9500.0,Food Services,False,Normal
2026-09-04 05:00:00,MTR-DIN-06,158.38,Central Quad,Dining Commons & Plaza,920,37.773567,-122.422592,9500.0,Food Services,False,Normal
2026-09-04 06:00:00,MTR-DIN-06,238.81,Central Quad,Dining Commons & Plaza,920,37.773567,-122.422592,9500.0,Food Services,False,Normal
2026-09-04 07:00:00,MTR-DIN-06,638.8,Central Quad,Dining Commons & Plaza,920,37.773567,-122.422592,9500.0,Food Services,False,Normal
2026-09-04 08:00:00,MTR-DIN-06,633.25,Central Quad,Dining Commons & Plaza,920,37.773567,-122.422592,9500.0,Food Services,False,Normal
2026-09-04 09:00:00,MTR-DIN-06,883.82,Central Quad,Dining Commons & Plaza,920,37.773567,-122.422592,9500.0,Food Services,True,Gradual Increase
2026-09-04 10:00:00,MTR-DIN-06,540.13,Central Quad,Dining Commons & Plaza,920,37.773567,-122.422592,9500.0,Food Services,False,Normal
2026-09-04 11:00:00,MTR-DIN-06,552.68,Central Quad,Dining Commons & Plaza,920,37.773567,-122.422592,9500.0,Food Services,False,Normal
2026-09-04 12:00:00,MTR-DIN-06,701.72,Central Quad,Dining Commons & Plaza,920,37.773567,-122.422592,9500.0,Food Services,False,Normal
2026-09-04 13:00:00,MTR-DIN-06,1326.46,Central Quad,Dining Commons & Plaza,920,37.773567,-122.422592,9500.0,Food Services,True,Persistent High Usage
2026-09-04 14:00:00,MTR-DIN-06,1341.11,Central Quad,Dining Commons & Plaza,920,37.773567,-122.422592,9500.0,Food Services,True,Persistent High Usage
2026-09-04 15:00:00,MTR-DIN-06,1175.83,Central Quad,Dining Commons & Plaza,920,37.773567,-122.422592,9500.0,Food Services,True,Persistent High Usage
2026-09-04 16:00:00,MTR-DIN-06,1321.83,Central Quad,Dining Commons & Plaza,920,37.773567,-122.422592,9500.0,Food Services,True,Persistent High Usage
2026-09-04 17:00:00,MTR-DIN-06,1408.28,Central Quad,Dining Commons & Plaza,920,37.773567,-122.422592,9500.0,Food Services,True,Persistent High Usage
2026-09-04 18:00:00,MTR-DIN-06,1418.22,Central Quad,Dining Commons & Plaza,920,37.773567,-122.422592,9500.0,Food Services,True,Persistent High Usage
2026-09-04 19:00:00,MTR-DIN-06,1429.16,Central Quad,Dining Commons & Plaza,920,37.773567,-122.422592,9500.0,Food Services,True,Persistent High Usage
2026-09-04 20:00:00,MTR-DIN-06,438.87,Central Quad,Dining Commons & Plaza,920,37.773567,-122.422592,9500.0,Food Services,False,Normal
2026-09-04 21:00:00,MTR-DIN-06,408.71,Central Quad,Dining Commons & Plaza,920,37.773567,-122.422592,9500.0,Food Services,False,Normal
2026-09-04 22:00:00,MTR-DIN-06,200.21,Central Quad,Dining Commons & Plaza,920,37.773567,-122.422592,9500.0,Food Services,False,Normal
2026-09-04 23:00:00,MTR-DIN-06,85.78,Central Quad,Dining Commons & Plaza,920,37.773567,-122.422592,9500.0,Food Services,False,Normal
2026-09-05 00:00:00,MTR-DIN-06,5.0,Central Quad,Dining Commons & Plaza,920,37.773567,-122.422592,9500.0,Food Services,False,Normal
2026-09-05 01:00:00,MTR-DIN-06,5.0,Central Quad,Dining Commons & Plaza,920,37.773567,-122.422592,9500.0,Food Services,False,Normal
2026-09-05 02:00:00,MTR-DIN-06,5.0,Central Quad,Dining Commons & Plaza,920,37.773567,-122.422592,9500.0,Food Services,False,Normal
2026-09-05 03:00:00,MTR-DIN-06,5.0,Central Quad,Dining Commons & Plaza,920,37.773567,-122.422592,9500.0,Food Services,False,Normal
2026-09-05 04:00:00,MTR-DIN-06,5.0,Central Quad,Dining Commons & Plaza,920,37.773567,-122.422592,9500.0,Food Services,False,Normal
2026-09-05 05:00:00,MTR-DIN-06,5.0,Central Quad,Dining Commons & Plaza,920,37.773567,-122.422592,9500.0,Food Services,False,Normal
2026-09-05 06:00:00,MTR-DIN-06,78.2,Central Quad,Dining Commons & Plaza,920,37.773567,-122.422592,9500.0,Food Services,False,Normal
2026-09-05 07:00:00,MTR-DIN-06,261.63,Central Quad,Dining Commons & Plaza,920,37.773567,-122.422592,9500.0,Food Services,False,Normal
2026-09-05 08:00:00,MTR-DIN-06,185.4,Central Quad,Dining Commons & Plaza,920,37.773567,-122.422592,9500.0,Food Services,False,Normal
2026-09-05 09:00:00,MTR-DIN-06,194.88,Central Quad,Dining Commons & Plaza,920,37.773567,-122.422592,9500.0,Food Services,False,Normal
2026-09-05 10:00:00,MTR-DIN-06,171.52,Central Quad,Dining Commons & Plaza,920,37.773567,-122.422592,9500.0,Food Services,False,Normal
2026-09-05 11:00:00,MTR-DIN-06,226.44,Central Quad,Dining Commons & Plaza,920,37.773567,-122.422592,9500.0,Food Services,False,Normal
2026-09-05 12:00:00,MTR-DIN-06,252.73,Central Quad,Dining Commons & Plaza,920,37.773567,-122.422592,9500.0,Food Services,False,Normal
2026-09-05 13:00:00,MTR-DIN-06,265.56,Central Quad,Dining Commons & Plaza,920,37.773567,-122.422592,9500.0,Food Services,False,Normal
2026-09-05 14:00:00,MTR-DIN-06,181.41,Central Quad,Dining Commons & Plaza,920,37.773567,-122.422592,9500.0,Food Services,False,Normal
2026-09-05 15:00:00,MTR-DIN-06,135.97,Central Quad,Dining Commons & Plaza,920,37.773567,-122.422592,9500.0,Food Services,False,Normal
2026-09-05 16:00:00,MTR-DIN-06,160.15,Central Quad,Dining Commons & Plaza,920,37.773567,-122.422592,9500.0,Food Services,False,Normal
2026-09-05 17:00:00,MTR-DIN-06,194.91,Central Quad,Dining Commons & Plaza,920,37.773567,-122.422592,9500.0,Food Services,False,Normal
2026-09-05 18:00:00,MTR-DIN-06,196.64,Central Quad,Dining Commons & Plaza,920,37.773567,-122.422592,9500.0,Food Services,False,Normal
2026-09-05 19:00:00,MTR-DIN-06,255.85,Central Quad,Dining Commons & Plaza,920,37.773567,-122.422592,9500.0,Food Services,False,Normal
2026-09-05 20:00:00,MTR-DIN-06,188.14,Central Quad,Dining Commons & Plaza,920,37.773567,-122.422592,9500.0,Food Services,False,Normal
2026-09-05 21:00:00,MTR-DIN-06,74.86,Central Quad,Dining Commons & Plaza,920,37.773567,-122.422592,9500.0,Food Services,False,Normal
2026-09-05 22:00:00,MTR-DIN-06,95.67,Central Quad,Dining Commons & Plaza,920,37.773567,-122.422592,9500.0,Food Services,False,Normal
2026-09-05 23:00:00,MTR-DIN-06,5.0,Central Quad,Dining Commons & Plaza,920,37.773567,-122.422592,9500.0,Food Services,False,Normal
2026-09-06 00:00:00,MTR-DIN-06,48.38,Central Quad,Dining Commons & Plaza,920,37.773567,-122.422592,9500.0,Food Services,False,Normal
2026-09-06 01:00:00,MTR-DIN-06,55.35,Central Quad,Dining Commons & Plaza,920,37.773567,-122.422592,9500.0,Food Services,False,Normal
2026-09-06 02:00:00,MTR-DIN-06,5.0,Central Quad,Dining Commons & Plaza,920,37.773567,-122.422592,9500.0,Food Services,False,Normal
2026-09-06 03:00:00,MTR-DIN-06,5.0,Central Quad,Dining Commons & Plaza,920,37.773567,-122.422592,9500.0,Food Services,False,Normal
2026-09-06 04:00:00,MTR-DIN-06,71.58,Central Quad,Dining Commons & Plaza,920,37.773567,-122.422592,9500.0,Food Services,False,Normal
2026-09-06 05:00:00,MTR-DIN-06,14.14,Central Quad,Dining Commons & Plaza,920,37.773567,-122.422592,9500.0,Food Services,False,Normal
2026-09-06 06:00:00,MTR-DIN-06,57.74,Central Quad,Dining Commons & Plaza,920,37.773567,-122.422592,9500.0,Food Services,False,Normal
2026-09-06 07:00:00,MTR-DIN-06,177.74,Central Quad,Dining Commons & Plaza,920,37.773567,-122.422592,9500.0,Food Services,False,Normal
2026-09-06 08:00:00,MTR-DIN-06,232.38,Central Quad,Dining Commons & Plaza,920,37.773567,-122.422592,9500.0,Food Services,False,Normal
2026-09-06 09:00:00,MTR-DIN-06,204.84,Central Quad,Dining Commons & Plaza,920,37.773567,-122.422592,9500.0,Food Services,True,Normal
2026-09-06 10:00:00,MTR-DIN-06,190.94,Central Quad,Dining Commons & Plaza,920,37.773567,-122.422592,9500.0,Food Services,False,Normal
2026-09-06 11:00:00,MTR-DIN-06,201.95,Central Quad,Dining Commons & Plaza,920,37.773567,-122.422592,9500.0,Food Services,False,Normal
2026-09-06 12:00:00,MTR-DIN-06,255.79,Central Quad,Dining Commons & Plaza,920,37.773567,-122.422592,9500.0,Food Services,False,Normal
2026-09-06 13:00:00,MTR-DIN-06,197.71,Central Quad,Dining Commons & Plaza,920,37.773567,-122.422592,9500.0,Food Services,False,Normal
2026-09-06 14:00:00,MTR-DIN-06,174.88,Central Quad,Dining Commons & Plaza,920,37.773567,-122.422592,9500.0,Food Services,False,Normal
2026-09-06 15:00:00,MTR-DIN-06,123.92,Central Quad,Dining Commons & Plaza,920,37.773567,-122.422592,9500.0,Food Services,False,Normal
2026-09-06 16:00:00,MTR-DIN-06,223.82,Central Quad,Dining Commons & Plaza,920,37.773567,-122.422592,9500.0,Food Services,False,Normal
2026-09-06 17:00:00,MTR-DIN-06,251.34,Central Quad,Dining Commons & Plaza,920,37.773567,-122.422592,9500.0,Food Services,False,Normal
2026-09-06 18:00:00,MTR-DIN-06,199.93,Central Quad,Dining Commons & Plaza,920,37.773567,-122.422592,9500.0,Food Services,False,Normal
2026-09-06 19:00:00,MTR-DIN-06,217.99,Central Quad,Dining Commons & Plaza,920,37.773567,-122.422592,9500.0,Food Services,False,Normal
2026-09-06 20:00:00,MTR-DIN-06,174.56,Central Quad,Dining Commons & Plaza,920,37.773567,-122.422592,9500.0,Food Services,False,Normal
2026-09-06 21:00:00,MTR-DIN-06,87.19,Central Quad,Dining Commons & Plaza,920,37.773567,-122.422592,9500.0,Food Services,False,Normal
2026-09-06 22:00:00,MTR-DIN-06,54.1,Central Quad,Dining Commons & Plaza,920,37.773567,-122.422592,9500.0,Food Services,False,Normal
2026-09-06 23:00:00,MTR-DIN-06,5.0,Central Quad,Dining Commons & Plaza,920,37.773567,-122.422592,9500.0,Food Services,False,Normal
2026-09-07 00:00:00,MTR-DIN-06,6.19,Central Quad,Dining Commons & Plaza,920,37.773567,-122.422592,9500.0,Food Services,False,Normal
2026-09-07 01:00:00,MTR-DIN-06,852.39,Central Quad,Dining Commons & Plaza,920,37.773567,-122.422592,9500.0,Food Services,True,Persistent High Usage
2026-09-07 02:00:00,MTR-DIN-06,811.9,Central Quad,Dining Commons & Plaza,920,37.773567,-122.422592,9500.0,Food Services,True,Persistent High Usage
2026-09-07 03:00:00,MTR-DIN-06,918.52,Central Quad,Dining Commons & Plaza,920,37.773567,-122.422592,9500.0,Food Services,True,Persistent High Usage
2026-09-07 04:00:00,MTR-DIN-06,832.37,Central Quad,Dining Commons & Plaza,920,37.773567,-122.422592,9500.0,Food Services,True,Persistent High Usage
2026-09-07 05:00:00,MTR-DIN-06,918.9,Central Quad,Dining Commons & Plaza,920,37.773567,-122.422592,9500.0,Food Services,True,Persistent High Usage
2026-09-07 06:00:00,MTR-DIN-06,1054.7,Central Quad,Dining Commons & Plaza,920,37.773567,-122.422592,9500.0,Food Services,True,Persistent High Usage
2026-09-07 07:00:00,MTR-DIN-06,1483.69,Central Quad,Dining Commons & Plaza,920,37.773567,-122.422592,9500.0,Food Services,True,Persistent High Usage
2026-09-07 08:00:00,MTR-DIN-06,1476.16,Central Quad,Dining Commons & Plaza,920,37.773567,-122.422592,9500.0,Food Services,True,Persistent High Usage
2026-09-07 09:00:00,MTR-DIN-06,1424.22,Central Quad,Dining Commons & Plaza,920,37.773567,-122.422592,9500.0,Food Services,True,Persistent High Usage
2026-09-07 10:00:00,MTR-DIN-06,530.11,Central Quad,Dining Commons & Plaza,920,37.773567,-122.422592,9500.0,Food Services,False,Normal
2026-09-07 11:00:00,MTR-DIN-06,548.27,Central Quad,Dining Commons & Plaza,920,37.773567,-122.422592,9500.0,Food Services,False,Normal
2026-09-07 12:00:00,MTR-DIN-06,611.13,Central Quad,Dining Commons & Plaza,920,37.773567,-122.422592,9500.0,Food Services,False,Normal
2026-09-07 13:00:00,MTR-DIN-06,550.76,Central Quad,Dining Commons & Plaza,920,37.773567,-122.422592,9500.0,Food Services,False,Normal
2026-09-07 14:00:00,MTR-DIN-06,500.04,Central Quad,Dining Commons & Plaza,920,37.773567,-122.422592,9500.0,Food Services,False,Normal
2026-09-07 15:00:00,MTR-DIN-06,447.34,Central Quad,Dining Commons & Plaza,920,37.773567,-122.422592,9500.0,Food Services,False,Normal
2026-09-07 16:00:00,MTR-DIN-06,404.36,Central Quad,Dining Commons & Plaza,920,37.773567,-122.422592,9500.0,Food Services,False,Normal
2026-09-07 17:00:00,MTR-DIN-06,609.79,Central Quad,Dining Commons & Plaza,920,37.773567,-122.422592,9500.0,Food Services,False,Normal
2026-09-07 18:00:00,MTR-DIN-06,699.27,Central Quad,Dining Commons & Plaza,920,37.773567,-122.422592,9500.0,Food Services,False,Normal
2026-09-07 19:00:00,MTR-DIN-06,633.07,Central Quad,Dining Commons & Plaza,920,37.773567,-122.422592,9500.0,Food Services,False,Normal
2026-09-07 20:00:00,MTR-DIN-06,491.66,Central Quad,Dining Commons & Plaza,920,37.773567,-122.422592,9500.0,Food Services,False,Normal
2026-09-07 21:00:00,MTR-DIN-06,367.76,Central Quad,Dining Commons & Plaza,920,37.773567,-122.422592,9500.0,Food Services,False,Normal
2026-09-07 22:00:00,MTR-DIN-06,233.13,Central Quad,Dining Commons & Plaza,920,37.773567,-122.422592,9500.0,Food Services,False,Normal
2026-09-07 23:00:00,MTR-DIN-06,82.95,Central Quad,Dining Commons & Plaza,920,37.773567,-122.422592,9500.0,Food Services,False,Normal
2026-09-08 00:00:00,MTR-DIN-06,90.95,Central Quad,Dining Commons & Plaza,920,37.773567,-122.422592,9500.0,Food Services,False,Normal
2026-09-08 01:00:00,MTR-DIN-06,5.0,Central Quad,Dining Commons & Plaza,920,37.773567,-122.422592,9500.0,Food Services,False,Normal
2026-09-08 02:00:00,MTR-DIN-06,45.23,Central Quad,Dining Commons & Plaza,920,37.773567,-122.422592,9500.0,Food Services,False,Normal
2026-09-08 03:00:00,MTR-DIN-06,72.56,Central Quad,Dining Commons & Plaza,920,37.773567,-122.422592,9500.0,Food Services,False,Normal
2026-09-08 04:00:00,MTR-DIN-06,71.61,Central Quad,Dining Commons & Plaza,920,37.773567,-122.422592,9500.0,Food Services,False,Normal
2026-09-08 05:00:00,MTR-DIN-06,81.91,Central Quad,Dining Commons & Plaza,920,37.773567,-122.422592,9500.0,Food Services,False,Normal
2026-09-08 06:00:00,MTR-DIN-06,295.35,Central Quad,Dining Commons & Plaza,920,37.773567,-122.422592,9500.0,Food Services,False,Normal
2026-09-08 07:00:00,MTR-DIN-06,606.13,Central Quad,Dining Commons & Plaza,920,37.773567,-122.422592,9500.0,Food Services,False,Normal
2026-09-08 08:00:00,MTR-DIN-06,674.22,Central Quad,Dining Commons & Plaza,920,37.773567,-122.422592,9500.0,Food Services,False,Normal
2026-09-08 09:00:00,MTR-DIN-06,583.14,Central Quad,Dining Commons & Plaza,920,37.773567,-122.422592,9500.0,Food Services,False,Normal
2026-09-08 10:00:00,MTR-DIN-06,398.07,Central Quad,Dining Commons & Plaza,920,37.773567,-122.422592,9500.0,Food Services,False,Normal
2026-09-08 11:00:00,MTR-DIN-06,553.43,Central Quad,Dining Commons & Plaza,920,37.773567,-122.422592,9500.0,Food Services,False,Normal
2026-09-08 12:00:00,MTR-DIN-06,637.84,Central Quad,Dining Commons & Plaza,920,37.773567,-122.422592,9500.0,Food Services,False,Normal
2026-09-08 13:00:00,MTR-DIN-06,579.78,Central Quad,Dining Commons & Plaza,920,37.773567,-122.422592,9500.0,Food Services,False,Normal
2026-09-08 14:00:00,MTR-DIN-06,439.12,Central Quad,Dining Commons & Plaza,920,37.773567,-122.422592,9500.0,Food Services,False,Normal
2026-09-08 15:00:00,MTR-DIN-06,485.71,Central Quad,Dining Commons & Plaza,920,37.773567,-122.422592,9500.0,Food Services,False,Normal
2026-09-08 16:00:00,MTR-DIN-06,489.22,Central Quad,Dining Commons & Plaza,920,37.773567,-122.422592,9500.0,Food Services,False,Normal
2026-09-08 17:00:00,MTR-DIN-06,594.08,Central Quad,Dining Commons & Plaza,920,37.773567,-122.422592,9500.0,Food Services,False,Normal
2026-09-08 18:00:00,MTR-DIN-06,595.87,Central Quad,Dining Commons & Plaza,920,37.773567,-122.422592,9500.0,Food Services,False,Normal
2026-09-08 19:00:00,MTR-DIN-06,541.68,Central Quad,Dining Commons & Plaza,920,37.773567,-122.422592,9500.0,Food Services,False,Normal
2026-09-08 20:00:00,MTR-DIN-06,468.83,Central Quad,Dining Commons & Plaza,920,37.773567,-122.422592,9500.0,Food Services,False,Normal
2026-09-08 21:00:00,MTR-DIN-06,376.15,Central Quad,Dining Commons & Plaza,920,37.773567,-122.422592,9500.0,Food Services,False,Normal
2026-09-08 22:00:00,MTR-DIN-06,197.21,Central Quad,Dining Commons & Plaza,920,37.773567,-122.422592,9500.0,Food Services,False,Normal
2026-09-08 23:00:00,MTR-DIN-06,38.77,Central Quad,Dining Commons & Plaza,920,37.773567,-122.422592,9500.0,Food Services,False,Normal
2026-09-09 00:00:00,MTR-DIN-06,36.38,Central Quad,Dining Commons & Plaza,920,37.773567,-122.422592,9500.0,Food Services,False,Normal
2026-09-09 01:00:00,MTR-DIN-06,15.74,Central Quad,Dining Commons & Plaza,920,37.773567,-122.422592,9500.0,Food Services,False,Normal
2026-09-09 02:00:00,MTR-DIN-06,1017.16,Central Quad,Dining Commons & Plaza,920,37.773567,-122.422592,9500.0,Food Services,True,Night-time Usage
2026-09-09 03:00:00,MTR-DIN-06,5.0,Central Quad,Dining Commons & Plaza,920,37.773567,-122.422592,9500.0,Food Services,False,Normal
2026-09-09 04:00:00,MTR-DIN-06,57.94,Central Quad,Dining Commons & Plaza,920,37.773567,-122.422592,9500.0,Food Services,False,Normal
2026-09-09 05:00:00,MTR-DIN-06,114.14,Central Quad,Dining Commons & Plaza,920,37.773567,-122.422592,9500.0,Food Services,False,Normal
2026-09-09 06:00:00,MTR-DIN-06,294.06,Central Quad,Dining Commons & Plaza,920,37.773567,-122.422592,9500.0,Food Services,False,Normal
2026-09-09 07:00:00,MTR-DIN-06,599.6,Central Quad,Dining Commons & Plaza,920,37.773567,-122.422592,9500.0,Food Services,False,Normal
2026-09-09 08:00:00,MTR-DIN-06,662.37,Central Quad,Dining Commons & Plaza,920,37.773567,-122.422592,9500.0,Food Services,False,Normal
2026-09-09 09:00:00,MTR-DIN-06,605.7,Central Quad,Dining Commons & Plaza,920,37.773567,-122.422592,9500.0,Food Services,False,Normal
2026-09-09 10:00:00,MTR-DIN-06,520.68,Central Quad,Dining Commons & Plaza,920,37.773567,-122.422592,9500.0,Food Services,False,Normal
2026-09-09 11:00:00,MTR-DIN-06,520.35,Central Quad,Dining Commons & Plaza,920,37.773567,-122.422592,9500.0,Food Services,False,Normal
2026-09-09 12:00:00,MTR-DIN-06,657.91,Central Quad,Dining Commons & Plaza,920,37.773567,-122.422592,9500.0,Food Services,False,Normal
2026-09-09 13:00:00,MTR-DIN-06,502.21,Central Quad,Dining Commons & Plaza,920,37.773567,-122.422592,9500.0,Food Services,False,Normal
2026-09-09 14:00:00,MTR-DIN-06,492.62,Central Quad,Dining Commons & Plaza,920,37.773567,-122.422592,9500.0,Food Services,False,Normal
2026-09-09 15:00:00,MTR-DIN-06,501.7,Central Quad,Dining Commons & Plaza,920,37.773567,-122.422592,9500.0,Food Services,False,Normal
2026-09-09 16:00:00,MTR-DIN-06,523.21,Central Quad,Dining Commons & Plaza,920,37.773567,-122.422592,9500.0,Food Services,False,Normal
2026-09-09 17:00:00,MTR-DIN-06,667.85,Central Quad,Dining Commons & Plaza,920,37.773567,-122.422592,9500.0,Food Services,False,Normal
2026-09-09 18:00:00,MTR-DIN-06,666.97,Central Quad,Dining Commons & Plaza,920,37.773567,-122.422592,9500.0,Food Services,False,Normal
2026-09-09 19:00:00,MTR-DIN-06,546.73,Central Quad,Dining Commons & Plaza,920,37.773567,-122.422592,9500.0,Food Services,False,Normal
2026-09-09 20:00:00,MTR-DIN-06,450.04,Central Quad,Dining Commons & Plaza,920,37.773567,-122.422592,9500.0,Food Services,False,Normal
2026-09-09 21:00:00,MTR-DIN-06,393.25,Central Quad,Dining Commons & Plaza,920,37.773567,-122.422592,9500.0,Food Services,False,Normal
2026-09-09 22:00:00,MTR-DIN-06,234.36,Central Quad,Dining Commons & Plaza,920,37.773567,-122.422592,9500.0,Food Services,False,Normal
2026-09-09 23:00:00,MTR-DIN-06,104.02,Central Quad,Dining Commons & Plaza,920,37.773567,-122.422592,9500.0,Food Services,False,Normal
2026-09-10 00:00:00,MTR-DIN-06,121.38,Central Quad,Dining Commons & Plaza,920,37.773567,-122.422592,9500.0,Food Services,False,Normal
2026-09-10 01:00:00,MTR-DIN-06,92.0,Central Quad,Dining Commons & Plaza,920,37.773567,-122.422592,9500.0,Food Services,False,Normal
2026-09-10 02:00:00,MTR-DIN-06,39.85,Central Quad,Dining Commons & Plaza,920,37.773567,-122.422592,9500.0,Food Services,False,Normal
2026-09-10 03:00:00,MTR-DIN-06,78.34,Central Quad,Dining Commons & Plaza,920,37.773567,-122.422592,9500.0,Food Services,False,Normal
2026-09-10 04:00:00,MTR-DIN-06,34.37,Central Quad,Dining Commons & Plaza,920,37.773567,-122.422592,9500.0,Food Services,False,Normal
2026-09-10 05:00:00,MTR-DIN-06,124.29,Central Quad,Dining Commons & Plaza,920,37.773567,-122.422592,9500.0,Food Services,False,Normal
2026-09-10 06:00:00,MTR-DIN-06,243.83,Central Quad,Dining Commons & Plaza,920,37.773567,-122.422592,9500.0,Food Services,False,Normal
2026-09-10 07:00:00,MTR-DIN-06,591.82,Central Quad,Dining Commons & Plaza,920,37.773567,-122.422592,9500.0,Food Services,False,Normal
2026-09-10 08:00:00,MTR-DIN-06,637.53,Central Quad,Dining Commons & Plaza,920,37.773567,-122.422592,9500.0,Food Services,False,Normal
2026-09-10 09:00:00,MTR-DIN-06,578.79,Central Quad,Dining Commons & Plaza,920,37.773567,-122.422592,9500.0,Food Services,False,Normal
2026-09-10 10:00:00,MTR-DIN-06,478.5,Central Quad,Dining Commons & Plaza,920,37.773567,-122.422592,9500.0,Food Services,False,Normal
2026-09-10 11:00:00,MTR-DIN-06,605.19,Central Quad,Dining Commons & Plaza,920,37.773567,-122.422592,9500.0,Food Services,False,Normal
2026-09-10 12:00:00,MTR-DIN-06,647.04,Central Quad,Dining Commons & Plaza,920,37.773567,-122.422592,9500.0,Food Services,False,Normal
2026-09-10 13:00:00,MTR-DIN-06,1121.25,Central Quad,Dining Commons & Plaza,920,37.773567,-122.422592,9500.0,Food Services,True,Gradual Increase
2026-09-10 14:00:00,MTR-DIN-06,490.23,Central Quad,Dining Commons & Plaza,920,37.773567,-122.422592,9500.0,Food Services,False,Normal
2026-09-10 15:00:00,MTR-DIN-06,445.48,Central Quad,Dining Commons & Plaza,920,37.773567,-122.422592,9500.0,Food Services,False,Normal
2026-09-10 16:00:00,MTR-DIN-06,467.6,Central Quad,Dining Commons & Plaza,920,37.773567,-122.422592,9500.0,Food Services,False,Normal
2026-09-10 17:00:00,MTR-DIN-06,641.48,Central Quad,Dining Commons & Plaza,920,37.773567,-122.422592,9500.0,Food Services,False,Normal
2026-09-10 18:00:00,MTR-DIN-06,589.97,Central Quad,Dining Commons & Plaza,920,37.773567,-122.422592,9500.0,Food Services,False,Normal
2026-09-10 19:00:00,MTR-DIN-06,27.3,Central Quad,Dining Commons & Plaza,920,37.773567,-122.422592,9500.0,Food Services,True,Sudden Drop
2026-09-10 20:00:00,MTR-DIN-06,454.44,Central Quad,Dining Commons & Plaza,920,37.773567,-122.422592,9500.0,Food Services,False,Normal
2026-09-10 21:00:00,MTR-DIN-06,363.34,Central Quad,Dining Commons & Plaza,920,37.773567,-122.422592,9500.0,Food Services,False,Normal
2026-09-10 22:00:00,MTR-DIN-06,212.84,Central Quad,Dining Commons & Plaza,920,37.773567,-122.422592,9500.0,Food Services,False,Normal
2026-09-10 23:00:00,MTR-DIN-06,1236.19,Central Quad,Dining Commons & Plaza,920,37.773567,-122.422592,9500.0,Food Services,True,Sudden Spike
2026-09-11 00:00:00,MTR-DIN-06,41.57,Central Quad,Dining Commons & Plaza,920,37.773567,-122.422592,9500.0,Food Services,False,Normal
2026-09-11 01:00:00,MTR-DIN-06,36.07,Central Quad,Dining Commons & Plaza,920,37.773567,-122.422592,9500.0,Food Services,False,Normal
2026-09-11 02:00:00,MTR-DIN-06,35.09,Central Quad,Dining Commons & Plaza,920,37.773567,-122.422592,9500.0,Food Services,False,Normal
2026-09-11 03:00:00,MTR-DIN-06,1857.13,Central Quad,Dining Commons & Plaza,920,37.773567,-122.422592,9500.0,Food Services,True,Sudden Spike
2026-09-11 04:00:00,MTR-DIN-06,55.71,Central Quad,Dining Commons & Plaza,920,37.773567,-122.422592,9500.0,Food Services,False,Normal
2026-09-11 05:00:00,MTR-DIN-06,146.91,Central Quad,Dining Commons & Plaza,920,37.773567,-122.422592,9500.0,Food Services,False,Normal
2026-09-11 06:00:00,MTR-DIN-06,245.46,Central Quad,Dining Commons & Plaza,920,37.773567,-122.422592,9500.0,Food Services,False,Normal
2026-09-11 07:00:00,MTR-DIN-06,633.65,Central Quad,Dining Commons & Plaza,920,37.773567,-122.422592,9500.0,Food Services,False,Normal
2026-09-11 08:00:00,MTR-DIN-06,697.81,Central Quad,Dining Commons & Plaza,920,37.773567,-122.422592,9500.0,Food Services,False,Normal
2026-09-11 09:00:00,MTR-DIN-06,572.22,Central Quad,Dining Commons & Plaza,920,37.773567,-122.422592,9500.0,Food Services,False,Normal
2026-09-11 10:00:00,MTR-DIN-06,520.95,Central Quad,Dining Commons & Plaza,920,37.773567,-122.422592,9500.0,Food Services,False,Normal
2026-09-11 11:00:00,MTR-DIN-06,1004.04,Central Quad,Dining Commons & Plaza,920,37.773567,-122.422592,9500.0,Food Services,True,Gradual Increase
2026-09-11 12:00:00,MTR-DIN-06,617.67,Central Quad,Dining Commons & Plaza,920,37.773567,-122.422592,9500.0,Food Services,False,Normal
2026-09-11 13:00:00,MTR-DIN-06,559.57,Central Quad,Dining Commons & Plaza,920,37.773567,-122.422592,9500.0,Food Services,False,Normal
2026-09-11 14:00:00,MTR-DIN-06,460.97,Central Quad,Dining Commons & Plaza,920,37.773567,-122.422592,9500.0,Food Services,False,Normal
2026-09-11 15:00:00,MTR-DIN-06,481.57,Central Quad,Dining Commons & Plaza,920,37.773567,-122.422592,9500.0,Food Services,False,Normal
2026-09-11 16:00:00,MTR-DIN-06,563.29,Central Quad,Dining Commons & Plaza,920,37.773567,-122.422592,9500.0,Food Services,False,Normal
2026-09-11 17:00:00,MTR-DIN-06,538.43,Central Quad,Dining Commons & Plaza,920,37.773567,-122.422592,9500.0,Food Services,False,Normal
2026-09-11 18:00:00,MTR-DIN-06,612.47,Central Quad,Dining Commons & Plaza,920,37.773567,-122.422592,9500.0,Food Services,False,Normal
2026-09-11 19:00:00,MTR-DIN-06,519.79,Central Quad,Dining Commons & Plaza,920,37.773567,-122.422592,9500.0,Food Services,False,Normal
2026-09-11 20:00:00,MTR-DIN-06,502.63,Central Quad,Dining Commons & Plaza,920,37.773567,-122.422592,9500.0,Food Services,False,Normal
2026-09-11 21:00:00,MTR-DIN-06,394.16,Central Quad,Dining Commons & Plaza,920,37.773567,-122.422592,9500.0,Food Services,False,Normal
2026-09-11 22:00:00,MTR-DIN-06,227.65,Central Quad,Dining Commons & Plaza,920,37.773567,-122.422592,9500.0,Food Services,False,Normal
2026-09-11 23:00:00,MTR-DIN-06,79.83,Central Quad,Dining Commons & Plaza,920,37.773567,-122.422592,9500.0,Food Services,False,Normal
2026-09-12 00:00:00,MTR-DIN-06,5.0,Central Quad,Dining Commons & Plaza,920,37.773567,-122.422592,9500.0,Food Services,False,Normal
2026-09-12 01:00:00,MTR-DIN-06,28.76,Central Quad,Dining Commons & Plaza,920,37.773567,-122.422592,9500.0,Food Services,False,Normal
2026-09-12 02:00:00,MTR-DIN-06,9.86,Central Quad,Dining Commons & Plaza,920,37.773567,-122.422592,9500.0,Food Services,False,Normal
2026-09-12 03:00:00,MTR-DIN-06,5.0,Central Quad,Dining Commons & Plaza,920,37.773567,-122.422592,9500.0,Food Services,False,Normal
2026-09-12 04:00:00,MTR-DIN-06,17.0,Central Quad,Dining Commons & Plaza,920,37.773567,-122.422592,9500.0,Food Services,False,Normal
2026-09-12 05:00:00,MTR-DIN-06,30.37,Central Quad,Dining Commons & Plaza,920,37.773567,-122.422592,9500.0,Food Services,False,Normal
2026-09-12 06:00:00,MTR-DIN-06,121.06,Central Quad,Dining Commons & Plaza,920,37.773567,-122.422592,9500.0,Food Services,False,Normal
2026-09-12 07:00:00,MTR-DIN-06,228.72,Central Quad,Dining Commons & Plaza,920,37.773567,-122.422592,9500.0,Food Services,False,Normal
2026-09-12 08:00:00,MTR-DIN-06,228.75,Central Quad,Dining Commons & Plaza,920,37.773567,-122.422592,9500.0,Food Services,False,Normal
2026-09-12 09:00:00,MTR-DIN-06,202.87,Central Quad,Dining Commons & Plaza,920,37.773567,-122.422592,9500.0,Food Services,False,Normal
2026-09-12 10:00:00,MTR-DIN-06,194.39,Central Quad,Dining Commons & Plaza,920,37.773567,-122.422592,9500.0,Food Services,False,Normal
2026-09-12 11:00:00,MTR-DIN-06,203.99,Central Quad,Dining Commons & Plaza,920,37.773567,-122.422592,9500.0,Food Services,False,Normal
2026-09-12 12:00:00,MTR-DIN-06,177.56,Central Quad,Dining Commons & Plaza,920,37.773567,-122.422592,9500.0,Food Services,False,Normal
2026-09-12 13:00:00,MTR-DIN-06,234.3,Central Quad,Dining Commons & Plaza,920,37.773567,-122.422592,9500.0,Food Services,False,Normal
2026-09-12 14:00:00,MTR-DIN-06,251.68,Central Quad,Dining Commons & Plaza,920,37.773567,-122.422592,9500.0,Food Services,False,Normal
2026-09-12 15:00:00,MTR-DIN-06,207.75,Central Quad,Dining Commons & Plaza,920,37.773567,-122.422592,9500.0,Food Services,False,Normal
2026-09-12 16:00:00,MTR-DIN-06,217.15,Central Quad,Dining Commons & Plaza,920,37.773567,-122.422592,9500.0,Food Services,False,Normal
2026-09-12 17:00:00,MTR-DIN-06,197.34,Central Quad,Dining Commons & Plaza,920,37.773567,-122.422592,9500.0,Food Services,False,Normal
2026-09-12 18:00:00,MTR-DIN-06,274.49,Central Quad,Dining Commons & Plaza,920,37.773567,-122.422592,9500.0,Food Services,False,Normal
2026-09-12 19:00:00,MTR-DIN-06,209.22,Central Quad,Dining Commons & Plaza,920,37.773567,-122.422592,9500.0,Food Services,False,Normal
2026-09-12 20:00:00,MTR-DIN-06,202.71,Central Quad,Dining Commons & Plaza,920,37.773567,-122.422592,9500.0,Food Services,False,Normal
2026-09-12 21:00:00,MTR-DIN-06,140.47,Central Quad,Dining Commons & Plaza,920,37.773567,-122.422592,9500.0,Food Services,False,Normal
2026-09-12 22:00:00,MTR-DIN-06,37.77,Central Quad,Dining Commons & Plaza,920,37.773567,-122.422592,9500.0,Food Services,False,Normal
2026-09-12 23:00:00,MTR-DIN-06,33.78,Central Quad,Dining Commons & Plaza,920,37.773567,-122.422592,9500.0,Food Services,False,Normal
2026-09-13 00:00:00,MTR-DIN-06,52.25,Central Quad,Dining Commons & Plaza,920,37.773567,-122.422592,9500.0,Food Services,False,Normal
2026-09-13 01:00:00,MTR-DIN-06,5.0,Central Quad,Dining Commons & Plaza,920,37.773567,-122.422592,9500.0,Food Services,False,Normal
2026-09-13 02:00:00,MTR-DIN-06,20.51,Central Quad,Dining Commons & Plaza,920,37.773567,-122.422592,9500.0,Food Services,False,Normal
2026-09-13 03:00:00,MTR-DIN-06,5.0,Central Quad,Dining Commons & Plaza,920,37.773567,-122.422592,9500.0,Food Services,False,Normal
2026-09-13 04:00:00,MTR-DIN-06,5.0,Central Quad,Dining Commons & Plaza,920,37.773567,-122.422592,9500.0,Food Services,False,Normal
2026-09-13 05:00:00,MTR-DIN-06,5.0,Central Quad,Dining Commons & Plaza,920,37.773567,-122.422592,9500.0,Food Services,False,Normal
2026-09-13 06:00:00,MTR-DIN-06,11.98,Central Quad,Dining Commons & Plaza,920,37.773567,-122.422592,9500.0,Food Services,False,Normal
2026-09-13 07:00:00,MTR-DIN-06,177.67,Central Quad,Dining Commons & Plaza,920,37.773567,-122.422592,9500.0,Food Services,False,Normal
2026-09-13 08:00:00,MTR-DIN-06,217.03,Central Quad,Dining Commons & Plaza,920,37.773567,-122.422592,9500.0,Food Services,False,Normal
2026-09-13 09:00:00,MTR-DIN-06,237.04,Central Quad,Dining Commons & Plaza,920,37.773567,-122.422592,9500.0,Food Services,False,Normal
2026-09-13 10:00:00,MTR-DIN-06,147.21,Central Quad,Dining Commons & Plaza,920,37.773567,-122.422592,9500.0,Food Services,False,Normal
2026-09-13 11:00:00,MTR-DIN-06,169.53,Central Quad,Dining Commons & Plaza,920,37.773567,-122.422592,9500.0,Food Services,False,Normal
2026-09-13 12:00:00,MTR-DIN-06,294.13,Central Quad,Dining Commons & Plaza,920,37.773567,-122.422592,9500.0,Food Services,True,Normal
2026-09-13 13:00:00,MTR-DIN-06,223.09,Central Quad,Dining Commons & Plaza,920,37.773567,-122.422592,9500.0,Food Services,False,Normal
2026-09-13 14:00:00,MTR-DIN-06,97.3,Central Quad,Dining Commons & Plaza,920,37.773567,-122.422592,9500.0,Food Services,False,Normal
2026-09-13 15:00:00,MTR-DIN-06,189.24,Central Quad,Dining Commons & Plaza,920,37.773567,-122.422592,9500.0,Food Services,False,Normal
2026-09-13 16:00:00,MTR-DIN-06,176.31,Central Quad,Dining Commons & Plaza,920,37.773567,-122.422592,9500.0,Food Services,False,Normal
2026-09-13 17:00:00,MTR-DIN-06,232.14,Central Quad,Dining Commons & Plaza,920,37.773567,-122.422592,9500.0,Food Services,False,Normal
2026-09-13 18:00:00,MTR-DIN-06,245.17,Central Quad,Dining Commons & Plaza,920,37.773567,-122.422592,9500.0,Food Services,False,Normal
2026-09-13 19:00:00,MTR-DIN-06,307.76,Central Quad,Dining Commons & Plaza,920,37.773567,-122.422592,9500.0,Food Services,False,Normal
2026-09-13 20:00:00,MTR-DIN-06,149.55,Central Quad,Dining Commons & Plaza,920,37.773567,-122.422592,9500.0,Food Services,False,Normal
2026-09-13 21:00:00,MTR-DIN-06,117.1,Central Quad,Dining Commons & Plaza,920,37.773567,-122.422592,9500.0,Food Services,False,Normal
2026-09-13 22:00:00,MTR-DIN-06,104.73,Central Quad,Dining Commons & Plaza,920,37.773567,-122.422592,9500.0,Food Services,False,Normal
2026-09-13 23:00:00,MTR-DIN-06,5.0,Central Quad,Dining Commons & Plaza,920,37.773567,-122.422592,9500.0,Food Services,False,Normal
2026-09-14 00:00:00,MTR-DIN-06,40.91,Central Quad,Dining Commons & Plaza,920,37.773567,-122.422592,9500.0,Food Services,False,Normal
2026-09-14 01:00:00,MTR-DIN-06,39.75,Central Quad,Dining Commons & Plaza,920,37.773567,-122.422592,9500.0,Food Services,False,Normal
2026-09-14 02:00:00,MTR-DIN-06,4.66,Central Quad,Dining Commons & Plaza,920,37.773567,-122.422592,9500.0,Food Services,True,Sudden Drop
2026-09-14 03:00:00,MTR-DIN-06,1066.31,Central Quad,Dining Commons & Plaza,920,37.773567,-122.422592,9500.0,Food Services,True,Night-time Usage
2026-09-14 04:00:00,MTR-DIN-06,5.0,Central Quad,Dining Commons & Plaza,920,37.773567,-122.422592,9500.0,Food Services,False,Normal
2026-09-14 05:00:00,MTR-DIN-06,185.31,Central Quad,Dining Commons & Plaza,920,37.773567,-122.422592,9500.0,Food Services,False,Normal
2026-09-14 06:00:00,MTR-DIN-06,244.48,Central Quad,Dining Commons & Plaza,920,37.773567,-122.422592,9500.0,Food Services,False,Normal
2026-09-14 07:00:00,MTR-DIN-06,578.81,Central Quad,Dining Commons & Plaza,920,37.773567,-122.422592,9500.0,Food Services,False,Normal
2026-09-14 08:00:00,MTR-DIN-06,754.08,Central Quad,Dining Commons & Plaza,920,37.773567,-122.422592,9500.0,Food Services,False,Normal
2026-09-14 09:00:00,MTR-DIN-06,516.08,Central Quad,Dining Commons & Plaza,920,37.773567,-122.422592,9500.0,Food Services,False,Normal
2026-09-14 10:00:00,MTR-DIN-06,561.71,Central Quad,Dining Commons & Plaza,920,37.773567,-122.422592,9500.0,Food Services,False,Normal
2026-09-14 11:00:00,MTR-DIN-06,583.28,Central Quad,Dining Commons & Plaza,920,37.773567,-122.422592,9500.0,Food Services,False,Normal
2026-09-14 12:00:00,MTR-DIN-06,676.22,Central Quad,Dining Commons & Plaza,920,37.773567,-122.422592,9500.0,Food Services,False,Normal
2026-09-14 13:00:00,MTR-DIN-06,557.24,Central Quad,Dining Commons & Plaza,920,37.773567,-122.422592,9500.0,Food Services,False,Normal
2026-09-14 14:00:00,MTR-DIN-06,518.77,Central Quad,Dining Commons & Plaza,920,37.773567,-122.422592,9500.0,Food Services,True,Normal
2026-09-14 15:00:00,MTR-DIN-06,556.56,Central Quad,Dining Commons & Plaza,920,37.773567,-122.422592,9500.0,Food Services,False,Normal
2026-09-14 16:00:00,MTR-DIN-06,517.77,Central Quad,Dining Commons & Plaza,920,37.773567,-122.422592,9500.0,Food Services,False,Normal
2026-09-14 17:00:00,MTR-DIN-06,667.81,Central Quad,Dining Commons & Plaza,920,37.773567,-122.422592,9500.0,Food Services,False,Normal
2026-09-14 18:00:00,MTR-DIN-06,618.07,Central Quad,Dining Commons & Plaza,920,37.773567,-122.422592,9500.0,Food Services,False,Normal
2026-09-14 19:00:00,MTR-DIN-06,603.66,Central Quad,Dining Commons & Plaza,920,37.773567,-122.422592,9500.0,Food Services,False,Normal
2026-09-14 20:00:00,MTR-DIN-06,436.08,Central Quad,Dining Commons & Plaza,920,37.773567,-122.422592,9500.0,Food Services,False,Normal
2026-09-14 21:00:00,MTR-DIN-06,393.91,Central Quad,Dining Commons & Plaza,920,37.773567,-122.422592,9500.0,Food Services,False,Normal
2026-09-14 22:00:00,MTR-DIN-06,217.41,Central Quad,Dining Commons & Plaza,920,37.773567,-122.422592,9500.0,Food Services,False,Normal
2026-09-14 23:00:00,MTR-DIN-06,153.75,Central Quad,Dining Commons & Plaza,920,37.773567,-122.422592,9500.0,Food Services,False,Normal
2026-09-15 00:00:00,MTR-DIN-06,117.78,Central Quad,Dining Commons & Plaza,920,37.773567,-122.422592,9500.0,Food Services,False,Normal
2026-09-15 01:00:00,MTR-DIN-06,53.15,Central Quad,Dining Commons & Plaza,920,37.773567,-122.422592,9500.0,Food Services,False,Normal
2026-09-15 02:00:00,MTR-DIN-06,396.0,Central Quad,Dining Commons & Plaza,920,37.773567,-122.422592,9500.0,Food Services,True,Gradual Increase
2026-09-15 03:00:00,MTR-DIN-06,111.27,Central Quad,Dining Commons & Plaza,920,37.773567,-122.422592,9500.0,Food Services,False,Normal
2026-09-15 04:00:00,MTR-DIN-06,31.75,Central Quad,Dining Commons & Plaza,920,37.773567,-122.422592,9500.0,Food Services,False,Normal
2026-09-15 05:00:00,MTR-DIN-06,90.25,Central Quad,Dining Commons & Plaza,920,37.773567,-122.422592,9500.0,Food Services,False,Normal
2026-09-15 06:00:00,MTR-DIN-06,271.62,Central Quad,Dining Commons & Plaza,920,37.773567,-122.422592,9500.0,Food Services,False,Normal
2026-09-15 07:00:00,MTR-DIN-06,592.9,Central Quad,Dining Commons & Plaza,920,37.773567,-122.422592,9500.0,Food Services,False,Normal
2026-09-15 08:00:00,MTR-DIN-06,648.98,Central Quad,Dining Commons & Plaza,920,37.773567,-122.422592,9500.0,Food Services,False,Normal
2026-09-15 09:00:00,MTR-DIN-06,590.57,Central Quad,Dining Commons & Plaza,920,37.773567,-122.422592,9500.0,Food Services,False,Normal
2026-09-15 10:00:00,MTR-DIN-06,548.99,Central Quad,Dining Commons & Plaza,920,37.773567,-122.422592,9500.0,Food Services,False,Normal
2026-09-15 11:00:00,MTR-DIN-06,519.61,Central Quad,Dining Commons & Plaza,920,37.773567,-122.422592,9500.0,Food Services,False,Normal
2026-09-15 12:00:00,MTR-DIN-06,696.73,Central Quad,Dining Commons & Plaza,920,37.773567,-122.422592,9500.0,Food Services,False,Normal
2026-09-15 13:00:00,MTR-DIN-06,519.41,Central Quad,Dining Commons & Plaza,920,37.773567,-122.422592,9500.0,Food Services,False,Normal
2026-09-15 14:00:00,MTR-DIN-06,460.94,Central Quad,Dining Commons & Plaza,920,37.773567,-122.422592,9500.0,Food Services,False,Normal
2026-09-15 15:00:00,MTR-DIN-06,501.16,Central Quad,Dining Commons & Plaza,920,37.773567,-122.422592,9500.0,Food Services,False,Normal
2026-09-15 16:00:00,MTR-DIN-06,570.96,Central Quad,Dining Commons & Plaza,920,37.773567,-122.422592,9500.0,Food Services,False,Normal
2026-09-15 17:00:00,MTR-DIN-06,644.57,Central Quad,Dining Commons & Plaza,920,37.773567,-122.422592,9500.0,Food Services,False,Normal
2026-09-15 18:00:00,MTR-DIN-06,641.32,Central Quad,Dining Commons & Plaza,920,37.773567,-122.422592,9500.0,Food Services,False,Normal
2026-09-15 19:00:00,MTR-DIN-06,585.06,Central Quad,Dining Commons & Plaza,920,37.773567,-122.422592,9500.0,Food Services,False,Normal
2026-09-15 20:00:00,MTR-DIN-06,431.18,Central Quad,Dining Commons & Plaza,920,37.773567,-122.422592,9500.0,Food Services,False,Normal
2026-09-15 21:00:00,MTR-DIN-06,401.57,Central Quad,Dining Commons & Plaza,920,37.773567,-122.422592,9500.0,Food Services,False,Normal
2026-09-15 22:00:00,MTR-DIN-06,184.44,Central Quad,Dining Commons & Plaza,920,37.773567,-122.422592,9500.0,Food Services,False,Normal
2026-09-15 23:00:00,MTR-DIN-06,182.46,Central Quad,Dining Commons & Plaza,920,37.773567,-122.422592,9500.0,Food Services,False,Normal
2026-09-16 00:00:00,MTR-DIN-06,67.21,Central Quad,Dining Commons & Plaza,920,37.773567,-122.422592,9500.0,Food Services,False,Normal
2026-09-16 01:00:00,MTR-DIN-06,26.13,Central Quad,Dining Commons & Plaza,920,37.773567,-122.422592,9500.0,Food Services,False,Normal
2026-09-16 02:00:00,MTR-DIN-06,5.0,Central Quad,Dining Commons & Plaza,920,37.773567,-122.422592,9500.0,Food Services,False,Normal
2026-09-16 03:00:00,MTR-DIN-06,63.17,Central Quad,Dining Commons & Plaza,920,37.773567,-122.422592,9500.0,Food Services,False,Normal
2026-09-16 04:00:00,MTR-DIN-06,79.06,Central Quad,Dining Commons & Plaza,920,37.773567,-122.422592,9500.0,Food Services,False,Normal
2026-09-16 05:00:00,MTR-DIN-06,124.67,Central Quad,Dining Commons & Plaza,920,37.773567,-122.422592,9500.0,Food Services,False,Normal
2026-09-16 06:00:00,MTR-DIN-06,274.93,Central Quad,Dining Commons & Plaza,920,37.773567,-122.422592,9500.0,Food Services,False,Normal
2026-09-16 07:00:00,MTR-DIN-06,621.49,Central Quad,Dining Commons & Plaza,920,37.773567,-122.422592,9500.0,Food Services,False,Normal
2026-09-16 08:00:00,MTR-DIN-06,662.8,Central Quad,Dining Commons & Plaza,920,37.773567,-122.422592,9500.0,Food Services,False,Normal
2026-09-16 09:00:00,MTR-DIN-06,507.42,Central Quad,Dining Commons & Plaza,920,37.773567,-122.422592,9500.0,Food Services,False,Normal
2026-09-16 10:00:00,MTR-DIN-06,560.41,Central Quad,Dining Commons & Plaza,920,37.773567,-122.422592,9500.0,Food Services,False,Normal
2026-09-16 11:00:00,MTR-DIN-06,609.29,Central Quad,Dining Commons & Plaza,920,37.773567,-122.422592,9500.0,Food Services,False,Normal
2026-09-16 12:00:00,MTR-DIN-06,680.27,Central Quad,Dining Commons & Plaza,920,37.773567,-122.422592,9500.0,Food Services,False,Normal
2026-09-16 13:00:00,MTR-DIN-06,571.13,Central Quad,Dining Commons & Plaza,920,37.773567,-122.422592,9500.0,Food Services,False,Normal
2026-09-16 14:00:00,MTR-DIN-06,507.4,Central Quad,Dining Commons & Plaza,920,37.773567,-122.422592,9500.0,Food Services,False,Normal
2026-09-16 15:00:00,MTR-DIN-06,467.83,Central Quad,Dining Commons & Plaza,920,37.773567,-122.422592,9500.0,Food Services,False,Normal
2026-09-16 16:00:00,MTR-DIN-06,560.59,Central Quad,Dining Commons & Plaza,920,37.773567,-122.422592,9500.0,Food Services,False,Normal
2026-09-16 17:00:00,MTR-DIN-06,604.16,Central Quad,Dining Commons & Plaza,920,37.773567,-122.422592,9500.0,Food Services,False,Normal
2026-09-16 18:00:00,MTR-DIN-06,633.71,Central Quad,Dining Commons & Plaza,920,37.773567,-122.422592,9500.0,Food Services,False,Normal
2026-09-16 19:00:00,MTR-DIN-06,547.45,Central Quad,Dining Commons & Plaza,920,37.773567,-122.422592,9500.0,Food Services,False,Normal
2026-09-16 20:00:00,MTR-DIN-06,505.1,Central Quad,Dining Commons & Plaza,920,37.773567,-122.422592,9500.0,Food Services,False,Normal
2026-09-16 21:00:00,MTR-DIN-06,376.09,Central Quad,Dining Commons & Plaza,920,37.773567,-122.422592,9500.0,Food Services,False,Normal
2026-09-16 22:00:00,MTR-DIN-06,243.83,Central Quad,Dining Commons & Plaza,920,37.773567,-122.422592,9500.0,Food Services,False,Normal
2026-09-16 23:00:00,MTR-DIN-06,113.1,Central Quad,Dining Commons & Plaza,920,37.773567,-122.422592,9500.0,Food Services,False,Normal
2026-09-17 00:00:00,MTR-DIN-06,21.45,Central Quad,Dining Commons & Plaza,920,37.773567,-122.422592,9500.0,Food Services,False,Normal
2026-09-17 01:00:00,MTR-DIN-06,78.84,Central Quad,Dining Commons & Plaza,920,37.773567,-122.422592,9500.0,Food Services,False,Normal
2026-09-17 02:00:00,MTR-DIN-06,57.94,Central Quad,Dining Commons & Plaza,920,37.773567,-122.422592,9500.0,Food Services,False,Normal
2026-09-17 03:00:00,MTR-DIN-06,27.98,Central Quad,Dining Commons & Plaza,920,37.773567,-122.422592,9500.0,Food Services,False,Normal
2026-09-17 04:00:00,MTR-DIN-06,66.9,Central Quad,Dining Commons & Plaza,920,37.773567,-122.422592,9500.0,Food Services,False,Normal
2026-09-17 05:00:00,MTR-DIN-06,147.68,Central Quad,Dining Commons & Plaza,920,37.773567,-122.422592,9500.0,Food Services,False,Normal
2026-09-17 06:00:00,MTR-DIN-06,307.25,Central Quad,Dining Commons & Plaza,920,37.773567,-122.422592,9500.0,Food Services,False,Normal
2026-09-17 07:00:00,MTR-DIN-06,614.66,Central Quad,Dining Commons & Plaza,920,37.773567,-122.422592,9500.0,Food Services,False,Normal
2026-09-17 08:00:00,MTR-DIN-06,675.6,Central Quad,Dining Commons & Plaza,920,37.773567,-122.422592,9500.0,Food Services,False,Normal
2026-09-17 09:00:00,MTR-DIN-06,568.65,Central Quad,Dining Commons & Plaza,920,37.773567,-122.422592,9500.0,Food Services,False,Normal
2026-09-17 10:00:00,MTR-DIN-06,503.37,Central Quad,Dining Commons & Plaza,920,37.773567,-122.422592,9500.0,Food Services,False,Normal
2026-09-17 11:00:00,MTR-DIN-06,589.58,Central Quad,Dining Commons & Plaza,920,37.773567,-122.422592,9500.0,Food Services,False,Normal
2026-09-17 12:00:00,MTR-DIN-06,634.94,Central Quad,Dining Commons & Plaza,920,37.773567,-122.422592,9500.0,Food Services,False,Normal
2026-09-17 13:00:00,MTR-DIN-06,527.46,Central Quad,Dining Commons & Plaza,920,37.773567,-122.422592,9500.0,Food Services,False,Normal
2026-09-17 14:00:00,MTR-DIN-06,467.16,Central Quad,Dining Commons & Plaza,920,37.773567,-122.422592,9500.0,Food Services,False,Normal
2026-09-17 15:00:00,MTR-DIN-06,470.67,Central Quad,Dining Commons & Plaza,920,37.773567,-122.422592,9500.0,Food Services,False,Normal
2026-09-17 16:00:00,MTR-DIN-06,517.57,Central Quad,Dining Commons & Plaza,920,37.773567,-122.422592,9500.0,Food Services,False,Normal
2026-09-17 17:00:00,MTR-DIN-06,621.55,Central Quad,Dining Commons & Plaza,920,37.773567,-122.422592,9500.0,Food Services,False,Normal
2026-09-17 18:00:00,MTR-DIN-06,586.42,Central Quad,Dining Commons & Plaza,920,37.773567,-122.422592,9500.0,Food Services,False,Normal
2026-09-17 19:00:00,MTR-DIN-06,587.65,Central Quad,Dining Commons & Plaza,920,37.773567,-122.422592,9500.0,Food Services,False,Normal
2026-09-17 20:00:00,MTR-DIN-06,464.32,Central Quad,Dining Commons & Plaza,920,37.773567,-122.422592,9500.0,Food Services,False,Normal
2026-09-17 21:00:00,MTR-DIN-06,309.5,Central Quad,Dining Commons & Plaza,920,37.773567,-122.422592,9500.0,Food Services,False,Normal
2026-09-17 22:00:00,MTR-DIN-06,246.69,Central Quad,Dining Commons & Plaza,920,37.773567,-122.422592,9500.0,Food Services,False,Normal
2026-09-17 23:00:00,MTR-DIN-06,99.25,Central Quad,Dining Commons & Plaza,920,37.773567,-122.422592,9500.0,Food Services,False,Normal
2026-09-18 00:00:00,MTR-DIN-06,127.26,Central Quad,Dining Commons & Plaza,920,37.773567,-122.422592,9500.0,Food Services,False,Normal
2026-09-18 01:00:00,MTR-DIN-06,11.96,Central Quad,Dining Commons & Plaza,920,37.773567,-122.422592,9500.0,Food Services,False,Normal
2026-09-18 02:00:00,MTR-DIN-06,47.62,Central Quad,Dining Commons & Plaza,920,37.773567,-122.422592,9500.0,Food Services,False,Normal
2026-09-18 03:00:00,MTR-DIN-06,6.97,Central Quad,Dining Commons & Plaza,920,37.773567,-122.422592,9500.0,Food Services,False,Normal
2026-09-18 04:00:00,MTR-DIN-06,5.0,Central Quad,Dining Commons & Plaza,920,37.773567,-122.422592,9500.0,Food Services,False,Normal
2026-09-18 05:00:00,MTR-DIN-06,185.01,Central Quad,Dining Commons & Plaza,920,37.773567,-122.422592,9500.0,Food Services,False,Normal
2026-09-18 06:00:00,MTR-DIN-06,240.73,Central Quad,Dining Commons & Plaza,920,37.773567,-122.422592,9500.0,Food Services,False,Normal
2026-09-18 07:00:00,MTR-DIN-06,584.49,Central Quad,Dining Commons & Plaza,920,37.773567,-122.422592,9500.0,Food Services,False,Normal
2026-09-18 08:00:00,MTR-DIN-06,695.58,Central Quad,Dining Commons & Plaza,920,37.773567,-122.422592,9500.0,Food Services,False,Normal
2026-09-18 09:00:00,MTR-DIN-06,569.45,Central Quad,Dining Commons & Plaza,920,37.773567,-122.422592,9500.0,Food Services,False,Normal
2026-09-18 10:00:00,MTR-DIN-06,446.47,Central Quad,Dining Commons & Plaza,920,37.773567,-122.422592,9500.0,Food Services,False,Normal
2026-09-18 11:00:00,MTR-DIN-06,555.9,Central Quad,Dining Commons & Plaza,920,37.773567,-122.422592,9500.0,Food Services,False,Normal
2026-09-18 12:00:00,MTR-DIN-06,623.5,Central Quad,Dining Commons & Plaza,920,37.773567,-122.422592,9500.0,Food Services,False,Normal
2026-09-18 13:00:00,MTR-DIN-06,491.82,Central Quad,Dining Commons & Plaza,920,37.773567,-122.422592,9500.0,Food Services,False,Normal
2026-09-18 14:00:00,MTR-DIN-06,480.53,Central Quad,Dining Commons & Plaza,920,37.773567,-122.422592,9500.0,Food Services,False,Normal
2026-09-18 15:00:00,MTR-DIN-06,556.09,Central Quad,Dining Commons & Plaza,920,37.773567,-122.422592,9500.0,Food Services,False,Normal
2026-09-18 16:00:00,MTR-DIN-06,511.18,Central Quad,Dining Commons & Plaza,920,37.773567,-122.422592,9500.0,Food Services,False,Normal
2026-09-18 17:00:00,MTR-DIN-06,637.72,Central Quad,Dining Commons & Plaza,920,37.773567,-122.422592,9500.0,Food Services,False,Normal
2026-09-18 18:00:00,MTR-DIN-06,631.3,Central Quad,Dining Commons & Plaza,920,37.773567,-122.422592,9500.0,Food Services,False,Normal
2026-09-18 19:00:00,MTR-DIN-06,507.28,Central Quad,Dining Commons & Plaza,920,37.773567,-122.422592,9500.0,Food Services,False,Normal
2026-09-18 20:00:00,MTR-DIN-06,447.98,Central Quad,Dining Commons & Plaza,920,37.773567,-122.422592,9500.0,Food Services,False,Normal
2026-09-18 21:00:00,MTR-DIN-06,402.05,Central Quad,Dining Commons & Plaza,920,37.773567,-122.422592,9500.0,Food Services,False,Normal
2026-09-18 22:00:00,MTR-DIN-06,229.99,Central Quad,Dining Commons & Plaza,920,37.773567,-122.422592,9500.0,Food Services,False,Normal
2026-09-18 23:00:00,MTR-DIN-06,97.07,Central Quad,Dining Commons & Plaza,920,37.773567,-122.422592,9500.0,Food Services,False,Normal
2026-09-19 00:00:00,MTR-DIN-06,5.0,Central Quad,Dining Commons & Plaza,920,37.773567,-122.422592,9500.0,Food Services,False,Normal
2026-09-19 01:00:00,MTR-DIN-06,80.98,Central Quad,Dining Commons & Plaza,920,37.773567,-122.422592,9500.0,Food Services,False,Normal
2026-09-19 02:00:00,MTR-DIN-06,89.43,Central Quad,Dining Commons & Plaza,920,37.773567,-122.422592,9500.0,Food Services,False,Normal
2026-09-19 03:00:00,MTR-DIN-06,24.95,Central Quad,Dining Commons & Plaza,920,37.773567,-122.422592,9500.0,Food Services,False,Normal
2026-09-19 04:00:00,MTR-DIN-06,11.44,Central Quad,Dining Commons & Plaza,920,37.773567,-122.422592,9500.0,Food Services,False,Normal
2026-09-19 05:00:00,MTR-DIN-06,18.7,Central Quad,Dining Commons & Plaza,920,37.773567,-122.422592,9500.0,Food Services,False,Normal
2026-09-19 06:00:00,MTR-DIN-06,93.6,Central Quad,Dining Commons & Plaza,920,37.773567,-122.422592,9500.0,Food Services,False,Normal
2026-09-19 07:00:00,MTR-DIN-06,258.9,Central Quad,Dining Commons & Plaza,920,37.773567,-122.422592,9500.0,Food Services,False,Normal
2026-09-19 08:00:00,MTR-DIN-06,232.6,Central Quad,Dining Commons & Plaza,920,37.773567,-122.422592,9500.0,Food Services,False,Normal
2026-09-19 09:00:00,MTR-DIN-06,169.03,Central Quad,Dining Commons & Plaza,920,37.773567,-122.422592,9500.0,Food Services,False,Normal
2026-09-19 10:00:00,MTR-DIN-06,241.19,Central Quad,Dining Commons & Plaza,920,37.773567,-122.422592,9500.0,Food Services,False,Normal
2026-09-19 11:00:00,MTR-DIN-06,172.19,Central Quad,Dining Commons & Plaza,920,37.773567,-122.422592,9500.0,Food Services,False,Normal
2026-09-19 12:00:00,MTR-DIN-06,207.57,Central Quad,Dining Commons & Plaza,920,37.773567,-122.422592,9500.0,Food Services,False,Normal
2026-09-19 13:00:00,MTR-DIN-06,197.89,Central Quad,Dining Commons & Plaza,920,37.773567,-122.422592,9500.0,Food Services,False,Normal
2026-09-19 14:00:00,MTR-DIN-06,142.58,Central Quad,Dining Commons & Plaza,920,37.773567,-122.422592,9500.0,Food Services,False,Normal
2026-09-19 15:00:00,MTR-DIN-06,186.43,Central Quad,Dining Commons & Plaza,920,37.773567,-122.422592,9500.0,Food Services,False,Normal
2026-09-19 16:00:00,MTR-DIN-06,170.41,Central Quad,Dining Commons & Plaza,920,37.773567,-122.422592,9500.0,Food Services,False,Normal
2026-09-19 17:00:00,MTR-DIN-06,162.95,Central Quad,Dining Commons & Plaza,920,37.773567,-122.422592,9500.0,Food Services,False,Normal
2026-09-19 18:00:00,MTR-DIN-06,242.36,Central Quad,Dining Commons & Plaza,920,37.773567,-122.422592,9500.0,Food Services,False,Normal
2026-09-19 19:00:00,MTR-DIN-06,287.85,Central Quad,Dining Commons & Plaza,920,37.773567,-122.422592,9500.0,Food Services,False,Normal
2026-09-19 20:00:00,MTR-DIN-06,180.35,Central Quad,Dining Commons & Plaza,920,37.773567,-122.422592,9500.0,Food Services,False,Normal
2026-09-19 21:00:00,MTR-DIN-06,193.33,Central Quad,Dining Commons & Plaza,920,37.773567,-122.422592,9500.0,Food Services,False,Normal
2026-09-19 22:00:00,MTR-DIN-06,123.83,Central Quad,Dining Commons & Plaza,920,37.773567,-122.422592,9500.0,Food Services,False,Normal
2026-09-19 23:00:00,MTR-DIN-06,22.06,Central Quad,Dining Commons & Plaza,920,37.773567,-122.422592,9500.0,Food Services,False,Normal
2026-09-20 00:00:00,MTR-DIN-06,17.75,Central Quad,Dining Commons & Plaza,920,37.773567,-122.422592,9500.0,Food Services,False,Normal
2026-09-20 01:00:00,MTR-DIN-06,39.41,Central Quad,Dining Commons & Plaza,920,37.773567,-122.422592,9500.0,Food Services,False,Normal
2026-09-20 02:00:00,MTR-DIN-06,43.92,Central Quad,Dining Commons & Plaza,920,37.773567,-122.422592,9500.0,Food Services,False,Normal
2026-09-20 03:00:00,MTR-DIN-06,24.85,Central Quad,Dining Commons & Plaza,920,37.773567,-122.422592,9500.0,Food Services,False,Normal
2026-09-20 04:00:00,MTR-DIN-06,88.39,Central Quad,Dining Commons & Plaza,920,37.773567,-122.422592,9500.0,Food Services,False,Normal
2026-09-20 05:00:00,MTR-DIN-06,85.39,Central Quad,Dining Commons & Plaza,920,37.773567,-122.422592,9500.0,Food Services,False,Normal
2026-09-20 06:00:00,MTR-DIN-06,554.57,Central Quad,Dining Commons & Plaza,920,37.773567,-122.422592,9500.0,Food Services,True,Gradual Increase
2026-09-20 07:00:00,MTR-DIN-06,1037.5,Central Quad,Dining Commons & Plaza,920,37.773567,-122.422592,9500.0,Food Services,True,Persistent High Usage
2026-09-20 08:00:00,MTR-DIN-06,1005.02,Central Quad,Dining Commons & Plaza,920,37.773567,-122.422592,9500.0,Food Services,True,Persistent High Usage
2026-09-20 09:00:00,MTR-DIN-06,1026.18,Central Quad,Dining Commons & Plaza,920,37.773567,-122.422592,9500.0,Food Services,True,Persistent High Usage
2026-09-20 10:00:00,MTR-DIN-06,1007.82,Central Quad,Dining Commons & Plaza,920,37.773567,-122.422592,9500.0,Food Services,True,Persistent High Usage
2026-09-20 11:00:00,MTR-DIN-06,1031.07,Central Quad,Dining Commons & Plaza,920,37.773567,-122.422592,9500.0,Food Services,True,Persistent High Usage
2026-09-20 12:00:00,MTR-DIN-06,975.95,Central Quad,Dining Commons & Plaza,920,37.773567,-122.422592,9500.0,Food Services,True,Persistent High Usage
2026-09-20 13:00:00,MTR-DIN-06,972.29,Central Quad,Dining Commons & Plaza,920,37.773567,-122.422592,9500.0,Food Services,True,Persistent High Usage
2026-09-20 14:00:00,MTR-DIN-06,974.13,Central Quad,Dining Commons & Plaza,920,37.773567,-122.422592,9500.0,Food Services,True,Persistent High Usage
2026-09-20 15:00:00,MTR-DIN-06,99.4,Central Quad,Dining Commons & Plaza,920,37.773567,-122.422592,9500.0,Food Services,False,Normal
2026-09-20 16:00:00,MTR-DIN-06,225.14,Central Quad,Dining Commons & Plaza,920,37.773567,-122.422592,9500.0,Food Services,False,Normal
2026-09-20 17:00:00,MTR-DIN-06,154.48,Central Quad,Dining Commons & Plaza,920,37.773567,-122.422592,9500.0,Food Services,False,Normal
2026-09-20 18:00:00,MTR-DIN-06,202.39,Central Quad,Dining Commons & Plaza,920,37.773567,-122.422592,9500.0,Food Services,False,Normal
2026-09-20 19:00:00,MTR-DIN-06,145.8,Central Quad,Dining Commons & Plaza,920,37.773567,-122.422592,9500.0,Food Services,False,Normal
2026-09-20 20:00:00,MTR-DIN-06,132.53,Central Quad,Dining Commons & Plaza,920,37.773567,-122.422592,9500.0,Food Services,False,Normal
2026-09-20 21:00:00,MTR-DIN-06,104.01,Central Quad,Dining Commons & Plaza,920,37.773567,-122.422592,9500.0,Food Services,False,Normal
2026-09-20 22:00:00,MTR-DIN-06,5.0,Central Quad,Dining Commons & Plaza,920,37.773567,-122.422592,9500.0,Food Services,False,Normal
2026-09-20 23:00:00,MTR-DIN-06,36.17,Central Quad,Dining Commons & Plaza,920,37.773567,-122.422592,9500.0,Food Services,False,Normal
2026-09-21 00:00:00,MTR-DIN-06,30.96,Central Quad,Dining Commons & Plaza,920,37.773567,-122.422592,9500.0,Food Services,False,Normal
2026-09-21 01:00:00,MTR-DIN-06,73.89,Central Quad,Dining Commons & Plaza,920,37.773567,-122.422592,9500.0,Food Services,False,Normal
2026-09-21 02:00:00,MTR-DIN-06,613.65,Central Quad,Dining Commons & Plaza,920,37.773567,-122.422592,9500.0,Food Services,True,Gradual Increase
2026-09-21 03:00:00,MTR-DIN-06,49.01,Central Quad,Dining Commons & Plaza,920,37.773567,-122.422592,9500.0,Food Services,False,Normal
2026-09-21 04:00:00,MTR-DIN-06,5.0,Central Quad,Dining Commons & Plaza,920,37.773567,-122.422592,9500.0,Food Services,False,Normal
2026-09-21 05:00:00,MTR-DIN-06,104.16,Central Quad,Dining Commons & Plaza,920,37.773567,-122.422592,9500.0,Food Services,False,Normal
2026-09-21 06:00:00,MTR-DIN-06,254.56,Central Quad,Dining Commons & Plaza,920,37.773567,-122.422592,9500.0,Food Services,False,Normal
2026-09-21 07:00:00,MTR-DIN-06,562.2,Central Quad,Dining Commons & Plaza,920,37.773567,-122.422592,9500.0,Food Services,True,Normal
2026-09-21 08:00:00,MTR-DIN-06,632.16,Central Quad,Dining Commons & Plaza,920,37.773567,-122.422592,9500.0,Food Services,False,Normal
2026-09-21 09:00:00,MTR-DIN-06,553.8,Central Quad,Dining Commons & Plaza,920,37.773567,-122.422592,9500.0,Food Services,False,Normal
2026-09-21 10:00:00,MTR-DIN-06,550.49,Central Quad,Dining Commons & Plaza,920,37.773567,-122.422592,9500.0,Food Services,False,Normal
2026-09-21 11:00:00,MTR-DIN-06,596.54,Central Quad,Dining Commons & Plaza,920,37.773567,-122.422592,9500.0,Food Services,False,Normal
2026-09-21 12:00:00,MTR-DIN-06,706.66,Central Quad,Dining Commons & Plaza,920,37.773567,-122.422592,9500.0,Food Services,False,Normal
2026-09-21 13:00:00,MTR-DIN-06,522.81,Central Quad,Dining Commons & Plaza,920,37.773567,-122.422592,9500.0,Food Services,False,Normal
2026-09-21 14:00:00,MTR-DIN-06,494.83,Central Quad,Dining Commons & Plaza,920,37.773567,-122.422592,9500.0,Food Services,False,Normal
2026-09-21 15:00:00,MTR-DIN-06,434.29,Central Quad,Dining Commons & Plaza,920,37.773567,-122.422592,9500.0,Food Services,False,Normal
2026-09-21 16:00:00,MTR-DIN-06,489.55,Central Quad,Dining Commons & Plaza,920,37.773567,-122.422592,9500.0,Food Services,False,Normal
2026-09-21 17:00:00,MTR-DIN-06,603.11,Central Quad,Dining Commons & Plaza,920,37.773567,-122.422592,9500.0,Food Services,False,Normal
2026-09-21 18:00:00,MTR-DIN-06,707.35,Central Quad,Dining Commons & Plaza,920,37.773567,-122.422592,9500.0,Food Services,False,Normal
2026-09-21 19:00:00,MTR-DIN-06,619.08,Central Quad,Dining Commons & Plaza,920,37.773567,-122.422592,9500.0,Food Services,False,Normal
2026-09-21 20:00:00,MTR-DIN-06,438.31,Central Quad,Dining Commons & Plaza,920,37.773567,-122.422592,9500.0,Food Services,False,Normal
2026-09-21 21:00:00,MTR-DIN-06,345.16,Central Quad,Dining Commons & Plaza,920,37.773567,-122.422592,9500.0,Food Services,False,Normal
2026-09-21 22:00:00,MTR-DIN-06,228.66,Central Quad,Dining Commons & Plaza,920,37.773567,-122.422592,9500.0,Food Services,False,Normal
2026-09-21 23:00:00,MTR-DIN-06,92.38,Central Quad,Dining Commons & Plaza,920,37.773567,-122.422592,9500.0,Food Services,False,Normal
2026-09-22 00:00:00,MTR-DIN-06,29.4,Central Quad,Dining Commons & Plaza,920,37.773567,-122.422592,9500.0,Food Services,False,Normal
2026-09-22 01:00:00,MTR-DIN-06,54.05,Central Quad,Dining Commons & Plaza,920,37.773567,-122.422592,9500.0,Food Services,False,Normal
2026-09-22 02:00:00,MTR-DIN-06,5.0,Central Quad,Dining Commons & Plaza,920,37.773567,-122.422592,9500.0,Food Services,False,Normal
2026-09-22 03:00:00,MTR-DIN-06,60.09,Central Quad,Dining Commons & Plaza,920,37.773567,-122.422592,9500.0,Food Services,False,Normal
2026-09-22 04:00:00,MTR-DIN-06,5.0,Central Quad,Dining Commons & Plaza,920,37.773567,-122.422592,9500.0,Food Services,False,Normal
2026-09-22 05:00:00,MTR-DIN-06,163.42,Central Quad,Dining Commons & Plaza,920,37.773567,-122.422592,9500.0,Food Services,False,Normal
2026-09-22 06:00:00,MTR-DIN-06,257.99,Central Quad,Dining Commons & Plaza,920,37.773567,-122.422592,9500.0,Food Services,False,Normal
2026-09-22 07:00:00,MTR-DIN-06,581.28,Central Quad,Dining Commons & Plaza,920,37.773567,-122.422592,9500.0,Food Services,False,Normal
2026-09-22 08:00:00,MTR-DIN-06,739.05,Central Quad,Dining Commons & Plaza,920,37.773567,-122.422592,9500.0,Food Services,False,Normal
2026-09-22 09:00:00,MTR-DIN-06,601.93,Central Quad,Dining Commons & Plaza,920,37.773567,-122.422592,9500.0,Food Services,False,Normal
2026-09-22 10:00:00,MTR-DIN-06,536.26,Central Quad,Dining Commons & Plaza,920,37.773567,-122.422592,9500.0,Food Services,False,Normal
2026-09-22 11:00:00,MTR-DIN-06,601.56,Central Quad,Dining Commons & Plaza,920,37.773567,-122.422592,9500.0,Food Services,False,Normal
2026-09-22 12:00:00,MTR-DIN-06,604.17,Central Quad,Dining Commons & Plaza,920,37.773567,-122.422592,9500.0,Food Services,False,Normal
2026-09-22 13:00:00,MTR-DIN-06,547.21,Central Quad,Dining Commons & Plaza,920,37.773567,-122.422592,9500.0,Food Services,False,Normal
2026-09-22 14:00:00,MTR-DIN-06,530.82,Central Quad,Dining Commons & Plaza,920,37.773567,-122.422592,9500.0,Food Services,False,Normal
2026-09-22 15:00:00,MTR-DIN-06,491.11,Central Quad,Dining Commons & Plaza,920,37.773567,-122.422592,9500.0,Food Services,False,Normal
2026-09-22 16:00:00,MTR-DIN-06,541.71,Central Quad,Dining Commons & Plaza,920,37.773567,-122.422592,9500.0,Food Services,False,Normal
2026-09-22 17:00:00,MTR-DIN-06,607.31,Central Quad,Dining Commons & Plaza,920,37.773567,-122.422592,9500.0,Food Services,False,Normal
2026-09-22 18:00:00,MTR-DIN-06,654.59,Central Quad,Dining Commons & Plaza,920,37.773567,-122.422592,9500.0,Food Services,False,Normal
2026-09-22 19:00:00,MTR-DIN-06,589.81,Central Quad,Dining Commons & Plaza,920,37.773567,-122.422592,9500.0,Food Services,False,Normal
2026-09-22 20:00:00,MTR-DIN-06,432.44,Central Quad,Dining Commons & Plaza,920,37.773567,-122.422592,9500.0,Food Services,False,Normal
2026-09-22 21:00:00,MTR-DIN-06,382.83,Central Quad,Dining Commons & Plaza,920,37.773567,-122.422592,9500.0,Food Services,False,Normal
2026-09-22 22:00:00,MTR-DIN-06,212.22,Central Quad,Dining Commons & Plaza,920,37.773567,-122.422592,9500.0,Food Services,False,Normal
2026-09-22 23:00:00,MTR-DIN-06,149.5,Central Quad,Dining Commons & Plaza,920,37.773567,-122.422592,9500.0,Food Services,False,Normal
2026-09-23 00:00:00,MTR-DIN-06,21.27,Central Quad,Dining Commons & Plaza,920,37.773567,-122.422592,9500.0,Food Services,False,Normal
2026-09-23 01:00:00,MTR-DIN-06,5.0,Central Quad,Dining Commons & Plaza,920,37.773567,-122.422592,9500.0,Food Services,False,Normal
2026-09-23 02:00:00,MTR-DIN-06,59.75,Central Quad,Dining Commons & Plaza,920,37.773567,-122.422592,9500.0,Food Services,False,Normal
2026-09-23 03:00:00,MTR-DIN-06,5.0,Central Quad,Dining Commons & Plaza,920,37.773567,-122.422592,9500.0,Food Services,False,Normal
2026-09-23 04:00:00,MTR-DIN-06,57.35,Central Quad,Dining Commons & Plaza,920,37.773567,-122.422592,9500.0,Food Services,False,Normal
2026-09-23 05:00:00,MTR-DIN-06,172.43,Central Quad,Dining Commons & Plaza,920,37.773567,-122.422592,9500.0,Food Services,False,Normal
2026-09-23 06:00:00,MTR-DIN-06,249.34,Central Quad,Dining Commons & Plaza,920,37.773567,-122.422592,9500.0,Food Services,False,Normal
2026-09-23 07:00:00,MTR-DIN-06,534.73,Central Quad,Dining Commons & Plaza,920,37.773567,-122.422592,9500.0,Food Services,False,Normal
2026-09-23 08:00:00,MTR-DIN-06,601.51,Central Quad,Dining Commons & Plaza,920,37.773567,-122.422592,9500.0,Food Services,False,Normal
2026-09-23 09:00:00,MTR-DIN-06,517.96,Central Quad,Dining Commons & Plaza,920,37.773567,-122.422592,9500.0,Food Services,False,Normal
2026-09-23 10:00:00,MTR-DIN-06,516.25,Central Quad,Dining Commons & Plaza,920,37.773567,-122.422592,9500.0,Food Services,False,Normal
2026-09-23 11:00:00,MTR-DIN-06,547.54,Central Quad,Dining Commons & Plaza,920,37.773567,-122.422592,9500.0,Food Services,False,Normal
2026-09-23 12:00:00,MTR-DIN-06,599.05,Central Quad,Dining Commons & Plaza,920,37.773567,-122.422592,9500.0,Food Services,False,Normal
2026-09-23 13:00:00,MTR-DIN-06,588.67,Central Quad,Dining Commons & Plaza,920,37.773567,-122.422592,9500.0,Food Services,False,Normal
2026-09-23 14:00:00,MTR-DIN-06,472.73,Central Quad,Dining Commons & Plaza,920,37.773567,-122.422592,9500.0,Food Services,False,Normal
2026-09-23 15:00:00,MTR-DIN-06,494.79,Central Quad,Dining Commons & Plaza,920,37.773567,-122.422592,9500.0,Food Services,False,Normal
2026-09-23 16:00:00,MTR-DIN-06,474.55,Central Quad,Dining Commons & Plaza,920,37.773567,-122.422592,9500.0,Food Services,False,Normal
2026-09-23 17:00:00,MTR-DIN-06,566.02,Central Quad,Dining Commons & Plaza,920,37.773567,-122.422592,9500.0,Food Services,False,Normal
2026-09-23 18:00:00,MTR-DIN-06,685.62,Central Quad,Dining Commons & Plaza,920,37.773567,-122.422592,9500.0,Food Services,False,Normal
2026-09-23 19:00:00,MTR-DIN-06,542.28,Central Quad,Dining Commons & Plaza,920,37.773567,-122.422592,9500.0,Food Services,False,Normal
2026-09-23 20:00:00,MTR-DIN-06,464.09,Central Quad,Dining Commons & Plaza,920,37.773567,-122.422592,9500.0,Food Services,False,Normal
2026-09-23 21:00:00,MTR-DIN-06,315.69,Central Quad,Dining Commons & Plaza,920,37.773567,-122.422592,9500.0,Food Services,False,Normal
2026-09-23 22:00:00,MTR-DIN-06,13.28,Central Quad,Dining Commons & Plaza,920,37.773567,-122.422592,9500.0,Food Services,True,Sudden Drop
2026-09-23 23:00:00,MTR-DIN-06,116.25,Central Quad,Dining Commons & Plaza,920,37.773567,-122.422592,9500.0,Food Services,False,Normal
2026-09-24 00:00:00,MTR-DIN-06,68.46,Central Quad,Dining Commons & Plaza,920,37.773567,-122.422592,9500.0,Food Services,False,Normal
2026-09-24 01:00:00,MTR-DIN-06,5.0,Central Quad,Dining Commons & Plaza,920,37.773567,-122.422592,9500.0,Food Services,False,Normal
2026-09-24 02:00:00,MTR-DIN-06,29.49,Central Quad,Dining Commons & Plaza,920,37.773567,-122.422592,9500.0,Food Services,False,Normal
2026-09-24 03:00:00,MTR-DIN-06,59.38,Central Quad,Dining Commons & Plaza,920,37.773567,-122.422592,9500.0,Food Services,False,Normal
2026-09-24 04:00:00,MTR-DIN-06,26.14,Central Quad,Dining Commons & Plaza,920,37.773567,-122.422592,9500.0,Food Services,False,Normal
2026-09-24 05:00:00,MTR-DIN-06,48.45,Central Quad,Dining Commons & Plaza,920,37.773567,-122.422592,9500.0,Food Services,False,Normal
2026-09-24 06:00:00,MTR-DIN-06,250.39,Central Quad,Dining Commons & Plaza,920,37.773567,-122.422592,9500.0,Food Services,False,Normal
2026-09-24 07:00:00,MTR-DIN-06,592.8,Central Quad,Dining Commons & Plaza,920,37.773567,-122.422592,9500.0,Food Services,False,Normal
2026-09-24 08:00:00,MTR-DIN-06,697.09,Central Quad,Dining Commons & Plaza,920,37.773567,-122.422592,9500.0,Food Services,False,Normal
2026-09-24 09:00:00,MTR-DIN-06,538.37,Central Quad,Dining Commons & Plaza,920,37.773567,-122.422592,9500.0,Food Services,False,Normal
2026-09-24 10:00:00,MTR-DIN-06,527.78,Central Quad,Dining Commons & Plaza,920,37.773567,-122.422592,9500.0,Food Services,False,Normal
2026-09-24 11:00:00,MTR-DIN-06,580.61,Central Quad,Dining Commons & Plaza,920,37.773567,-122.422592,9500.0,Food Services,False,Normal
2026-09-24 12:00:00,MTR-DIN-06,619.5,Central Quad,Dining Commons & Plaza,920,37.773567,-122.422592,9500.0,Food Services,False,Normal
2026-09-24 13:00:00,MTR-DIN-06,518.53,Central Quad,Dining Commons & Plaza,920,37.773567,-122.422592,9500.0,Food Services,False,Normal
2026-09-24 14:00:00,MTR-DIN-06,444.7,Central Quad,Dining Commons & Plaza,920,37.773567,-122.422592,9500.0,Food Services,False,Normal
2026-09-24 15:00:00,MTR-DIN-06,534.1,Central Quad,Dining Commons & Plaza,920,37.773567,-122.422592,9500.0,Food Services,False,Normal
2026-09-24 16:00:00,MTR-DIN-06,526.99,Central Quad,Dining Commons & Plaza,920,37.773567,-122.422592,9500.0,Food Services,False,Normal
2026-09-24 17:00:00,MTR-DIN-06,554.72,Central Quad,Dining Commons & Plaza,920,37.773567,-122.422592,9500.0,Food Services,False,Normal
2026-09-24 18:00:00,MTR-DIN-06,688.72,Central Quad,Dining Commons & Plaza,920,37.773567,-122.422592,9500.0,Food Services,False,Normal
2026-09-24 19:00:00,MTR-DIN-06,520.61,Central Quad,Dining Commons & Plaza,920,37.773567,-122.422592,9500.0,Food Services,False,Normal
